v 0.0000000000e0 -1.0000000000e0 -1.0000000000e0
v 1.3274336283e-1 -9.9115044248e-1 -1.0000000000e0
v 2.8000000000e-1 -9.6000000000e-1 -1.0000000000e0
v 4.3820224719e-1 -8.9887640449e-1 -1.0000000000e0
v 6.0000000000e-1 -8.0000000000e-1 -1.0000000000e0
v 7.5342465753e-1 -6.5753424658e-1 -1.0000000000e0
v 8.8235294118e-1 -4.7058823529e-1 -1.0000000000e0
v 9.6923076923e-1 -2.4615384615e-1 -1.0000000000e0
v 1.0000000000e0 0.0000000000e0 -1.0000000000e0
v 9.6923076923e-1 2.4615384615e-1 -1.0000000000e0
v 8.8235294118e-1 4.7058823529e-1 -1.0000000000e0
v 7.5342465753e-1 6.5753424658e-1 -1.0000000000e0
v 6.0000000000e-1 8.0000000000e-1 -1.0000000000e0
v 4.3820224719e-1 8.9887640449e-1 -1.0000000000e0
v 2.8000000000e-1 9.6000000000e-1 -1.0000000000e0
v 1.3274336283e-1 9.9115044248e-1 -1.0000000000e0
v 0.0000000000e0 1.0000000000e0 -1.0000000000e0
v 0.0000000000e0 8.7500000000e-1 -5.3125000000e-1
v 0.0000000000e0 7.5000000000e-1 -1.2500000000e-1
v 0.0000000000e0 6.2500000000e-1 2.1875000000e-1
v 0.0000000000e0 5.0000000000e-1 5.0000000000e-1
v 0.0000000000e0 3.7500000000e-1 7.1875000000e-1
v 0.0000000000e0 2.5000000000e-1 8.7500000000e-1
v 0.0000000000e0 1.2500000000e-1 9.6875000000e-1
v 0.0000000000e0 0.0000000000e0 1.0000000000e0
v 0.0000000000e0 -1.2500000000e-1 9.6875000000e-1
v 0.0000000000e0 -2.5000000000e-1 8.7500000000e-1
v 0.0000000000e0 -3.7500000000e-1 7.1875000000e-1
v 0.0000000000e0 -5.0000000000e-1 5.0000000000e-1
v 0.0000000000e0 -6.2500000000e-1 2.1875000000e-1
v 0.0000000000e0 -7.5000000000e-1 -1.2500000000e-1
v 0.0000000000e0 -8.7500000000e-1 -5.3125000000e-1
v 6.2500000000e-2 -8.7500000000e-1 -5.3906250000e-1
v 6.2500000000e-2 -7.5000000000e-1 -1.3281250000e-1
v 6.2500000000e-2 -6.2500000000e-1 2.1093750000e-1
v 6.2500000000e-2 -5.0000000000e-1 4.9218750000e-1
v 6.2500000000e-2 -3.7500000000e-1 7.1093750000e-1
v 6.2500000000e-2 -2.5000000000e-1 8.6718750000e-1
v 6.2500000000e-2 -1.2500000000e-1 9.6093750000e-1
v 6.2500000000e-2 0.0000000000e0 9.9218750000e-1
v 6.2500000000e-2 1.2500000000e-1 9.6093750000e-1
v 6.2500000000e-2 2.5000000000e-1 8.6718750000e-1
v 6.2500000000e-2 3.7500000000e-1 7.1093750000e-1
v 6.2500000000e-2 5.0000000000e-1 4.9218750000e-1
v 6.2500000000e-2 6.2500000000e-1 2.1093750000e-1
v 6.2500000000e-2 7.5000000000e-1 -1.3281250000e-1
v 6.2500000000e-2 8.7500000000e-1 -5.3906250000e-1
v 1.2500000000e-1 -8.7500000000e-1 -5.6250000000e-1
v 1.2500000000e-1 -7.5000000000e-1 -1.5625000000e-1
v 1.2500000000e-1 -6.2500000000e-1 1.8750000000e-1
v 1.2500000000e-1 -5.0000000000e-1 4.6875000000e-1
v 1.2500000000e-1 -3.7500000000e-1 6.8750000000e-1
v 1.2500000000e-1 -2.5000000000e-1 8.4375000000e-1
v 1.2500000000e-1 -1.2500000000e-1 9.3750000000e-1
v 1.2500000000e-1 0.0000000000e0 9.6875000000e-1
v 1.2500000000e-1 1.2500000000e-1 9.3750000000e-1
v 1.2500000000e-1 2.5000000000e-1 8.4375000000e-1
v 1.2500000000e-1 3.7500000000e-1 6.8750000000e-1
v 1.2500000000e-1 5.0000000000e-1 4.6875000000e-1
v 1.2500000000e-1 6.2500000000e-1 1.8750000000e-1
v 1.2500000000e-1 7.5000000000e-1 -1.5625000000e-1
v 1.2500000000e-1 8.7500000000e-1 -5.6250000000e-1
v 1.8750000000e-1 -8.7500000000e-1 -6.0156250000e-1
v 1.8750000000e-1 -7.5000000000e-1 -1.9531250000e-1
v 1.8750000000e-1 -6.2500000000e-1 1.4843750000e-1
v 1.8750000000e-1 -5.0000000000e-1 4.2968750000e-1
v 1.8750000000e-1 -3.7500000000e-1 6.4843750000e-1
v 1.8750000000e-1 -2.5000000000e-1 8.0468750000e-1
v 1.8750000000e-1 -1.2500000000e-1 8.9843750000e-1
v 1.8750000000e-1 0.0000000000e0 9.2968750000e-1
v 1.8750000000e-1 1.2500000000e-1 8.9843750000e-1
v 1.8750000000e-1 2.5000000000e-1 8.0468750000e-1
v 1.8750000000e-1 3.7500000000e-1 6.4843750000e-1
v 1.8750000000e-1 5.0000000000e-1 4.2968750000e-1
v 1.8750000000e-1 6.2500000000e-1 1.4843750000e-1
v 1.8750000000e-1 7.5000000000e-1 -1.9531250000e-1
v 1.8750000000e-1 8.7500000000e-1 -6.0156250000e-1
v 2.5000000000e-1 -8.7500000000e-1 -6.5625000000e-1
v 2.5000000000e-1 -7.5000000000e-1 -2.5000000000e-1
v 2.5000000000e-1 -6.2500000000e-1 9.3750000000e-2
v 2.5000000000e-1 -5.0000000000e-1 3.7500000000e-1
v 2.5000000000e-1 -3.7500000000e-1 5.9375000000e-1
v 2.5000000000e-1 -2.5000000000e-1 7.5000000000e-1
v 2.5000000000e-1 -1.2500000000e-1 8.4375000000e-1
v 2.5000000000e-1 0.0000000000e0 8.7500000000e-1
v 2.5000000000e-1 1.2500000000e-1 8.4375000000e-1
v 2.5000000000e-1 2.5000000000e-1 7.5000000000e-1
v 2.5000000000e-1 3.7500000000e-1 5.9375000000e-1
v 2.5000000000e-1 5.0000000000e-1 3.7500000000e-1
v 2.5000000000e-1 6.2500000000e-1 9.3750000000e-2
v 2.5000000000e-1 7.5000000000e-1 -2.5000000000e-1
v 2.5000000000e-1 8.7500000000e-1 -6.5625000000e-1
v 3.1250000000e-1 -8.7500000000e-1 -7.2656250000e-1
v 3.1250000000e-1 -7.5000000000e-1 -3.2031250000e-1
v 3.1250000000e-1 -6.2500000000e-1 2.3437500000e-2
v 3.1250000000e-1 -5.0000000000e-1 3.0468750000e-1
v 3.1250000000e-1 -3.7500000000e-1 5.2343750000e-1
v 3.1250000000e-1 -2.5000000000e-1 6.7968750000e-1
v 3.1250000000e-1 -1.2500000000e-1 7.7343750000e-1
v 3.1250000000e-1 0.0000000000e0 8.0468750000e-1
v 3.1250000000e-1 1.2500000000e-1 7.7343750000e-1
v 3.1250000000e-1 2.5000000000e-1 6.7968750000e-1
v 3.1250000000e-1 3.7500000000e-1 5.2343750000e-1
v 3.1250000000e-1 5.0000000000e-1 3.0468750000e-1
v 3.1250000000e-1 6.2500000000e-1 2.3437500000e-2
v 3.1250000000e-1 7.5000000000e-1 -3.2031250000e-1
v 3.1250000000e-1 8.7500000000e-1 -7.2656250000e-1
v 3.7500000000e-1 -8.7500000000e-1 -8.1250000000e-1
v 3.7500000000e-1 -7.5000000000e-1 -4.0625000000e-1
v 3.7500000000e-1 -6.2500000000e-1 -6.2500000000e-2
v 3.7500000000e-1 -5.0000000000e-1 2.1875000000e-1
v 3.7500000000e-1 -3.7500000000e-1 4.3750000000e-1
v 3.7500000000e-1 -2.5000000000e-1 5.9375000000e-1
v 3.7500000000e-1 -1.2500000000e-1 6.8750000000e-1
v 3.7500000000e-1 0.0000000000e0 7.1875000000e-1
v 3.7500000000e-1 1.2500000000e-1 6.8750000000e-1
v 3.7500000000e-1 2.5000000000e-1 5.9375000000e-1
v 3.7500000000e-1 3.7500000000e-1 4.3750000000e-1
v 3.7500000000e-1 5.0000000000e-1 2.1875000000e-1
v 3.7500000000e-1 6.2500000000e-1 -6.2500000000e-2
v 3.7500000000e-1 7.5000000000e-1 -4.0625000000e-1
v 3.7500000000e-1 8.7500000000e-1 -8.1250000000e-1
v 4.3750000000e-1 -8.7500000000e-1 -9.1406250000e-1
v 4.3750000000e-1 -7.5000000000e-1 -5.0781250000e-1
v 4.3750000000e-1 -6.2500000000e-1 -1.6406250000e-1
v 4.3750000000e-1 -5.0000000000e-1 1.1718750000e-1
v 4.3750000000e-1 -3.7500000000e-1 3.3593750000e-1
v 4.3750000000e-1 -2.5000000000e-1 4.9218750000e-1
v 4.3750000000e-1 -1.2500000000e-1 5.8593750000e-1
v 4.3750000000e-1 0.0000000000e0 6.1718750000e-1
v 4.3750000000e-1 1.2500000000e-1 5.8593750000e-1
v 4.3750000000e-1 2.5000000000e-1 4.9218750000e-1
v 4.3750000000e-1 3.7500000000e-1 3.3593750000e-1
v 4.3750000000e-1 5.0000000000e-1 1.1718750000e-1
v 4.3750000000e-1 6.2500000000e-1 -1.6406250000e-1
v 4.3750000000e-1 7.5000000000e-1 -5.0781250000e-1
v 4.3750000000e-1 8.7500000000e-1 -9.1406250000e-1
v 5.0000000000e-1 -7.5000000000e-1 -6.2500000000e-1
v 5.0000000000e-1 -6.2500000000e-1 -2.8125000000e-1
v 5.0000000000e-1 -5.0000000000e-1 -2.3869795029e-15
v 5.0000000000e-1 -3.7500000000e-1 2.1875000000e-1
v 5.0000000000e-1 -2.5000000000e-1 3.7500000000e-1
v 5.0000000000e-1 -1.2500000000e-1 4.6875000000e-1
v 5.0000000000e-1 0.0000000000e0 5.0000000000e-1
v 5.0000000000e-1 1.2500000000e-1 4.6875000000e-1
v 5.0000000000e-1 2.5000000000e-1 3.7500000000e-1
v 5.0000000000e-1 3.7500000000e-1 2.1875000000e-1
v 5.0000000000e-1 5.0000000000e-1 -2.5535129566e-15
v 5.0000000000e-1 6.2500000000e-1 -2.8125000000e-1
v 5.0000000000e-1 7.5000000000e-1 -6.2500000000e-1
v 5.6250000000e-1 -7.5000000000e-1 -7.5781250000e-1
v 5.6250000000e-1 -6.2500000000e-1 -4.1406250000e-1
v 5.6250000000e-1 -5.0000000000e-1 -1.3281250000e-1
v 5.6250000000e-1 -3.7500000000e-1 8.5937500000e-2
v 5.6250000000e-1 -2.5000000000e-1 2.4218750000e-1
v 5.6250000000e-1 -1.2500000000e-1 3.3593750000e-1
v 5.6250000000e-1 0.0000000000e0 3.6718750000e-1
v 5.6250000000e-1 1.2500000000e-1 3.3593750000e-1
v 5.6250000000e-1 2.5000000000e-1 2.4218750000e-1
v 5.6250000000e-1 3.7500000000e-1 8.5937500000e-2
v 5.6250000000e-1 5.0000000000e-1 -1.3281250000e-1
v 5.6250000000e-1 6.2500000000e-1 -4.1406250000e-1
v 5.6250000000e-1 7.5000000000e-1 -7.5781250000e-1
v 6.2500000000e-1 -7.5000000000e-1 -9.0625000000e-1
v 6.2500000000e-1 -6.2500000000e-1 -5.6250000000e-1
v 6.2500000000e-1 -5.0000000000e-1 -2.8125000000e-1
v 6.2500000000e-1 -3.7500000000e-1 -6.2500000000e-2
v 6.2500000000e-1 -2.5000000000e-1 9.3750000000e-2
v 6.2500000000e-1 -1.2500000000e-1 1.8750000000e-1
v 6.2500000000e-1 0.0000000000e0 2.1875000000e-1
v 6.2500000000e-1 1.2500000000e-1 1.8750000000e-1
v 6.2500000000e-1 2.5000000000e-1 9.3750000000e-2
v 6.2500000000e-1 3.7500000000e-1 -6.2500000000e-2
v 6.2500000000e-1 5.0000000000e-1 -2.8125000000e-1
v 6.2500000000e-1 6.2500000000e-1 -5.6250000000e-1
v 6.2500000000e-1 7.5000000000e-1 -9.0625000000e-1
v 6.8750000000e-1 -6.2500000000e-1 -7.2656250000e-1
v 6.8750000000e-1 -5.0000000000e-1 -4.4531250000e-1
v 6.8750000000e-1 -3.7500000000e-1 -2.2656250000e-1
v 6.8750000000e-1 -2.5000000000e-1 -7.0312500000e-2
v 6.8750000000e-1 -1.2500000000e-1 2.3437500000e-2
v 6.8750000000e-1 0.0000000000e0 5.4687500000e-2
v 6.8750000000e-1 1.2500000000e-1 2.3437500000e-2
v 6.8750000000e-1 2.5000000000e-1 -7.0312500000e-2
v 6.8750000000e-1 3.7500000000e-1 -2.2656250000e-1
v 6.8750000000e-1 5.0000000000e-1 -4.4531250000e-1
v 6.8750000000e-1 6.2500000000e-1 -7.2656250000e-1
v 7.5000000000e-1 -6.2500000000e-1 -9.0625000000e-1
v 7.5000000000e-1 -5.0000000000e-1 -6.2500000000e-1
v 7.5000000000e-1 -3.7500000000e-1 -4.0625000000e-1
v 7.5000000000e-1 -2.5000000000e-1 -2.5000000000e-1
v 7.5000000000e-1 -1.2500000000e-1 -1.5625000000e-1
v 7.5000000000e-1 0.0000000000e0 -1.2500000000e-1
v 7.5000000000e-1 1.2500000000e-1 -1.5625000000e-1
v 7.5000000000e-1 2.5000000000e-1 -2.5000000000e-1
v 7.5000000000e-1 3.7500000000e-1 -4.0625000000e-1
v 7.5000000000e-1 5.0000000000e-1 -6.2500000000e-1
v 7.5000000000e-1 6.2500000000e-1 -9.0625000000e-1
v 8.1250000000e-1 -5.0000000000e-1 -8.2031250000e-1
v 8.1250000000e-1 -3.7500000000e-1 -6.0156250000e-1
v 8.1250000000e-1 -2.5000000000e-1 -4.4531250000e-1
v 8.1250000000e-1 -1.2500000000e-1 -3.5156250000e-1
v 8.1250000000e-1 0.0000000000e0 -3.2031250000e-1
v 8.1250000000e-1 1.2500000000e-1 -3.5156250000e-1
v 8.1250000000e-1 2.5000000000e-1 -4.4531250000e-1
v 8.1250000000e-1 3.7500000000e-1 -6.0156250000e-1
v 8.1250000000e-1 5.0000000000e-1 -8.2031250000e-1
v 8.7500000000e-1 -3.7500000000e-1 -8.1250000000e-1
v 8.7500000000e-1 -2.5000000000e-1 -6.5625000000e-1
v 8.7500000000e-1 -1.2500000000e-1 -5.6250000000e-1
v 8.7500000000e-1 0.0000000000e0 -5.3125000000e-1
v 8.7500000000e-1 1.2500000000e-1 -5.6250000000e-1
v 8.7500000000e-1 2.5000000000e-1 -6.5625000000e-1
v 8.7500000000e-1 3.7500000000e-1 -8.1250000000e-1
v 9.3750000000e-1 -2.5000000000e-1 -8.8281250000e-1
v 9.3750000000e-1 -1.2500000000e-1 -7.8906250000e-1
v 9.3750000000e-1 0.0000000000e0 -7.5781250000e-1
v 9.3750000000e-1 1.2500000000e-1 -7.8906250000e-1
v 9.3750000000e-1 2.5000000000e-1 -8.8281250000e-1
v 6.2500000000e-2 -9.9583333333e-1 -9.9118055556e-1
v 6.2500000000e-2 9.9583333333e-1 -9.9118055556e-1
v 1.2500000000e-1 -9.9166666667e-1 -9.9805555556e-1
v 1.2500000000e-1 9.9166666667e-1 -9.9805555556e-1
v 1.8750000000e-1 -9.7956730769e-1 -9.8941672060e-1
v 1.8750000000e-1 9.7956730769e-1 -9.8941672060e-1
v 2.5000000000e-1 -9.6634615385e-1 -9.9264977811e-1
v 2.5000000000e-1 9.6634615385e-1 -9.9264977811e-1
v 3.1250000000e-1 -9.4744318182e-1 -9.9060966555e-1
v 3.1250000000e-1 9.4744318182e-1 -9.9060966555e-1
v 3.7500000000e-1 -9.2329545455e-1 -9.8619899277e-1
v 3.7500000000e-1 9.2329545455e-1 -9.8619899277e-1
v 4.3750000000e-1 -8.9914772727e-1 -9.9974577092e-1
v 4.3750000000e-1 8.9914772727e-1 -9.9974577092e-1
v 5.0000000000e-1 -8.6111111111e-1 -9.8302469136e-1
v 5.0000000000e-1 8.6111111111e-1 -9.8302469136e-1
v 5.6250000000e-1 -8.2291666667e-1 -9.8719618056e-1
v 5.6250000000e-1 8.2291666667e-1 -9.8719618056e-1
v 6.2500000000e-1 -7.7678571429e-1 -9.8804209184e-1
v 6.2500000000e-1 7.7678571429e-1 -9.8804209184e-1
v 6.8750000000e-1 -7.1875000000e-1 -9.7851562500e-1
v 6.8750000000e-1 7.1875000000e-1 -9.7851562500e-1
v 7.5000000000e-1 -6.6071428571e-1 -9.9808673469e-1
v 7.5000000000e-1 6.6071428571e-1 -9.9808673469e-1
v 8.1250000000e-1 -5.7187500000e-1 -9.7439453125e-1
v 8.1250000000e-1 5.7187500000e-1 -9.7439453125e-1
v 8.7500000000e-1 -4.8125000000e-1 -9.9445312500e-1
v 8.7500000000e-1 4.8125000000e-1 -9.9445312500e-1
v 9.3750000000e-1 -3.2812500000e-1 -9.7314453125e-1
v 9.3750000000e-1 3.2812500000e-1 -9.7314453125e-1
v 4.7727272727e-1 -8.7500000000e-1 -9.8682851240e-1
v 6.5384615385e-1 -7.5000000000e-1 -9.8002958580e-1
v 7.7586206897e-1 -6.2500000000e-1 -9.8517390012e-1
v 8.6206896552e-1 -5.0000000000e-1 -9.8632580262e-1
v 9.1935483871e-1 -3.7500000000e-1 -9.7167663892e-1
v 9.6774193548e-1 -2.5000000000e-1 -9.9804890739e-1
v 9.8437500000e-1 -1.2500000000e-1 -9.6923828125e-1
v 9.8437500000e-1 1.2500000000e-1 -9.6923828125e-1
v 9.6774193548e-1 2.5000000000e-1 -9.9804890739e-1
v 9.1935483871e-1 3.7500000000e-1 -9.7167663892e-1
v 8.6206896552e-1 5.0000000000e-1 -9.8632580262e-1
v 7.7586206897e-1 6.2500000000e-1 -9.8517390012e-1
v 6.5384615385e-1 7.5000000000e-1 -9.8002958580e-1
v 4.7727272727e-1 8.7500000000e-1 -9.8682851240e-1
v 0.0000000000e0 -1.0000000000e0 -1.0000000000e0
v 0.0000000000e0 -8.7500000000e-1 -5.3125000000e-1
v 0.0000000000e0 -7.5000000000e-1 -1.2500000000e-1
v 0.0000000000e0 -6.2500000000e-1 2.1875000000e-1
v 0.0000000000e0 -5.0000000000e-1 5.0000000000e-1
v 0.0000000000e0 -3.7500000000e-1 7.1875000000e-1
v 0.0000000000e0 -2.5000000000e-1 8.7500000000e-1
v 0.0000000000e0 -1.2500000000e-1 9.6875000000e-1
v 0.0000000000e0 0.0000000000e0 1.0000000000e0
v 0.0000000000e0 1.2500000000e-1 9.6875000000e-1
v 0.0000000000e0 2.5000000000e-1 8.7500000000e-1
v 0.0000000000e0 3.7500000000e-1 7.1875000000e-1
v 0.0000000000e0 5.0000000000e-1 5.0000000000e-1
v 0.0000000000e0 6.2500000000e-1 2.1875000000e-1
v 0.0000000000e0 7.5000000000e-1 -1.2500000000e-1
v 0.0000000000e0 8.7500000000e-1 -5.3125000000e-1
v 0.0000000000e0 1.0000000000e0 -1.0000000000e0
v -1.3274336283e-1 9.9115044248e-1 -1.0000000000e0
v -2.8000000000e-1 9.6000000000e-1 -1.0000000000e0
v -4.3820224719e-1 8.9887640449e-1 -1.0000000000e0
v -6.0000000000e-1 8.0000000000e-1 -1.0000000000e0
v -7.5342465753e-1 6.5753424658e-1 -1.0000000000e0
v -8.8235294118e-1 4.7058823529e-1 -1.0000000000e0
v -9.6923076923e-1 2.4615384615e-1 -1.0000000000e0
v -1.0000000000e0 0.0000000000e0 -1.0000000000e0
v -9.6923076923e-1 -2.4615384615e-1 -1.0000000000e0
v -8.8235294118e-1 -4.7058823529e-1 -1.0000000000e0
v -7.5342465753e-1 -6.5753424658e-1 -1.0000000000e0
v -6.0000000000e-1 -8.0000000000e-1 -1.0000000000e0
v -4.3820224719e-1 -8.9887640449e-1 -1.0000000000e0
v -2.8000000000e-1 -9.6000000000e-1 -1.0000000000e0
v -1.3274336283e-1 -9.9115044248e-1 -1.0000000000e0
v -9.3750000000e-1 -2.5000000000e-1 -8.8281250000e-1
v -9.3750000000e-1 -1.2500000000e-1 -7.8906250000e-1
v -9.3750000000e-1 0.0000000000e0 -7.5781250000e-1
v -9.3750000000e-1 1.2500000000e-1 -7.8906250000e-1
v -9.3750000000e-1 2.5000000000e-1 -8.8281250000e-1
v -8.7500000000e-1 -3.7500000000e-1 -8.1250000000e-1
v -8.7500000000e-1 -2.5000000000e-1 -6.5625000000e-1
v -8.7500000000e-1 -1.2500000000e-1 -5.6250000000e-1
v -8.7500000000e-1 0.0000000000e0 -5.3125000000e-1
v -8.7500000000e-1 1.2500000000e-1 -5.6250000000e-1
v -8.7500000000e-1 2.5000000000e-1 -6.5625000000e-1
v -8.7500000000e-1 3.7500000000e-1 -8.1250000000e-1
v -8.1250000000e-1 -5.0000000000e-1 -8.2031250000e-1
v -8.1250000000e-1 -3.7500000000e-1 -6.0156250000e-1
v -8.1250000000e-1 -2.5000000000e-1 -4.4531250000e-1
v -8.1250000000e-1 -1.2500000000e-1 -3.5156250000e-1
v -8.1250000000e-1 0.0000000000e0 -3.2031250000e-1
v -8.1250000000e-1 1.2500000000e-1 -3.5156250000e-1
v -8.1250000000e-1 2.5000000000e-1 -4.4531250000e-1
v -8.1250000000e-1 3.7500000000e-1 -6.0156250000e-1
v -8.1250000000e-1 5.0000000000e-1 -8.2031250000e-1
v -7.5000000000e-1 -6.2500000000e-1 -9.0625000000e-1
v -7.5000000000e-1 -5.0000000000e-1 -6.2500000000e-1
v -7.5000000000e-1 -3.7500000000e-1 -4.0625000000e-1
v -7.5000000000e-1 -2.5000000000e-1 -2.5000000000e-1
v -7.5000000000e-1 -1.2500000000e-1 -1.5625000000e-1
v -7.5000000000e-1 0.0000000000e0 -1.2500000000e-1
v -7.5000000000e-1 1.2500000000e-1 -1.5625000000e-1
v -7.5000000000e-1 2.5000000000e-1 -2.5000000000e-1
v -7.5000000000e-1 3.7500000000e-1 -4.0625000000e-1
v -7.5000000000e-1 5.0000000000e-1 -6.2500000000e-1
v -7.5000000000e-1 6.2500000000e-1 -9.0625000000e-1
v -6.8750000000e-1 -6.2500000000e-1 -7.2656250000e-1
v -6.8750000000e-1 -5.0000000000e-1 -4.4531250000e-1
v -6.8750000000e-1 -3.7500000000e-1 -2.2656250000e-1
v -6.8750000000e-1 -2.5000000000e-1 -7.0312500000e-2
v -6.8750000000e-1 -1.2500000000e-1 2.3437500000e-2
v -6.8750000000e-1 0.0000000000e0 5.4687500000e-2
v -6.8750000000e-1 1.2500000000e-1 2.3437500000e-2
v -6.8750000000e-1 2.5000000000e-1 -7.0312500000e-2
v -6.8750000000e-1 3.7500000000e-1 -2.2656250000e-1
v -6.8750000000e-1 5.0000000000e-1 -4.4531250000e-1
v -6.8750000000e-1 6.2500000000e-1 -7.2656250000e-1
v -6.2500000000e-1 -7.5000000000e-1 -9.0625000000e-1
v -6.2500000000e-1 -6.2500000000e-1 -5.6250000000e-1
v -6.2500000000e-1 -5.0000000000e-1 -2.8125000000e-1
v -6.2500000000e-1 -3.7500000000e-1 -6.2500000000e-2
v -6.2500000000e-1 -2.5000000000e-1 9.3750000000e-2
v -6.2500000000e-1 -1.2500000000e-1 1.8750000000e-1
v -6.2500000000e-1 0.0000000000e0 2.1875000000e-1
v -6.2500000000e-1 1.2500000000e-1 1.8750000000e-1
v -6.2500000000e-1 2.5000000000e-1 9.3750000000e-2
v -6.2500000000e-1 3.7500000000e-1 -6.2500000000e-2
v -6.2500000000e-1 5.0000000000e-1 -2.8125000000e-1
v -6.2500000000e-1 6.2500000000e-1 -5.6250000000e-1
v -6.2500000000e-1 7.5000000000e-1 -9.0625000000e-1
v -5.6250000000e-1 -7.5000000000e-1 -7.5781250000e-1
v -5.6250000000e-1 -6.2500000000e-1 -4.1406250000e-1
v -5.6250000000e-1 -5.0000000000e-1 -1.3281250000e-1
v -5.6250000000e-1 -3.7500000000e-1 8.5937500000e-2
v -5.6250000000e-1 -2.5000000000e-1 2.4218750000e-1
v -5.6250000000e-1 -1.2500000000e-1 3.3593750000e-1
v -5.6250000000e-1 0.0000000000e0 3.6718750000e-1
v -5.6250000000e-1 1.2500000000e-1 3.3593750000e-1
v -5.6250000000e-1 2.5000000000e-1 2.4218750000e-1
v -5.6250000000e-1 3.7500000000e-1 8.5937500000e-2
v -5.6250000000e-1 5.0000000000e-1 -1.3281250000e-1
v -5.6250000000e-1 6.2500000000e-1 -4.1406250000e-1
v -5.6250000000e-1 7.5000000000e-1 -7.5781250000e-1
v -5.0000000000e-1 -7.5000000000e-1 -6.2500000000e-1
v -5.0000000000e-1 -6.2500000000e-1 -2.8125000000e-1
v -5.0000000000e-1 -5.0000000000e-1 -2.7686186677e-15
v -5.0000000000e-1 -3.7500000000e-1 2.1875000000e-1
v -5.0000000000e-1 -2.5000000000e-1 3.7500000000e-1
v -5.0000000000e-1 -1.2500000000e-1 4.6875000000e-1
v -5.0000000000e-1 0.0000000000e0 5.0000000000e-1
v -5.0000000000e-1 1.2500000000e-1 4.6875000000e-1
v -5.0000000000e-1 2.5000000000e-1 3.7500000000e-1
v -5.0000000000e-1 3.7500000000e-1 2.1875000000e-1
v -5.0000000000e-1 5.0000000000e-1 -2.5673907444e-15
v -5.0000000000e-1 6.2500000000e-1 -2.8125000000e-1
v -5.0000000000e-1 7.5000000000e-1 -6.2500000000e-1
v -4.3750000000e-1 -8.7500000000e-1 -9.1406250000e-1
v -4.3750000000e-1 -7.5000000000e-1 -5.0781250000e-1
v -4.3750000000e-1 -6.2500000000e-1 -1.6406250000e-1
v -4.3750000000e-1 -5.0000000000e-1 1.1718750000e-1
v -4.3750000000e-1 -3.7500000000e-1 3.3593750000e-1
v -4.3750000000e-1 -2.5000000000e-1 4.9218750000e-1
v -4.3750000000e-1 -1.2500000000e-1 5.8593750000e-1
v -4.3750000000e-1 0.0000000000e0 6.1718750000e-1
v -4.3750000000e-1 1.2500000000e-1 5.8593750000e-1
v -4.3750000000e-1 2.5000000000e-1 4.9218750000e-1
v -4.3750000000e-1 3.7500000000e-1 3.3593750000e-1
v -4.3750000000e-1 5.0000000000e-1 1.1718750000e-1
v -4.3750000000e-1 6.2500000000e-1 -1.6406250000e-1
v -4.3750000000e-1 7.5000000000e-1 -5.0781250000e-1
v -4.3750000000e-1 8.7500000000e-1 -9.1406250000e-1
v -3.7500000000e-1 -8.7500000000e-1 -8.1250000000e-1
v -3.7500000000e-1 -7.5000000000e-1 -4.0625000000e-1
v -3.7500000000e-1 -6.2500000000e-1 -6.2500000000e-2
v -3.7500000000e-1 -5.0000000000e-1 2.1875000000e-1
v -3.7500000000e-1 -3.7500000000e-1 4.3750000000e-1
v -3.7500000000e-1 -2.5000000000e-1 5.9375000000e-1
v -3.7500000000e-1 -1.2500000000e-1 6.8750000000e-1
v -3.7500000000e-1 0.0000000000e0 7.1875000000e-1
v -3.7500000000e-1 1.2500000000e-1 6.8750000000e-1
v -3.7500000000e-1 2.5000000000e-1 5.9375000000e-1
v -3.7500000000e-1 3.7500000000e-1 4.3750000000e-1
v -3.7500000000e-1 5.0000000000e-1 2.1875000000e-1
v -3.7500000000e-1 6.2500000000e-1 -6.2500000000e-2
v -3.7500000000e-1 7.5000000000e-1 -4.0625000000e-1
v -3.7500000000e-1 8.7500000000e-1 -8.1250000000e-1
v -3.1250000000e-1 -8.7500000000e-1 -7.2656250000e-1
v -3.1250000000e-1 -7.5000000000e-1 -3.2031250000e-1
v -3.1250000000e-1 -6.2500000000e-1 2.3437500000e-2
v -3.1250000000e-1 -5.0000000000e-1 3.0468750000e-1
v -3.1250000000e-1 -3.7500000000e-1 5.2343750000e-1
v -3.1250000000e-1 -2.5000000000e-1 6.7968750000e-1
v -3.1250000000e-1 -1.2500000000e-1 7.7343750000e-1
v -3.1250000000e-1 0.0000000000e0 8.0468750000e-1
v -3.1250000000e-1 1.2500000000e-1 7.7343750000e-1
v -3.1250000000e-1 2.5000000000e-1 6.7968750000e-1
v -3.1250000000e-1 3.7500000000e-1 5.2343750000e-1
v -3.1250000000e-1 5.0000000000e-1 3.0468750000e-1
v -3.1250000000e-1 6.2500000000e-1 2.3437500000e-2
v -3.1250000000e-1 7.5000000000e-1 -3.2031250000e-1
v -3.1250000000e-1 8.7500000000e-1 -7.2656250000e-1
v -2.5000000000e-1 -8.7500000000e-1 -6.5625000000e-1
v -2.5000000000e-1 -7.5000000000e-1 -2.5000000000e-1
v -2.5000000000e-1 -6.2500000000e-1 9.3750000000e-2
v -2.5000000000e-1 -5.0000000000e-1 3.7500000000e-1
v -2.5000000000e-1 -3.7500000000e-1 5.9375000000e-1
v -2.5000000000e-1 -2.5000000000e-1 7.5000000000e-1
v -2.5000000000e-1 -1.2500000000e-1 8.4375000000e-1
v -2.5000000000e-1 0.0000000000e0 8.7500000000e-1
v -2.5000000000e-1 1.2500000000e-1 8.4375000000e-1
v -2.5000000000e-1 2.5000000000e-1 7.5000000000e-1
v -2.5000000000e-1 3.7500000000e-1 5.9375000000e-1
v -2.5000000000e-1 5.0000000000e-1 3.7500000000e-1
v -2.5000000000e-1 6.2500000000e-1 9.3750000000e-2
v -2.5000000000e-1 7.5000000000e-1 -2.5000000000e-1
v -2.5000000000e-1 8.7500000000e-1 -6.5625000000e-1
v -1.8750000000e-1 -8.7500000000e-1 -6.0156250000e-1
v -1.8750000000e-1 -7.5000000000e-1 -1.9531250000e-1
v -1.8750000000e-1 -6.2500000000e-1 1.4843750000e-1
v -1.8750000000e-1 -5.0000000000e-1 4.2968750000e-1
v -1.8750000000e-1 -3.7500000000e-1 6.4843750000e-1
v -1.8750000000e-1 -2.5000000000e-1 8.0468750000e-1
v -1.8750000000e-1 -1.2500000000e-1 8.9843750000e-1
v -1.8750000000e-1 0.0000000000e0 9.2968750000e-1
v -1.8750000000e-1 1.2500000000e-1 8.9843750000e-1
v -1.8750000000e-1 2.5000000000e-1 8.0468750000e-1
v -1.8750000000e-1 3.7500000000e-1 6.4843750000e-1
v -1.8750000000e-1 5.0000000000e-1 4.2968750000e-1
v -1.8750000000e-1 6.2500000000e-1 1.4843750000e-1
v -1.8750000000e-1 7.5000000000e-1 -1.9531250000e-1
v -1.8750000000e-1 8.7500000000e-1 -6.0156250000e-1
v -1.2500000000e-1 -8.7500000000e-1 -5.6250000000e-1
v -1.2500000000e-1 -7.5000000000e-1 -1.5625000000e-1
v -1.2500000000e-1 -6.2500000000e-1 1.8750000000e-1
v -1.2500000000e-1 -5.0000000000e-1 4.6875000000e-1
v -1.2500000000e-1 -3.7500000000e-1 6.8750000000e-1
v -1.2500000000e-1 -2.5000000000e-1 8.4375000000e-1
v -1.2500000000e-1 -1.2500000000e-1 9.3750000000e-1
v -1.2500000000e-1 0.0000000000e0 9.6875000000e-1
v -1.2500000000e-1 1.2500000000e-1 9.3750000000e-1
v -1.2500000000e-1 2.5000000000e-1 8.4375000000e-1
v -1.2500000000e-1 3.7500000000e-1 6.8750000000e-1
v -1.2500000000e-1 5.0000000000e-1 4.6875000000e-1
v -1.2500000000e-1 6.2500000000e-1 1.8750000000e-1
v -1.2500000000e-1 7.5000000000e-1 -1.5625000000e-1
v -1.2500000000e-1 8.7500000000e-1 -5.6250000000e-1
v -6.2500000000e-2 -8.7500000000e-1 -5.3906250000e-1
v -6.2500000000e-2 -7.5000000000e-1 -1.3281250000e-1
v -6.2500000000e-2 -6.2500000000e-1 2.1093750000e-1
v -6.2500000000e-2 -5.0000000000e-1 4.9218750000e-1
v -6.2500000000e-2 -3.7500000000e-1 7.1093750000e-1
v -6.2500000000e-2 -2.5000000000e-1 8.6718750000e-1
v -6.2500000000e-2 -1.2500000000e-1 9.6093750000e-1
v -6.2500000000e-2 0.0000000000e0 9.9218750000e-1
v -6.2500000000e-2 1.2500000000e-1 9.6093750000e-1
v -6.2500000000e-2 2.5000000000e-1 8.6718750000e-1
v -6.2500000000e-2 3.7500000000e-1 7.1093750000e-1
v -6.2500000000e-2 5.0000000000e-1 4.9218750000e-1
v -6.2500000000e-2 6.2500000000e-1 2.1093750000e-1
v -6.2500000000e-2 7.5000000000e-1 -1.3281250000e-1
v -6.2500000000e-2 8.7500000000e-1 -5.3906250000e-1
v -9.3750000000e-1 -3.2812500000e-1 -9.7314453125e-1
v -9.3750000000e-1 3.2812500000e-1 -9.7314453125e-1
v -8.7500000000e-1 -4.8125000000e-1 -9.9445312500e-1
v -8.7500000000e-1 4.8125000000e-1 -9.9445312500e-1
v -8.1250000000e-1 -5.7187500000e-1 -9.7439453125e-1
v -8.1250000000e-1 5.7187500000e-1 -9.7439453125e-1
v -7.5000000000e-1 -6.6071428571e-1 -9.9808673469e-1
v -7.5000000000e-1 6.6071428571e-1 -9.9808673469e-1
v -6.8750000000e-1 -7.1875000000e-1 -9.7851562500e-1
v -6.8750000000e-1 7.1875000000e-1 -9.7851562500e-1
v -6.2500000000e-1 -7.7678571429e-1 -9.8804209184e-1
v -6.2500000000e-1 7.7678571429e-1 -9.8804209184e-1
v -5.6250000000e-1 -8.2291666667e-1 -9.8719618056e-1
v -5.6250000000e-1 8.2291666667e-1 -9.8719618056e-1
v -5.0000000000e-1 -8.6111111111e-1 -9.8302469136e-1
v -5.0000000000e-1 8.6111111111e-1 -9.8302469136e-1
v -4.3750000000e-1 -8.9914772727e-1 -9.9974577092e-1
v -4.3750000000e-1 8.9914772727e-1 -9.9974577092e-1
v -3.7500000000e-1 -9.2329545455e-1 -9.8619899277e-1
v -3.7500000000e-1 9.2329545455e-1 -9.8619899277e-1
v -3.1250000000e-1 -9.4744318182e-1 -9.9060966555e-1
v -3.1250000000e-1 9.4744318182e-1 -9.9060966555e-1
v -2.5000000000e-1 -9.6634615385e-1 -9.9264977811e-1
v -2.5000000000e-1 9.6634615385e-1 -9.9264977811e-1
v -1.8750000000e-1 -9.7956730769e-1 -9.8941672060e-1
v -1.8750000000e-1 9.7956730769e-1 -9.8941672060e-1
v -1.2500000000e-1 -9.9166666667e-1 -9.9805555556e-1
v -1.2500000000e-1 9.9166666667e-1 -9.9805555556e-1
v -6.2500000000e-2 -9.9583333333e-1 -9.9118055556e-1
v -6.2500000000e-2 9.9583333333e-1 -9.9118055556e-1
v -4.7727272727e-1 -8.7500000000e-1 -9.8682851240e-1
v -6.5384615385e-1 -7.5000000000e-1 -9.8002958580e-1
v -7.7586206897e-1 -6.2500000000e-1 -9.8517390012e-1
v -8.6206896552e-1 -5.0000000000e-1 -9.8632580262e-1
v -9.1935483871e-1 -3.7500000000e-1 -9.7167663892e-1
v -9.6774193548e-1 -2.5000000000e-1 -9.9804890739e-1
v -9.8437500000e-1 -1.2500000000e-1 -9.6923828125e-1
v -9.8437500000e-1 1.2500000000e-1 -9.6923828125e-1
v -9.6774193548e-1 2.5000000000e-1 -9.9804890739e-1
v -9.1935483871e-1 3.7500000000e-1 -9.7167663892e-1
v -8.6206896552e-1 5.0000000000e-1 -9.8632580262e-1
v -7.7586206897e-1 6.2500000000e-1 -9.8517390012e-1
v -6.5384615385e-1 7.5000000000e-1 -9.8002958580e-1
v -4.7727272727e-1 8.7500000000e-1 -9.8682851240e-1
vt 5.0000000000e-1 0.0000000000e0
vt 5.6637168142e-1 4.4247787611e-3
vt 6.4000000000e-1 2.0000000000e-2
vt 7.1910112360e-1 5.0561797753e-2
vt 8.0000000000e-1 1.0000000000e-1
vt 8.7671232877e-1 1.7123287671e-1
vt 9.4117647059e-1 2.6470588235e-1
vt 9.8461538462e-1 3.7692307692e-1
vt 1.0000000000e0 5.0000000000e-1
vt 9.8461538462e-1 6.2307692308e-1
vt 9.4117647059e-1 7.3529411765e-1
vt 8.7671232877e-1 8.2876712329e-1
vt 8.0000000000e-1 9.0000000000e-1
vt 7.1910112360e-1 9.4943820225e-1
vt 6.4000000000e-1 9.8000000000e-1
vt 5.6637168142e-1 9.9557522124e-1
vt 5.0000000000e-1 1.0000000000e0
vt 5.0000000000e-1 9.3750000000e-1
vt 5.0000000000e-1 8.7500000000e-1
vt 5.0000000000e-1 8.1250000000e-1
vt 5.0000000000e-1 7.5000000000e-1
vt 5.0000000000e-1 6.8750000000e-1
vt 5.0000000000e-1 6.2500000000e-1
vt 5.0000000000e-1 5.6250000000e-1
vt 5.0000000000e-1 5.0000000000e-1
vt 5.0000000000e-1 4.3750000000e-1
vt 5.0000000000e-1 3.7500000000e-1
vt 5.0000000000e-1 3.1250000000e-1
vt 5.0000000000e-1 2.5000000000e-1
vt 5.0000000000e-1 1.8750000000e-1
vt 5.0000000000e-1 1.2500000000e-1
vt 5.0000000000e-1 6.2500000000e-2
vt 5.3125000000e-1 6.2500000000e-2
vt 5.3125000000e-1 1.2500000000e-1
vt 5.3125000000e-1 1.8750000000e-1
vt 5.3125000000e-1 2.5000000000e-1
vt 5.3125000000e-1 3.1250000000e-1
vt 5.3125000000e-1 3.7500000000e-1
vt 5.3125000000e-1 4.3750000000e-1
vt 5.3125000000e-1 5.0000000000e-1
vt 5.3125000000e-1 5.6250000000e-1
vt 5.3125000000e-1 6.2500000000e-1
vt 5.3125000000e-1 6.8750000000e-1
vt 5.3125000000e-1 7.5000000000e-1
vt 5.3125000000e-1 8.1250000000e-1
vt 5.3125000000e-1 8.7500000000e-1
vt 5.3125000000e-1 9.3750000000e-1
vt 5.6250000000e-1 6.2500000000e-2
vt 5.6250000000e-1 1.2500000000e-1
vt 5.6250000000e-1 1.8750000000e-1
vt 5.6250000000e-1 2.5000000000e-1
vt 5.6250000000e-1 3.1250000000e-1
vt 5.6250000000e-1 3.7500000000e-1
vt 5.6250000000e-1 4.3750000000e-1
vt 5.6250000000e-1 5.0000000000e-1
vt 5.6250000000e-1 5.6250000000e-1
vt 5.6250000000e-1 6.2500000000e-1
vt 5.6250000000e-1 6.8750000000e-1
vt 5.6250000000e-1 7.5000000000e-1
vt 5.6250000000e-1 8.1250000000e-1
vt 5.6250000000e-1 8.7500000000e-1
vt 5.6250000000e-1 9.3750000000e-1
vt 5.9375000000e-1 6.2500000000e-2
vt 5.9375000000e-1 1.2500000000e-1
vt 5.9375000000e-1 1.8750000000e-1
vt 5.9375000000e-1 2.5000000000e-1
vt 5.9375000000e-1 3.1250000000e-1
vt 5.9375000000e-1 3.7500000000e-1
vt 5.9375000000e-1 4.3750000000e-1
vt 5.9375000000e-1 5.0000000000e-1
vt 5.9375000000e-1 5.6250000000e-1
vt 5.9375000000e-1 6.2500000000e-1
vt 5.9375000000e-1 6.8750000000e-1
vt 5.9375000000e-1 7.5000000000e-1
vt 5.9375000000e-1 8.1250000000e-1
vt 5.9375000000e-1 8.7500000000e-1
vt 5.9375000000e-1 9.3750000000e-1
vt 6.2500000000e-1 6.2500000000e-2
vt 6.2500000000e-1 1.2500000000e-1
vt 6.2500000000e-1 1.8750000000e-1
vt 6.2500000000e-1 2.5000000000e-1
vt 6.2500000000e-1 3.1250000000e-1
vt 6.2500000000e-1 3.7500000000e-1
vt 6.2500000000e-1 4.3750000000e-1
vt 6.2500000000e-1 5.0000000000e-1
vt 6.2500000000e-1 5.6250000000e-1
vt 6.2500000000e-1 6.2500000000e-1
vt 6.2500000000e-1 6.8750000000e-1
vt 6.2500000000e-1 7.5000000000e-1
vt 6.2500000000e-1 8.1250000000e-1
vt 6.2500000000e-1 8.7500000000e-1
vt 6.2500000000e-1 9.3750000000e-1
vt 6.5625000000e-1 6.2500000000e-2
vt 6.5625000000e-1 1.2500000000e-1
vt 6.5625000000e-1 1.8750000000e-1
vt 6.5625000000e-1 2.5000000000e-1
vt 6.5625000000e-1 3.1250000000e-1
vt 6.5625000000e-1 3.7500000000e-1
vt 6.5625000000e-1 4.3750000000e-1
vt 6.5625000000e-1 5.0000000000e-1
vt 6.5625000000e-1 5.6250000000e-1
vt 6.5625000000e-1 6.2500000000e-1
vt 6.5625000000e-1 6.8750000000e-1
vt 6.5625000000e-1 7.5000000000e-1
vt 6.5625000000e-1 8.1250000000e-1
vt 6.5625000000e-1 8.7500000000e-1
vt 6.5625000000e-1 9.3750000000e-1
vt 6.8750000000e-1 6.2500000000e-2
vt 6.8750000000e-1 1.2500000000e-1
vt 6.8750000000e-1 1.8750000000e-1
vt 6.8750000000e-1 2.5000000000e-1
vt 6.8750000000e-1 3.1250000000e-1
vt 6.8750000000e-1 3.7500000000e-1
vt 6.8750000000e-1 4.3750000000e-1
vt 6.8750000000e-1 5.0000000000e-1
vt 6.8750000000e-1 5.6250000000e-1
vt 6.8750000000e-1 6.2500000000e-1
vt 6.8750000000e-1 6.8750000000e-1
vt 6.8750000000e-1 7.5000000000e-1
vt 6.8750000000e-1 8.1250000000e-1
vt 6.8750000000e-1 8.7500000000e-1
vt 6.8750000000e-1 9.3750000000e-1
vt 7.1875000000e-1 6.2500000000e-2
vt 7.1875000000e-1 1.2500000000e-1
vt 7.1875000000e-1 1.8750000000e-1
vt 7.1875000000e-1 2.5000000000e-1
vt 7.1875000000e-1 3.1250000000e-1
vt 7.1875000000e-1 3.7500000000e-1
vt 7.1875000000e-1 4.3750000000e-1
vt 7.1875000000e-1 5.0000000000e-1
vt 7.1875000000e-1 5.6250000000e-1
vt 7.1875000000e-1 6.2500000000e-1
vt 7.1875000000e-1 6.8750000000e-1
vt 7.1875000000e-1 7.5000000000e-1
vt 7.1875000000e-1 8.1250000000e-1
vt 7.1875000000e-1 8.7500000000e-1
vt 7.1875000000e-1 9.3750000000e-1
vt 7.5000000000e-1 1.2500000000e-1
vt 7.5000000000e-1 1.8750000000e-1
vt 7.5000000000e-1 2.5000000000e-1
vt 7.5000000000e-1 3.1250000000e-1
vt 7.5000000000e-1 3.7500000000e-1
vt 7.5000000000e-1 4.3750000000e-1
vt 7.5000000000e-1 5.0000000000e-1
vt 7.5000000000e-1 5.6250000000e-1
vt 7.5000000000e-1 6.2500000000e-1
vt 7.5000000000e-1 6.8750000000e-1
vt 7.5000000000e-1 7.5000000000e-1
vt 7.5000000000e-1 8.1250000000e-1
vt 7.5000000000e-1 8.7500000000e-1
vt 7.8125000000e-1 1.2500000000e-1
vt 7.8125000000e-1 1.8750000000e-1
vt 7.8125000000e-1 2.5000000000e-1
vt 7.8125000000e-1 3.1250000000e-1
vt 7.8125000000e-1 3.7500000000e-1
vt 7.8125000000e-1 4.3750000000e-1
vt 7.8125000000e-1 5.0000000000e-1
vt 7.8125000000e-1 5.6250000000e-1
vt 7.8125000000e-1 6.2500000000e-1
vt 7.8125000000e-1 6.8750000000e-1
vt 7.8125000000e-1 7.5000000000e-1
vt 7.8125000000e-1 8.1250000000e-1
vt 7.8125000000e-1 8.7500000000e-1
vt 8.1250000000e-1 1.2500000000e-1
vt 8.1250000000e-1 1.8750000000e-1
vt 8.1250000000e-1 2.5000000000e-1
vt 8.1250000000e-1 3.1250000000e-1
vt 8.1250000000e-1 3.7500000000e-1
vt 8.1250000000e-1 4.3750000000e-1
vt 8.1250000000e-1 5.0000000000e-1
vt 8.1250000000e-1 5.6250000000e-1
vt 8.1250000000e-1 6.2500000000e-1
vt 8.1250000000e-1 6.8750000000e-1
vt 8.1250000000e-1 7.5000000000e-1
vt 8.1250000000e-1 8.1250000000e-1
vt 8.1250000000e-1 8.7500000000e-1
vt 8.4375000000e-1 1.8750000000e-1
vt 8.4375000000e-1 2.5000000000e-1
vt 8.4375000000e-1 3.1250000000e-1
vt 8.4375000000e-1 3.7500000000e-1
vt 8.4375000000e-1 4.3750000000e-1
vt 8.4375000000e-1 5.0000000000e-1
vt 8.4375000000e-1 5.6250000000e-1
vt 8.4375000000e-1 6.2500000000e-1
vt 8.4375000000e-1 6.8750000000e-1
vt 8.4375000000e-1 7.5000000000e-1
vt 8.4375000000e-1 8.1250000000e-1
vt 8.7500000000e-1 1.8750000000e-1
vt 8.7500000000e-1 2.5000000000e-1
vt 8.7500000000e-1 3.1250000000e-1
vt 8.7500000000e-1 3.7500000000e-1
vt 8.7500000000e-1 4.3750000000e-1
vt 8.7500000000e-1 5.0000000000e-1
vt 8.7500000000e-1 5.6250000000e-1
vt 8.7500000000e-1 6.2500000000e-1
vt 8.7500000000e-1 6.8750000000e-1
vt 8.7500000000e-1 7.5000000000e-1
vt 8.7500000000e-1 8.1250000000e-1
vt 9.0625000000e-1 2.5000000000e-1
vt 9.0625000000e-1 3.1250000000e-1
vt 9.0625000000e-1 3.7500000000e-1
vt 9.0625000000e-1 4.3750000000e-1
vt 9.0625000000e-1 5.0000000000e-1
vt 9.0625000000e-1 5.6250000000e-1
vt 9.0625000000e-1 6.2500000000e-1
vt 9.0625000000e-1 6.8750000000e-1
vt 9.0625000000e-1 7.5000000000e-1
vt 9.3750000000e-1 3.1250000000e-1
vt 9.3750000000e-1 3.7500000000e-1
vt 9.3750000000e-1 4.3750000000e-1
vt 9.3750000000e-1 5.0000000000e-1
vt 9.3750000000e-1 5.6250000000e-1
vt 9.3750000000e-1 6.2500000000e-1
vt 9.3750000000e-1 6.8750000000e-1
vt 9.6875000000e-1 3.7500000000e-1
vt 9.6875000000e-1 4.3750000000e-1
vt 9.6875000000e-1 5.0000000000e-1
vt 9.6875000000e-1 5.6250000000e-1
vt 9.6875000000e-1 6.2500000000e-1
vt 5.3125000000e-1 2.0833333333e-3
vt 5.3125000000e-1 9.9791666667e-1
vt 5.6250000000e-1 4.1666666667e-3
vt 5.6250000000e-1 9.9583333333e-1
vt 5.9375000000e-1 1.0216346154e-2
vt 5.9375000000e-1 9.8978365385e-1
vt 6.2500000000e-1 1.6826923077e-2
vt 6.2500000000e-1 9.8317307692e-1
vt 6.5625000000e-1 2.6278409091e-2
vt 6.5625000000e-1 9.7372159091e-1
vt 6.8750000000e-1 3.8352272727e-2
vt 6.8750000000e-1 9.6164772727e-1
vt 7.1875000000e-1 5.0426136364e-2
vt 7.1875000000e-1 9.4957386364e-1
vt 7.5000000000e-1 6.9444444444e-2
vt 7.5000000000e-1 9.3055555556e-1
vt 7.8125000000e-1 8.8541666667e-2
vt 7.8125000000e-1 9.1145833333e-1
vt 8.1250000000e-1 1.1160714286e-1
vt 8.1250000000e-1 8.8839285714e-1
vt 8.4375000000e-1 1.4062500000e-1
vt 8.4375000000e-1 8.5937500000e-1
vt 8.7500000000e-1 1.6964285714e-1
vt 8.7500000000e-1 8.3035714286e-1
vt 9.0625000000e-1 2.1406250000e-1
vt 9.0625000000e-1 7.8593750000e-1
vt 9.3750000000e-1 2.5937500000e-1
vt 9.3750000000e-1 7.4062500000e-1
vt 9.6875000000e-1 3.3593750000e-1
vt 9.6875000000e-1 6.6406250000e-1
vt 7.3863636364e-1 6.2500000000e-2
vt 8.2692307692e-1 1.2500000000e-1
vt 8.8793103448e-1 1.8750000000e-1
vt 9.3103448276e-1 2.5000000000e-1
vt 9.5967741935e-1 3.1250000000e-1
vt 9.8387096774e-1 3.7500000000e-1
vt 9.9218750000e-1 4.3750000000e-1
vt 9.9218750000e-1 5.6250000000e-1
vt 9.8387096774e-1 6.2500000000e-1
vt 9.5967741935e-1 6.8750000000e-1
vt 9.3103448276e-1 7.5000000000e-1
vt 8.8793103448e-1 8.1250000000e-1
vt 8.2692307692e-1 8.7500000000e-1
vt 7.3863636364e-1 9.3750000000e-1
vt 5.0000000000e-1 0.0000000000e0
vt 5.0000000000e-1 6.2500000000e-2
vt 5.0000000000e-1 1.2500000000e-1
vt 5.0000000000e-1 1.8750000000e-1
vt 5.0000000000e-1 2.5000000000e-1
vt 5.0000000000e-1 3.1250000000e-1
vt 5.0000000000e-1 3.7500000000e-1
vt 5.0000000000e-1 4.3750000000e-1
vt 5.0000000000e-1 5.0000000000e-1
vt 5.0000000000e-1 5.6250000000e-1
vt 5.0000000000e-1 6.2500000000e-1
vt 5.0000000000e-1 6.8750000000e-1
vt 5.0000000000e-1 7.5000000000e-1
vt 5.0000000000e-1 8.1250000000e-1
vt 5.0000000000e-1 8.7500000000e-1
vt 5.0000000000e-1 9.3750000000e-1
vt 5.0000000000e-1 1.0000000000e0
vt 4.3362831858e-1 9.9557522124e-1
vt 3.6000000000e-1 9.8000000000e-1
vt 2.8089887640e-1 9.4943820225e-1
vt 2.0000000000e-1 9.0000000000e-1
vt 1.2328767123e-1 8.2876712329e-1
vt 5.8823529412e-2 7.3529411765e-1
vt 1.5384615385e-2 6.2307692308e-1
vt -1.2095067078e-15 5.0000000000e-1
vt 1.5384615385e-2 3.7692307692e-1
vt 5.8823529412e-2 2.6470588235e-1
vt 1.2328767123e-1 1.7123287671e-1
vt 2.0000000000e-1 1.0000000000e-1
vt 2.8089887640e-1 5.0561797753e-2
vt 3.6000000000e-1 2.0000000000e-2
vt 4.3362831858e-1 4.4247787611e-3
vt 3.1250000000e-2 3.7500000000e-1
vt 3.1250000000e-2 4.3750000000e-1
vt 3.1250000000e-2 5.0000000000e-1
vt 3.1250000000e-2 5.6250000000e-1
vt 3.1250000000e-2 6.2500000000e-1
vt 6.2500000000e-2 3.1250000000e-1
vt 6.2500000000e-2 3.7500000000e-1
vt 6.2500000000e-2 4.3750000000e-1
vt 6.2500000000e-2 5.0000000000e-1
vt 6.2500000000e-2 5.6250000000e-1
vt 6.2500000000e-2 6.2500000000e-1
vt 6.2500000000e-2 6.8750000000e-1
vt 9.3750000000e-2 2.5000000000e-1
vt 9.3750000000e-2 3.1250000000e-1
vt 9.3750000000e-2 3.7500000000e-1
vt 9.3750000000e-2 4.3750000000e-1
vt 9.3750000000e-2 5.0000000000e-1
vt 9.3750000000e-2 5.6250000000e-1
vt 9.3750000000e-2 6.2500000000e-1
vt 9.3750000000e-2 6.8750000000e-1
vt 9.3750000000e-2 7.5000000000e-1
vt 1.2500000000e-1 1.8750000000e-1
vt 1.2500000000e-1 2.5000000000e-1
vt 1.2500000000e-1 3.1250000000e-1
vt 1.2500000000e-1 3.7500000000e-1
vt 1.2500000000e-1 4.3750000000e-1
vt 1.2500000000e-1 5.0000000000e-1
vt 1.2500000000e-1 5.6250000000e-1
vt 1.2500000000e-1 6.2500000000e-1
vt 1.2500000000e-1 6.8750000000e-1
vt 1.2500000000e-1 7.5000000000e-1
vt 1.2500000000e-1 8.1250000000e-1
vt 1.5625000000e-1 1.8750000000e-1
vt 1.5625000000e-1 2.5000000000e-1
vt 1.5625000000e-1 3.1250000000e-1
vt 1.5625000000e-1 3.7500000000e-1
vt 1.5625000000e-1 4.3750000000e-1
vt 1.5625000000e-1 5.0000000000e-1
vt 1.5625000000e-1 5.6250000000e-1
vt 1.5625000000e-1 6.2500000000e-1
vt 1.5625000000e-1 6.8750000000e-1
vt 1.5625000000e-1 7.5000000000e-1
vt 1.5625000000e-1 8.1250000000e-1
vt 1.8750000000e-1 1.2500000000e-1
vt 1.8750000000e-1 1.8750000000e-1
vt 1.8750000000e-1 2.5000000000e-1
vt 1.8750000000e-1 3.1250000000e-1
vt 1.8750000000e-1 3.7500000000e-1
vt 1.8750000000e-1 4.3750000000e-1
vt 1.8750000000e-1 5.0000000000e-1
vt 1.8750000000e-1 5.6250000000e-1
vt 1.8750000000e-1 6.2500000000e-1
vt 1.8750000000e-1 6.8750000000e-1
vt 1.8750000000e-1 7.5000000000e-1
vt 1.8750000000e-1 8.1250000000e-1
vt 1.8750000000e-1 8.7500000000e-1
vt 2.1875000000e-1 1.2500000000e-1
vt 2.1875000000e-1 1.8750000000e-1
vt 2.1875000000e-1 2.5000000000e-1
vt 2.1875000000e-1 3.1250000000e-1
vt 2.1875000000e-1 3.7500000000e-1
vt 2.1875000000e-1 4.3750000000e-1
vt 2.1875000000e-1 5.0000000000e-1
vt 2.1875000000e-1 5.6250000000e-1
vt 2.1875000000e-1 6.2500000000e-1
vt 2.1875000000e-1 6.8750000000e-1
vt 2.1875000000e-1 7.5000000000e-1
vt 2.1875000000e-1 8.1250000000e-1
vt 2.1875000000e-1 8.7500000000e-1
vt 2.5000000000e-1 1.2500000000e-1
vt 2.5000000000e-1 1.8750000000e-1
vt 2.5000000000e-1 2.5000000000e-1
vt 2.5000000000e-1 3.1250000000e-1
vt 2.5000000000e-1 3.7500000000e-1
vt 2.5000000000e-1 4.3750000000e-1
vt 2.5000000000e-1 5.0000000000e-1
vt 2.5000000000e-1 5.6250000000e-1
vt 2.5000000000e-1 6.2500000000e-1
vt 2.5000000000e-1 6.8750000000e-1
vt 2.5000000000e-1 7.5000000000e-1
vt 2.5000000000e-1 8.1250000000e-1
vt 2.5000000000e-1 8.7500000000e-1
vt 2.8125000000e-1 6.2500000000e-2
vt 2.8125000000e-1 1.2500000000e-1
vt 2.8125000000e-1 1.8750000000e-1
vt 2.8125000000e-1 2.5000000000e-1
vt 2.8125000000e-1 3.1250000000e-1
vt 2.8125000000e-1 3.7500000000e-1
vt 2.8125000000e-1 4.3750000000e-1
vt 2.8125000000e-1 5.0000000000e-1
vt 2.8125000000e-1 5.6250000000e-1
vt 2.8125000000e-1 6.2500000000e-1
vt 2.8125000000e-1 6.8750000000e-1
vt 2.8125000000e-1 7.5000000000e-1
vt 2.8125000000e-1 8.1250000000e-1
vt 2.8125000000e-1 8.7500000000e-1
vt 2.8125000000e-1 9.3750000000e-1
vt 3.1250000000e-1 6.2500000000e-2
vt 3.1250000000e-1 1.2500000000e-1
vt 3.1250000000e-1 1.8750000000e-1
vt 3.1250000000e-1 2.5000000000e-1
vt 3.1250000000e-1 3.1250000000e-1
vt 3.1250000000e-1 3.7500000000e-1
vt 3.1250000000e-1 4.3750000000e-1
vt 3.1250000000e-1 5.0000000000e-1
vt 3.1250000000e-1 5.6250000000e-1
vt 3.1250000000e-1 6.2500000000e-1
vt 3.1250000000e-1 6.8750000000e-1
vt 3.1250000000e-1 7.5000000000e-1
vt 3.1250000000e-1 8.1250000000e-1
vt 3.1250000000e-1 8.7500000000e-1
vt 3.1250000000e-1 9.3750000000e-1
vt 3.4375000000e-1 6.2500000000e-2
vt 3.4375000000e-1 1.2500000000e-1
vt 3.4375000000e-1 1.8750000000e-1
vt 3.4375000000e-1 2.5000000000e-1
vt 3.4375000000e-1 3.1250000000e-1
vt 3.4375000000e-1 3.7500000000e-1
vt 3.4375000000e-1 4.3750000000e-1
vt 3.4375000000e-1 5.0000000000e-1
vt 3.4375000000e-1 5.6250000000e-1
vt 3.4375000000e-1 6.2500000000e-1
vt 3.4375000000e-1 6.8750000000e-1
vt 3.4375000000e-1 7.5000000000e-1
vt 3.4375000000e-1 8.1250000000e-1
vt 3.4375000000e-1 8.7500000000e-1
vt 3.4375000000e-1 9.3750000000e-1
vt 3.7500000000e-1 6.2500000000e-2
vt 3.7500000000e-1 1.2500000000e-1
vt 3.7500000000e-1 1.8750000000e-1
vt 3.7500000000e-1 2.5000000000e-1
vt 3.7500000000e-1 3.1250000000e-1
vt 3.7500000000e-1 3.7500000000e-1
vt 3.7500000000e-1 4.3750000000e-1
vt 3.7500000000e-1 5.0000000000e-1
vt 3.7500000000e-1 5.6250000000e-1
vt 3.7500000000e-1 6.2500000000e-1
vt 3.7500000000e-1 6.8750000000e-1
vt 3.7500000000e-1 7.5000000000e-1
vt 3.7500000000e-1 8.1250000000e-1
vt 3.7500000000e-1 8.7500000000e-1
vt 3.7500000000e-1 9.3750000000e-1
vt 4.0625000000e-1 6.2500000000e-2
vt 4.0625000000e-1 1.2500000000e-1
vt 4.0625000000e-1 1.8750000000e-1
vt 4.0625000000e-1 2.5000000000e-1
vt 4.0625000000e-1 3.1250000000e-1
vt 4.0625000000e-1 3.7500000000e-1
vt 4.0625000000e-1 4.3750000000e-1
vt 4.0625000000e-1 5.0000000000e-1
vt 4.0625000000e-1 5.6250000000e-1
vt 4.0625000000e-1 6.2500000000e-1
vt 4.0625000000e-1 6.8750000000e-1
vt 4.0625000000e-1 7.5000000000e-1
vt 4.0625000000e-1 8.1250000000e-1
vt 4.0625000000e-1 8.7500000000e-1
vt 4.0625000000e-1 9.3750000000e-1
vt 4.3750000000e-1 6.2500000000e-2
vt 4.3750000000e-1 1.2500000000e-1
vt 4.3750000000e-1 1.8750000000e-1
vt 4.3750000000e-1 2.5000000000e-1
vt 4.3750000000e-1 3.1250000000e-1
vt 4.3750000000e-1 3.7500000000e-1
vt 4.3750000000e-1 4.3750000000e-1
vt 4.3750000000e-1 5.0000000000e-1
vt 4.3750000000e-1 5.6250000000e-1
vt 4.3750000000e-1 6.2500000000e-1
vt 4.3750000000e-1 6.8750000000e-1
vt 4.3750000000e-1 7.5000000000e-1
vt 4.3750000000e-1 8.1250000000e-1
vt 4.3750000000e-1 8.7500000000e-1
vt 4.3750000000e-1 9.3750000000e-1
vt 4.6875000000e-1 6.2500000000e-2
vt 4.6875000000e-1 1.2500000000e-1
vt 4.6875000000e-1 1.8750000000e-1
vt 4.6875000000e-1 2.5000000000e-1
vt 4.6875000000e-1 3.1250000000e-1
vt 4.6875000000e-1 3.7500000000e-1
vt 4.6875000000e-1 4.3750000000e-1
vt 4.6875000000e-1 5.0000000000e-1
vt 4.6875000000e-1 5.6250000000e-1
vt 4.6875000000e-1 6.2500000000e-1
vt 4.6875000000e-1 6.8750000000e-1
vt 4.6875000000e-1 7.5000000000e-1
vt 4.6875000000e-1 8.1250000000e-1
vt 4.6875000000e-1 8.7500000000e-1
vt 4.6875000000e-1 9.3750000000e-1
vt 3.1250000000e-2 3.3593750000e-1
vt 3.1250000000e-2 6.6406250000e-1
vt 6.2500000000e-2 2.5937500000e-1
vt 6.2500000000e-2 7.4062500000e-1
vt 9.3750000000e-2 2.1406250000e-1
vt 9.3750000000e-2 7.8593750000e-1
vt 1.2500000000e-1 1.6964285714e-1
vt 1.2500000000e-1 8.3035714286e-1
vt 1.5625000000e-1 1.4062500000e-1
vt 1.5625000000e-1 8.5937500000e-1
vt 1.8750000000e-1 1.1160714286e-1
vt 1.8750000000e-1 8.8839285714e-1
vt 2.1875000000e-1 8.8541666667e-2
vt 2.1875000000e-1 9.1145833333e-1
vt 2.5000000000e-1 6.9444444444e-2
vt 2.5000000000e-1 9.3055555556e-1
vt 2.8125000000e-1 5.0426136364e-2
vt 2.8125000000e-1 9.4957386364e-1
vt 3.1250000000e-1 3.8352272727e-2
vt 3.1250000000e-1 9.6164772727e-1
vt 3.4375000000e-1 2.6278409091e-2
vt 3.4375000000e-1 9.7372159091e-1
vt 3.7500000000e-1 1.6826923077e-2
vt 3.7500000000e-1 9.8317307692e-1
vt 4.0625000000e-1 1.0216346154e-2
vt 4.0625000000e-1 9.8978365385e-1
vt 4.3750000000e-1 4.1666666667e-3
vt 4.3750000000e-1 9.9583333333e-1
vt 4.6875000000e-1 2.0833333333e-3
vt 4.6875000000e-1 9.9791666667e-1
vt 2.6136363636e-1 6.2500000000e-2
vt 1.7307692308e-1 1.2500000000e-1
vt 1.1206896552e-1 1.8750000000e-1
vt 6.8965517241e-2 2.5000000000e-1
vt 4.0322580645e-2 3.1250000000e-1
vt 1.6129032258e-2 3.7500000000e-1
vt 7.8125000000e-3 4.3750000000e-1
vt 7.8125000000e-3 5.6250000000e-1
vt 1.6129032258e-2 6.2500000000e-1
vt 4.0322580645e-2 6.8750000000e-1
vt 6.8965517241e-2 7.5000000000e-1
vt 1.1206896552e-1 8.1250000000e-1
vt 1.7307692308e-1 8.7500000000e-1
vt 2.6136363636e-1 9.3750000000e-1
vn 0.0000000000e0 -9.7014250015e-1 2.4253562504e-1
vn 1.2877997790e-1 -9.6155716829e-1 2.4253562504e-1
vn 2.7163990004e-1 -9.3133680014e-1 2.4253562504e-1
vn 4.2511862366e-1 -8.7203820238e-1 2.4253562504e-1
vn 5.8208550009e-1 -7.7611400012e-1 2.4253562504e-1
vn 7.3092928093e-1 -6.3790191790e-1 2.4253562504e-1
vn 8.5600808836e-1 -4.5653764713e-1 2.4253562504e-1
vn 9.4029196168e-1 -2.3880430773e-1 2.4253562504e-1
vn 9.7014250015e-1 -0.0000000000e0 2.4253562504e-1
vn 9.4029196168e-1 2.3880430773e-1 2.4253562504e-1
vn 8.5600808836e-1 4.5653764713e-1 2.4253562504e-1
vn 7.3092928093e-1 6.3790191790e-1 2.4253562504e-1
vn 5.8208550009e-1 7.7611400012e-1 2.4253562504e-1
vn 4.2511862366e-1 8.7203820238e-1 2.4253562504e-1
vn 2.7163990004e-1 9.3133680014e-1 2.4253562504e-1
vn 1.2877997790e-1 9.6155716829e-1 2.4253562504e-1
vn -0.0000000000e0 9.7014250015e-1 2.4253562504e-1
vn -0.0000000000e0 9.6152394764e-1 2.7472112790e-1
vn -0.0000000000e0 9.4868329805e-1 3.1622776602e-1
vn -0.0000000000e0 9.2847669089e-1 3.7139067635e-1
vn -0.0000000000e0 8.9442719100e-1 4.4721359550e-1
vn -0.0000000000e0 8.3205029434e-1 5.5470019623e-1
vn -0.0000000000e0 7.0710678119e-1 7.0710678119e-1
vn -0.0000000000e0 4.4721359550e-1 8.9442719100e-1
vn -0.0000000000e0 1.2079226508e-13 1.0000000000e0
vn 0.0000000000e0 -4.4721359550e-1 8.9442719100e-1
vn 1.9626155734e-17 -7.0710678119e-1 7.0710678119e-1
vn -5.7735087151e-18 -8.3205029434e-1 5.5470019623e-1
vn -2.4825341532e-17 -8.9442719100e-1 4.4721359550e-1
vn 0.0000000000e0 -9.2847669089e-1 3.7139067635e-1
vn 0.0000000000e0 -9.4868329805e-1 3.1622776602e-1
vn 1.4296955697e-17 -9.6152394764e-1 2.7472112790e-1
vn 6.8518870983e-2 -9.5926419376e-1 2.7407548393e-1
vn 7.8811040624e-2 -9.4573248749e-1 3.1524416250e-1
vn 9.2450032704e-2 -9.2450032704e-1 3.6980013082e-1
vn 1.1111111111e-1 -8.8888888889e-1 4.4444444444e-1
vn 1.3736056395e-1 -8.2416338369e-1 5.4944225579e-1
vn 1.7407765596e-1 -6.9631062382e-1 6.9631062382e-1
vn 2.1821789024e-1 -4.3643578047e-1 8.7287156094e-1
vn 2.4253562504e-1 -0.0000000000e0 9.7014250015e-1
vn 2.1821789024e-1 4.3643578047e-1 8.7287156094e-1
vn 1.7407765596e-1 6.9631062382e-1 6.9631062382e-1
vn 1.3736056395e-1 8.2416338369e-1 5.4944225579e-1
vn 1.1111111111e-1 8.8888888889e-1 4.4444444444e-1
vn 9.2450032704e-2 9.2450032704e-1 3.6980013082e-1
vn 7.8811040624e-2 9.4573248749e-1 3.1524416250e-1
vn 6.8518870983e-2 9.5926419376e-1 2.7407548393e-1
vn 1.3608276349e-1 -9.5257934442e-1 2.7216552698e-1
vn 1.5617376189e-1 -9.3704257133e-1 3.1234752378e-1
vn 1.8257418584e-1 -9.1287092918e-1 3.6514837167e-1
vn 2.1821789024e-1 -8.7287156094e-1 4.3643578047e-1
vn 2.6726124191e-1 -8.0178372574e-1 5.3452248382e-1
vn 3.3333333333e-1 -6.6666666667e-1 6.6666666667e-1
vn 4.0824829046e-1 -4.0824829046e-1 8.1649658093e-1
vn 4.4721359550e-1 -0.0000000000e0 8.9442719100e-1
vn 4.0824829046e-1 4.0824829046e-1 8.1649658093e-1
vn 3.3333333333e-1 6.6666666667e-1 6.6666666667e-1
vn 2.6726124191e-1 8.0178372574e-1 5.3452248382e-1
vn 2.1821789024e-1 8.7287156094e-1 4.3643578047e-1
vn 1.8257418584e-1 9.1287092918e-1 3.6514837167e-1
vn 1.5617376189e-1 9.3704257133e-1 3.1234752378e-1
vn 1.3608276349e-1 9.5257934442e-1 2.7216552698e-1
vn 2.0180183820e-1 -9.4174191159e-1 2.6906911760e-1
vn 2.3076923077e-1 -9.2307692308e-1 3.0769230769e-1
vn 2.6832815730e-1 -8.9442719100e-1 3.5777087640e-1
vn 3.1799936400e-1 -8.4799830401e-1 4.2399915200e-1
vn 3.8411063980e-1 -7.6822127960e-1 5.1214751973e-1
vn 4.6852128567e-1 -6.2469504755e-1 6.2469504755e-1
vn 5.5708601453e-1 -3.7139067635e-1 7.4278135271e-1
vn 6.0000000000e-1 -0.0000000000e0 8.0000000000e-1
vn 5.5708601453e-1 3.7139067635e-1 7.4278135271e-1
vn 4.6852128567e-1 6.2469504755e-1 6.2469504755e-1
vn 3.8411063980e-1 7.6822127960e-1 5.1214751973e-1
vn 3.1799936400e-1 8.4799830401e-1 4.2399915200e-1
vn 2.6832815730e-1 8.9442719100e-1 3.5777087640e-1
vn 2.3076923077e-1 9.2307692308e-1 3.0769230769e-1
vn 2.0180183820e-1 9.4174191159e-1 2.6906911760e-1
vn 2.6490647141e-1 -9.2717264995e-1 2.6490647141e-1
vn 3.0151134458e-1 -9.0453403373e-1 3.0151134458e-1
vn 3.4815531191e-1 -8.7038827978e-1 3.4815531191e-1
vn 4.0824829046e-1 -8.1649658093e-1 4.0824829046e-1
vn 4.8507125007e-1 -7.2760687511e-1 4.8507125007e-1
vn 5.7735026919e-1 -5.7735026919e-1 5.7735026919e-1
vn 6.6666666667e-1 -3.3333333333e-1 6.6666666667e-1
vn 7.0710678119e-1 -0.0000000000e0 7.0710678119e-1
vn 6.6666666667e-1 3.3333333333e-1 6.6666666667e-1
vn 5.7735026919e-1 5.7735026919e-1 5.7735026919e-1
vn 4.8507125007e-1 7.2760687511e-1 4.8507125007e-1
vn 4.0824829046e-1 8.1649658093e-1 4.0824829046e-1
vn 3.4815531191e-1 8.7038827978e-1 3.4815531191e-1
vn 3.0151134458e-1 9.0453403373e-1 3.0151134458e-1
vn 2.6490647141e-1 9.2717264995e-1 2.6490647141e-1
vn 3.2478490123e-1 -9.0939772345e-1 2.5982792098e-1
vn 3.6760731105e-1 -8.8225754651e-1 2.9408584884e-1
vn 4.2107596053e-1 -8.4215192107e-1 3.3686076843e-1
vn 4.8795003647e-1 -7.8072005836e-1 3.9036002918e-1
vn 5.6980288230e-1 -6.8376345876e-1 4.5584230584e-1
vn 6.6226617853e-1 -5.2981294283e-1 5.2981294283e-1
vn 7.4535599250e-1 -2.9814239700e-1 5.9628479400e-1
vn 7.8086880944e-1 -0.0000000000e0 6.2469504755e-1
vn 7.4535599250e-1 2.9814239700e-1 5.9628479400e-1
vn 6.6226617853e-1 5.2981294283e-1 5.2981294283e-1
vn 5.6980288230e-1 6.8376345876e-1 4.5584230584e-1
vn 4.8795003647e-1 7.8072005836e-1 3.9036002918e-1
vn 4.2107596053e-1 8.4215192107e-1 3.3686076843e-1
vn 3.6760731105e-1 8.8225754651e-1 2.9408584884e-1
vn 3.2478490123e-1 9.0939772345e-1 2.5982792098e-1
vn 3.8100038100e-1 -8.8900088900e-1 2.5400025400e-1
vn 4.2857142857e-1 -8.5714285714e-1 2.8571428571e-1
vn 4.8666426339e-1 -8.1110710565e-1 3.2444284226e-1
vn 5.5708601453e-1 -7.4278135271e-1 3.7139067635e-1
vn 6.3960214907e-1 -6.3960214907e-1 4.2640143271e-1
vn 7.2760687511e-1 -4.8507125007e-1 4.8507125007e-1
vn 8.0178372574e-1 -2.6726124191e-1 5.3452248382e-1
vn 8.3205029434e-1 -0.0000000000e0 5.5470019623e-1
vn 8.0178372574e-1 2.6726124191e-1 5.3452248382e-1
vn 7.2760687511e-1 4.8507125007e-1 4.8507125007e-1
vn 6.3960214907e-1 6.3960214907e-1 4.2640143271e-1
vn 5.5708601453e-1 7.4278135271e-1 3.7139067635e-1
vn 4.8666426339e-1 8.1110710565e-1 3.2444284226e-1
vn 4.2857142857e-1 8.5714285714e-1 2.8571428571e-1
vn 3.8100038100e-1 8.8900088900e-1 2.5400025400e-1
vn 4.3328912241e-1 -8.6657824483e-1 2.4759378424e-1
vn 4.8420012471e-1 -8.3005735664e-1 2.7668578555e-1
vn 5.4494926091e-1 -7.7849894416e-1 3.1139957766e-1
vn 6.1631563443e-1 -7.0436072506e-1 3.5218036253e-1
vn 6.9652603315e-1 -5.9702231413e-1 3.9801487608e-1
vn 7.7777777778e-1 -4.4444444444e-1 4.4444444444e-1
vn 8.4270097160e-1 -2.4077170617e-1 4.8154341234e-1
vn 8.6824314212e-1 -0.0000000000e0 4.9613893836e-1
vn 8.4270097160e-1 2.4077170617e-1 4.8154341234e-1
vn 7.7777777778e-1 4.4444444444e-1 4.4444444444e-1
vn 6.9652603315e-1 5.9702231413e-1 3.9801487608e-1
vn 6.1631563443e-1 7.0436072506e-1 3.5218036253e-1
vn 5.4494926091e-1 7.7849894416e-1 3.1139957766e-1
vn 4.8420012471e-1 8.3005735664e-1 2.7668578555e-1
vn 4.3328912241e-1 8.6657824483e-1 2.4759378424e-1
vn 5.3452248382e-1 -8.0178372574e-1 2.6726124191e-1
vn 5.9628479400e-1 -7.4535599250e-1 2.9814239700e-1
vn 6.6666666667e-1 -6.6666666667e-1 3.3333333333e-1
vn 7.4278135271e-1 -5.5708601453e-1 3.7139067635e-1
vn 8.1649658093e-1 -4.0824829046e-1 4.0824829046e-1
vn 8.7287156094e-1 -2.1821789024e-1 4.3643578047e-1
vn 8.9442719100e-1 -0.0000000000e0 4.4721359550e-1
vn 8.7287156094e-1 2.1821789024e-1 4.3643578047e-1
vn 8.1649658093e-1 4.0824829046e-1 4.0824829046e-1
vn 7.4278135271e-1 5.5708601453e-1 3.7139067635e-1
vn 6.6666666667e-1 6.6666666667e-1 3.3333333333e-1
vn 5.9628479400e-1 7.4535599250e-1 2.9814239700e-1
vn 5.3452248382e-1 8.0178372574e-1 2.6726124191e-1
vn 5.7974096376e-1 -7.7298795168e-1 2.5766265056e-1
vn 6.4122344989e-1 -7.1247049988e-1 2.8498819995e-1
vn 7.0929936562e-1 -6.3048832499e-1 3.1524416250e-1
vn 7.8039897257e-1 -5.2026598171e-1 3.4684398781e-1
vn 8.4664878155e-1 -3.7628834735e-1 3.7628834735e-1
vn 8.9553347119e-1 -1.9900743804e-1 3.9801487608e-1
vn 9.1381154862e-1 -0.0000000000e0 4.0613846605e-1
vn 8.9553347119e-1 1.9900743804e-1 3.9801487608e-1
vn 8.4664878155e-1 3.7628834735e-1 3.7628834735e-1
vn 7.8039897257e-1 5.2026598171e-1 3.4684398781e-1
vn 7.0929936562e-1 6.3048832499e-1 3.1524416250e-1
vn 6.4122344989e-1 7.1247049988e-1 2.8498819995e-1
vn 5.7974096376e-1 7.7298795168e-1 2.5766265056e-1
vn 6.2017367295e-1 -7.4420840754e-1 2.4806946918e-1
vn 6.8041381744e-1 -6.8041381744e-1 2.7216552698e-1
vn 7.4535599250e-1 -5.9628479400e-1 2.9814239700e-1
vn 8.1110710565e-1 -4.8666426339e-1 3.2444284226e-1
vn 8.7038827978e-1 -3.4815531191e-1 3.4815531191e-1
vn 9.1287092918e-1 -1.8257418584e-1 3.6514837167e-1
vn 9.2847669089e-1 -0.0000000000e0 3.7139067635e-1
vn 9.1287092918e-1 1.8257418584e-1 3.6514837167e-1
vn 8.7038827978e-1 3.4815531191e-1 3.4815531191e-1
vn 8.1110710565e-1 4.8666426339e-1 3.2444284226e-1
vn 7.4535599250e-1 5.9628479400e-1 2.9814239700e-1
vn 6.8041381744e-1 6.8041381744e-1 2.7216552698e-1
vn 6.2017367295e-1 7.4420840754e-1 2.4806946918e-1
vn 7.1452678271e-1 -6.4956980246e-1 2.5982792098e-1
vn 7.7588017744e-1 -5.6427649269e-1 2.8213824634e-1
vn 8.3631451340e-1 -4.5617155276e-1 3.0411436851e-1
vn 8.8929729180e-1 -3.2338083338e-1 3.2338083338e-1
vn 9.2636711317e-1 -1.6843038421e-1 3.3686076843e-1
vn 9.3979342349e-1 -0.0000000000e0 3.4174306309e-1
vn 9.2636711317e-1 1.6843038421e-1 3.3686076843e-1
vn 8.8929729180e-1 3.2338083338e-1 3.2338083338e-1
vn 8.3631451340e-1 4.5617155276e-1 3.0411436851e-1
vn 7.7588017744e-1 5.6427649269e-1 2.8213824634e-1
vn 7.1452678271e-1 6.4956980246e-1 2.5982792098e-1
vn 7.4420840754e-1 -6.2017367295e-1 2.4806946918e-1
vn 8.0178372574e-1 -5.3452248382e-1 2.6726124191e-1
vn 8.5714285714e-1 -4.2857142857e-1 2.8571428571e-1
vn 9.0453403373e-1 -3.0151134458e-1 3.0151134458e-1
vn 9.3704257133e-1 -1.5617376189e-1 3.1234752378e-1
vn 9.4868329805e-1 -0.0000000000e0 3.1622776602e-1
vn 9.3704257133e-1 1.5617376189e-1 3.1234752378e-1
vn 9.0453403373e-1 3.0151134458e-1 3.0151134458e-1
vn 8.5714285714e-1 4.2857142857e-1 2.8571428571e-1
vn 8.0178372574e-1 5.3452248382e-1 2.6726124191e-1
vn 7.4420840754e-1 6.2017367295e-1 2.4806946918e-1
vn 8.2384152568e-1 -5.0697940042e-1 2.5348970021e-1
vn 8.7447463220e-1 -4.0360367640e-1 2.6906911760e-1
vn 9.1694930062e-1 -2.8213824634e-1 2.8213824634e-1
vn 9.4561085769e-1 -1.4547859349e-1 2.9095718698e-1
vn 9.5577900872e-1 -0.0000000000e0 2.9408584884e-1
vn 9.4561085769e-1 1.4547859349e-1 2.9095718698e-1
vn 9.1694930062e-1 2.8213824634e-1 2.8213824634e-1
vn 8.7447463220e-1 4.0360367640e-1 2.6906911760e-1
vn 8.2384152568e-1 5.0697940042e-1 2.5348970021e-1
vn 8.8900088900e-1 -3.8100038100e-1 2.5400025400e-1
vn 9.2717264995e-1 -2.6490647141e-1 2.6490647141e-1
vn 9.5257934442e-1 -1.3608276349e-1 2.7216552698e-1
vn 9.6152394764e-1 -0.0000000000e0 2.7472112790e-1
vn 9.5257934442e-1 1.3608276349e-1 2.7216552698e-1
vn 9.2717264995e-1 2.6490647141e-1 2.6490647141e-1
vn 8.8900088900e-1 3.8100038100e-1 2.5400025400e-1
vn 9.3567429233e-1 -2.4951314462e-1 2.4951314462e-1
vn 9.5831484750e-1 -1.2777531300e-1 2.5555062600e-1
vn 9.6623493960e-1 -0.0000000000e0 2.5766265056e-1
vn 9.5831484750e-1 1.2777531300e-1 2.5555062600e-1
vn 9.3567429233e-1 2.4951314462e-1 2.4951314462e-1
vn 6.0760124544e-2 -9.6811131773e-1 2.4304049817e-1
vn 6.0760124544e-2 9.6811131773e-1 2.4304049817e-1
vn 1.2132333263e-1 -9.6249843886e-1 2.4264666526e-1
vn 1.2132333263e-1 9.6249843886e-1 2.4264666526e-1
vn 1.8235638643e-1 -9.5269522398e-1 2.4314184857e-1
vn 1.8235638643e-1 9.5269522398e-1 2.4314184857e-1
vn 2.4295617296e-1 -9.3911905318e-1 2.4295617296e-1
vn 2.4295617296e-1 9.3911905318e-1 2.4295617296e-1
vn 3.0384160973e-1 -9.2119251677e-1 2.4307328778e-1
vn 3.0384160973e-1 9.2119251677e-1 2.4307328778e-1
vn 3.6499060068e-1 -8.9865110016e-1 2.4332706712e-1
vn 3.6499060068e-1 8.9865110016e-1 2.4332706712e-1
vn 4.2446273534e-1 -8.7235360868e-1 2.4255013448e-1
vn 4.2446273534e-1 8.7235360868e-1 2.4255013448e-1
vn 4.8702040267e-1 -8.3875736016e-1 2.4351020134e-1
vn 4.8702040267e-1 8.3875736016e-1 2.4351020134e-1
vn 5.4735664913e-1 -8.0076250521e-1 2.4326962184e-1
vn 5.4735664913e-1 8.0076250521e-1 2.4326962184e-1
vn 6.0805230765e-1 -7.5572215380e-1 2.4322092306e-1
vn 6.0805230765e-1 7.5572215380e-1 2.4322092306e-1
vn 6.7037039887e-1 -7.0084178064e-1 2.4377105413e-1
vn 6.7037039887e-1 7.0084178064e-1 2.4377105413e-1
vn 7.2793465058e-1 -6.4127576360e-1 2.4264488353e-1
vn 7.2793465058e-1 6.4127576360e-1 2.4264488353e-1
vn 7.9303314056e-1 -5.5817332585e-1 2.4401019709e-1
vn 7.9303314056e-1 5.5817332585e-1 2.4401019709e-1
vn 8.4998476763e-1 -4.6749162220e-1 2.4285279075e-1
vn 8.4998476763e-1 4.6749162220e-1 2.4285279075e-1
vn 9.1531077216e-1 -3.2035877026e-1 2.4408287258e-1
vn 9.1531077216e-1 3.2035877026e-1 2.4408287258e-1
vn 4.6446424971e-1 -8.5151779113e-1 2.4329079747e-1
vn 6.3732575506e-1 -7.3105013080e-1 2.4368337693e-1
vn 7.5533636597e-1 -6.0846540592e-1 2.4338616237e-1
vn 8.3903365411e-1 -4.8663951938e-1 2.4331975969e-1
vn 8.9790922991e-1 -3.6625244904e-1 2.4416829936e-1
vn 9.3927888454e-1 -2.4264704517e-1 2.4264704517e-1
vn 9.6197221058e-1 -1.2215520134e-1 2.4431040269e-1
vn 9.6197221058e-1 1.2215520134e-1 2.4431040269e-1
vn 9.3927888454e-1 2.4264704517e-1 2.4264704517e-1
vn 8.9790922991e-1 3.6625244904e-1 2.4416829936e-1
vn 8.3903365411e-1 4.8663951938e-1 2.4331975969e-1
vn 7.5533636597e-1 6.0846540592e-1 2.4338616237e-1
vn 6.3732575506e-1 7.3105013080e-1 2.4368337693e-1
vn 4.6446424971e-1 8.5151779113e-1 2.4329079747e-1
vn 0.0000000000e0 -9.7014250015e-1 2.4253562504e-1
vn 0.0000000000e0 -9.6152394764e-1 2.7472112790e-1
vn 0.0000000000e0 -9.4868329805e-1 3.1622776602e-1
vn 0.0000000000e0 -9.2847669089e-1 3.7139067635e-1
vn 0.0000000000e0 -8.9442719100e-1 4.4721359550e-1
vn -2.6943040671e-17 -8.3205029434e-1 5.5470019623e-1
vn 0.0000000000e0 -7.0710678119e-1 7.0710678119e-1
vn 4.9650683065e-17 -4.4721359550e-1 8.9442719100e-1
vn 0.0000000000e0 -1.2079226508e-13 1.0000000000e0
vn -0.0000000000e0 4.4721359550e-1 8.9442719100e-1
vn -0.0000000000e0 7.0710678119e-1 7.0710678119e-1
vn -0.0000000000e0 8.3205029434e-1 5.5470019623e-1
vn -4.9650683065e-17 8.9442719100e-1 4.4721359550e-1
vn -0.0000000000e0 9.2847669089e-1 3.7139067635e-1
vn -0.0000000000e0 9.4868329805e-1 3.1622776602e-1
vn -0.0000000000e0 9.6152394764e-1 2.7472112790e-1
vn -0.0000000000e0 9.7014250015e-1 2.4253562504e-1
vn -1.2877997790e-1 9.6155716829e-1 2.4253562504e-1
vn -2.7163990004e-1 9.3133680014e-1 2.4253562504e-1
vn -4.2511862366e-1 8.7203820238e-1 2.4253562504e-1
vn -5.8208550009e-1 7.7611400012e-1 2.4253562504e-1
vn -7.3092928093e-1 6.3790191790e-1 2.4253562504e-1
vn -8.5600808836e-1 4.5653764713e-1 2.4253562504e-1
vn -9.4029196168e-1 2.3880430773e-1 2.4253562504e-1
vn -9.7014250015e-1 0.0000000000e0 2.4253562504e-1
vn -9.4029196168e-1 -2.3880430773e-1 2.4253562504e-1
vn -8.5600808836e-1 -4.5653764713e-1 2.4253562504e-1
vn -7.3092928093e-1 -6.3790191790e-1 2.4253562504e-1
vn -5.8208550009e-1 -7.7611400012e-1 2.4253562504e-1
vn -4.2511862366e-1 -8.7203820238e-1 2.4253562504e-1
vn -2.7163990004e-1 -9.3133680014e-1 2.4253562504e-1
vn -1.2877997790e-1 -9.6155716829e-1 2.4253562504e-1
vn -9.3567429233e-1 -2.4951314462e-1 2.4951314462e-1
vn -9.5831484750e-1 -1.2777531300e-1 2.5555062600e-1
vn -9.6623493960e-1 0.0000000000e0 2.5766265056e-1
vn -9.5831484750e-1 1.2777531300e-1 2.5555062600e-1
vn -9.3567429233e-1 2.4951314462e-1 2.4951314462e-1
vn -8.8900088900e-1 -3.8100038100e-1 2.5400025400e-1
vn -9.2717264995e-1 -2.6490647141e-1 2.6490647141e-1
vn -9.5257934442e-1 -1.3608276349e-1 2.7216552698e-1
vn -9.6152394764e-1 0.0000000000e0 2.7472112790e-1
vn -9.5257934442e-1 1.3608276349e-1 2.7216552698e-1
vn -9.2717264995e-1 2.6490647141e-1 2.6490647141e-1
vn -8.8900088900e-1 3.8100038100e-1 2.5400025400e-1
vn -8.2384152568e-1 -5.0697940042e-1 2.5348970021e-1
vn -8.7447463220e-1 -4.0360367640e-1 2.6906911760e-1
vn -9.1694930062e-1 -2.8213824634e-1 2.8213824634e-1
vn -9.4561085769e-1 -1.4547859349e-1 2.9095718698e-1
vn -9.5577900872e-1 0.0000000000e0 2.9408584884e-1
vn -9.4561085769e-1 1.4547859349e-1 2.9095718698e-1
vn -9.1694930062e-1 2.8213824634e-1 2.8213824634e-1
vn -8.7447463220e-1 4.0360367640e-1 2.6906911760e-1
vn -8.2384152568e-1 5.0697940042e-1 2.5348970021e-1
vn -7.4420840754e-1 -6.2017367295e-1 2.4806946918e-1
vn -8.0178372574e-1 -5.3452248382e-1 2.6726124191e-1
vn -8.5714285714e-1 -4.2857142857e-1 2.8571428571e-1
vn -9.0453403373e-1 -3.0151134458e-1 3.0151134458e-1
vn -9.3704257133e-1 -1.5617376189e-1 3.1234752378e-1
vn -9.4868329805e-1 0.0000000000e0 3.1622776602e-1
vn -9.3704257133e-1 1.5617376189e-1 3.1234752378e-1
vn -9.0453403373e-1 3.0151134458e-1 3.0151134458e-1
vn -8.5714285714e-1 4.2857142857e-1 2.8571428571e-1
vn -8.0178372574e-1 5.3452248382e-1 2.6726124191e-1
vn -7.4420840754e-1 6.2017367295e-1 2.4806946918e-1
vn -7.1452678271e-1 -6.4956980246e-1 2.5982792098e-1
vn -7.7588017744e-1 -5.6427649269e-1 2.8213824634e-1
vn -8.3631451340e-1 -4.5617155276e-1 3.0411436851e-1
vn -8.8929729180e-1 -3.2338083338e-1 3.2338083338e-1
vn -9.2636711317e-1 -1.6843038421e-1 3.3686076843e-1
vn -9.3979342349e-1 0.0000000000e0 3.4174306309e-1
vn -9.2636711317e-1 1.6843038421e-1 3.3686076843e-1
vn -8.8929729180e-1 3.2338083338e-1 3.2338083338e-1
vn -8.3631451340e-1 4.5617155276e-1 3.0411436851e-1
vn -7.7588017744e-1 5.6427649269e-1 2.8213824634e-1
vn -7.1452678271e-1 6.4956980246e-1 2.5982792098e-1
vn -6.2017367295e-1 -7.4420840754e-1 2.4806946918e-1
vn -6.8041381744e-1 -6.8041381744e-1 2.7216552698e-1
vn -7.4535599250e-1 -5.9628479400e-1 2.9814239700e-1
vn -8.1110710565e-1 -4.8666426339e-1 3.2444284226e-1
vn -8.7038827978e-1 -3.4815531191e-1 3.4815531191e-1
vn -9.1287092918e-1 -1.8257418584e-1 3.6514837167e-1
vn -9.2847669089e-1 0.0000000000e0 3.7139067635e-1
vn -9.1287092918e-1 1.8257418584e-1 3.6514837167e-1
vn -8.7038827978e-1 3.4815531191e-1 3.4815531191e-1
vn -8.1110710565e-1 4.8666426339e-1 3.2444284226e-1
vn -7.4535599250e-1 5.9628479400e-1 2.9814239700e-1
vn -6.8041381744e-1 6.8041381744e-1 2.7216552698e-1
vn -6.2017367295e-1 7.4420840754e-1 2.4806946918e-1
vn -5.7974096376e-1 -7.7298795168e-1 2.5766265056e-1
vn -6.4122344989e-1 -7.1247049988e-1 2.8498819995e-1
vn -7.0929936562e-1 -6.3048832499e-1 3.1524416250e-1
vn -7.8039897257e-1 -5.2026598171e-1 3.4684398781e-1
vn -8.4664878155e-1 -3.7628834735e-1 3.7628834735e-1
vn -8.9553347119e-1 -1.9900743804e-1 3.9801487608e-1
vn -9.1381154862e-1 0.0000000000e0 4.0613846605e-1
vn -8.9553347119e-1 1.9900743804e-1 3.9801487608e-1
vn -8.4664878155e-1 3.7628834735e-1 3.7628834735e-1
vn -7.8039897257e-1 5.2026598171e-1 3.4684398781e-1
vn -7.0929936562e-1 6.3048832499e-1 3.1524416250e-1
vn -6.4122344989e-1 7.1247049988e-1 2.8498819995e-1
vn -5.7974096376e-1 7.7298795168e-1 2.5766265056e-1
vn -5.3452248382e-1 -8.0178372574e-1 2.6726124191e-1
vn -5.9628479400e-1 -7.4535599250e-1 2.9814239700e-1
vn -6.6666666667e-1 -6.6666666667e-1 3.3333333333e-1
vn -7.4278135271e-1 -5.5708601453e-1 3.7139067635e-1
vn -8.1649658093e-1 -4.0824829046e-1 4.0824829046e-1
vn -8.7287156094e-1 -2.1821789024e-1 4.3643578047e-1
vn -8.9442719100e-1 0.0000000000e0 4.4721359550e-1
vn -8.7287156094e-1 2.1821789024e-1 4.3643578047e-1
vn -8.1649658093e-1 4.0824829046e-1 4.0824829046e-1
vn -7.4278135271e-1 5.5708601453e-1 3.7139067635e-1
vn -6.6666666667e-1 6.6666666667e-1 3.3333333333e-1
vn -5.9628479400e-1 7.4535599250e-1 2.9814239700e-1
vn -5.3452248382e-1 8.0178372574e-1 2.6726124191e-1
vn -4.3328912241e-1 -8.6657824483e-1 2.4759378424e-1
vn -4.8420012471e-1 -8.3005735664e-1 2.7668578555e-1
vn -5.4494926091e-1 -7.7849894416e-1 3.1139957766e-1
vn -6.1631563443e-1 -7.0436072506e-1 3.5218036253e-1
vn -6.9652603315e-1 -5.9702231413e-1 3.9801487608e-1
vn -7.7777777778e-1 -4.4444444444e-1 4.4444444444e-1
vn -8.4270097160e-1 -2.4077170617e-1 4.8154341234e-1
vn -8.6824314212e-1 0.0000000000e0 4.9613893836e-1
vn -8.4270097160e-1 2.4077170617e-1 4.8154341234e-1
vn -7.7777777778e-1 4.4444444444e-1 4.4444444444e-1
vn -6.9652603315e-1 5.9702231413e-1 3.9801487608e-1
vn -6.1631563443e-1 7.0436072506e-1 3.5218036253e-1
vn -5.4494926091e-1 7.7849894416e-1 3.1139957766e-1
vn -4.8420012471e-1 8.3005735664e-1 2.7668578555e-1
vn -4.3328912241e-1 8.6657824483e-1 2.4759378424e-1
vn -3.8100038100e-1 -8.8900088900e-1 2.5400025400e-1
vn -4.2857142857e-1 -8.5714285714e-1 2.8571428571e-1
vn -4.8666426339e-1 -8.1110710565e-1 3.2444284226e-1
vn -5.5708601453e-1 -7.4278135271e-1 3.7139067635e-1
vn -6.3960214907e-1 -6.3960214907e-1 4.2640143271e-1
vn -7.2760687511e-1 -4.8507125007e-1 4.8507125007e-1
vn -8.0178372574e-1 -2.6726124191e-1 5.3452248382e-1
vn -8.3205029434e-1 0.0000000000e0 5.5470019623e-1
vn -8.0178372574e-1 2.6726124191e-1 5.3452248382e-1
vn -7.2760687511e-1 4.8507125007e-1 4.8507125007e-1
vn -6.3960214907e-1 6.3960214907e-1 4.2640143271e-1
vn -5.5708601453e-1 7.4278135271e-1 3.7139067635e-1
vn -4.8666426339e-1 8.1110710565e-1 3.2444284226e-1
vn -4.2857142857e-1 8.5714285714e-1 2.8571428571e-1
vn -3.8100038100e-1 8.8900088900e-1 2.5400025400e-1
vn -3.2478490123e-1 -9.0939772345e-1 2.5982792098e-1
vn -3.6760731105e-1 -8.8225754651e-1 2.9408584884e-1
vn -4.2107596053e-1 -8.4215192107e-1 3.3686076843e-1
vn -4.8795003647e-1 -7.8072005836e-1 3.9036002918e-1
vn -5.6980288230e-1 -6.8376345876e-1 4.5584230584e-1
vn -6.6226617853e-1 -5.2981294283e-1 5.2981294283e-1
vn -7.4535599250e-1 -2.9814239700e-1 5.9628479400e-1
vn -7.8086880944e-1 0.0000000000e0 6.2469504755e-1
vn -7.4535599250e-1 2.9814239700e-1 5.9628479400e-1
vn -6.6226617853e-1 5.2981294283e-1 5.2981294283e-1
vn -5.6980288230e-1 6.8376345876e-1 4.5584230584e-1
vn -4.8795003647e-1 7.8072005836e-1 3.9036002918e-1
vn -4.2107596053e-1 8.4215192107e-1 3.3686076843e-1
vn -3.6760731105e-1 8.8225754651e-1 2.9408584884e-1
vn -3.2478490123e-1 9.0939772345e-1 2.5982792098e-1
vn -2.6490647141e-1 -9.2717264995e-1 2.6490647141e-1
vn -3.0151134458e-1 -9.0453403373e-1 3.0151134458e-1
vn -3.4815531191e-1 -8.7038827978e-1 3.4815531191e-1
vn -4.0824829046e-1 -8.1649658093e-1 4.0824829046e-1
vn -4.8507125007e-1 -7.2760687511e-1 4.8507125007e-1
vn -5.7735026919e-1 -5.7735026919e-1 5.7735026919e-1
vn -6.6666666667e-1 -3.3333333333e-1 6.6666666667e-1
vn -7.0710678119e-1 0.0000000000e0 7.0710678119e-1
vn -6.6666666667e-1 3.3333333333e-1 6.6666666667e-1
vn -5.7735026919e-1 5.7735026919e-1 5.7735026919e-1
vn -4.8507125007e-1 7.2760687511e-1 4.8507125007e-1
vn -4.0824829046e-1 8.1649658093e-1 4.0824829046e-1
vn -3.4815531191e-1 8.7038827978e-1 3.4815531191e-1
vn -3.0151134458e-1 9.0453403373e-1 3.0151134458e-1
vn -2.6490647141e-1 9.2717264995e-1 2.6490647141e-1
vn -2.0180183820e-1 -9.4174191159e-1 2.6906911760e-1
vn -2.3076923077e-1 -9.2307692308e-1 3.0769230769e-1
vn -2.6832815730e-1 -8.9442719100e-1 3.5777087640e-1
vn -3.1799936400e-1 -8.4799830401e-1 4.2399915200e-1
vn -3.8411063980e-1 -7.6822127960e-1 5.1214751973e-1
vn -4.6852128567e-1 -6.2469504755e-1 6.2469504755e-1
vn -5.5708601453e-1 -3.7139067635e-1 7.4278135271e-1
vn -6.0000000000e-1 0.0000000000e0 8.0000000000e-1
vn -5.5708601453e-1 3.7139067635e-1 7.4278135271e-1
vn -4.6852128567e-1 6.2469504755e-1 6.2469504755e-1
vn -3.8411063980e-1 7.6822127960e-1 5.1214751973e-1
vn -3.1799936400e-1 8.4799830401e-1 4.2399915200e-1
vn -2.6832815730e-1 8.9442719100e-1 3.5777087640e-1
vn -2.3076923077e-1 9.2307692308e-1 3.0769230769e-1
vn -2.0180183820e-1 9.4174191159e-1 2.6906911760e-1
vn -1.3608276349e-1 -9.5257934442e-1 2.7216552698e-1
vn -1.5617376189e-1 -9.3704257133e-1 3.1234752378e-1
vn -1.8257418584e-1 -9.1287092918e-1 3.6514837167e-1
vn -2.1821789024e-1 -8.7287156094e-1 4.3643578047e-1
vn -2.6726124191e-1 -8.0178372574e-1 5.3452248382e-1
vn -3.3333333333e-1 -6.6666666667e-1 6.6666666667e-1
vn -4.0824829046e-1 -4.0824829046e-1 8.1649658093e-1
vn -4.4721359550e-1 0.0000000000e0 8.9442719100e-1
vn -4.0824829046e-1 4.0824829046e-1 8.1649658093e-1
vn -3.3333333333e-1 6.6666666667e-1 6.6666666667e-1
vn -2.6726124191e-1 8.0178372574e-1 5.3452248382e-1
vn -2.1821789024e-1 8.7287156094e-1 4.3643578047e-1
vn -1.8257418584e-1 9.1287092918e-1 3.6514837167e-1
vn -1.5617376189e-1 9.3704257133e-1 3.1234752378e-1
vn -1.3608276349e-1 9.5257934442e-1 2.7216552698e-1
vn -6.8518870983e-2 -9.5926419376e-1 2.7407548393e-1
vn -7.8811040624e-2 -9.4573248749e-1 3.1524416250e-1
vn -9.2450032704e-2 -9.2450032704e-1 3.6980013082e-1
vn -1.1111111111e-1 -8.8888888889e-1 4.4444444444e-1
vn -1.3736056395e-1 -8.2416338369e-1 5.4944225579e-1
vn -1.7407765596e-1 -6.9631062382e-1 6.9631062382e-1
vn -2.1821789024e-1 -4.3643578047e-1 8.7287156094e-1
vn -2.4253562504e-1 0.0000000000e0 9.7014250015e-1
vn -2.1821789024e-1 4.3643578047e-1 8.7287156094e-1
vn -1.7407765596e-1 6.9631062382e-1 6.9631062382e-1
vn -1.3736056395e-1 8.2416338369e-1 5.4944225579e-1
vn -1.1111111111e-1 8.8888888889e-1 4.4444444444e-1
vn -9.2450032704e-2 9.2450032704e-1 3.6980013082e-1
vn -7.8811040624e-2 9.4573248749e-1 3.1524416250e-1
vn -6.8518870983e-2 9.5926419376e-1 2.7407548393e-1
vn -9.1531077216e-1 -3.2035877026e-1 2.4408287258e-1
vn -9.1531077216e-1 3.2035877026e-1 2.4408287258e-1
vn -8.4998476763e-1 -4.6749162220e-1 2.4285279075e-1
vn -8.4998476763e-1 4.6749162220e-1 2.4285279075e-1
vn -7.9303314056e-1 -5.5817332585e-1 2.4401019709e-1
vn -7.9303314056e-1 5.5817332585e-1 2.4401019709e-1
vn -7.2793465058e-1 -6.4127576360e-1 2.4264488353e-1
vn -7.2793465058e-1 6.4127576360e-1 2.4264488353e-1
vn -6.7037039887e-1 -7.0084178064e-1 2.4377105413e-1
vn -6.7037039887e-1 7.0084178064e-1 2.4377105413e-1
vn -6.0805230765e-1 -7.5572215380e-1 2.4322092306e-1
vn -6.0805230765e-1 7.5572215380e-1 2.4322092306e-1
vn -5.4735664913e-1 -8.0076250521e-1 2.4326962184e-1
vn -5.4735664913e-1 8.0076250521e-1 2.4326962184e-1
vn -4.8702040267e-1 -8.3875736016e-1 2.4351020134e-1
vn -4.8702040267e-1 8.3875736016e-1 2.4351020134e-1
vn -4.2446273534e-1 -8.7235360868e-1 2.4255013448e-1
vn -4.2446273534e-1 8.7235360868e-1 2.4255013448e-1
vn -3.6499060068e-1 -8.9865110016e-1 2.4332706712e-1
vn -3.6499060068e-1 8.9865110016e-1 2.4332706712e-1
vn -3.0384160973e-1 -9.2119251677e-1 2.4307328778e-1
vn -3.0384160973e-1 9.2119251677e-1 2.4307328778e-1
vn -2.4295617296e-1 -9.3911905318e-1 2.4295617296e-1
vn -2.4295617296e-1 9.3911905318e-1 2.4295617296e-1
vn -1.8235638643e-1 -9.5269522398e-1 2.4314184857e-1
vn -1.8235638643e-1 9.5269522398e-1 2.4314184857e-1
vn -1.2132333263e-1 -9.6249843886e-1 2.4264666526e-1
vn -1.2132333263e-1 9.6249843886e-1 2.4264666526e-1
vn -6.0760124544e-2 -9.6811131773e-1 2.4304049817e-1
vn -6.0760124544e-2 9.6811131773e-1 2.4304049817e-1
vn -4.6446424971e-1 -8.5151779113e-1 2.4329079747e-1
vn -6.3732575506e-1 -7.3105013080e-1 2.4368337693e-1
vn -7.5533636597e-1 -6.0846540592e-1 2.4338616237e-1
vn -8.3903365411e-1 -4.8663951938e-1 2.4331975969e-1
vn -8.9790922991e-1 -3.6625244904e-1 2.4416829936e-1
vn -9.3927888454e-1 -2.4264704517e-1 2.4264704517e-1
vn -9.6197221058e-1 -1.2215520134e-1 2.4431040269e-1
vn -9.6197221058e-1 1.2215520134e-1 2.4431040269e-1
vn -9.3927888454e-1 2.4264704517e-1 2.4264704517e-1
vn -8.9790922991e-1 3.6625244904e-1 2.4416829936e-1
vn -8.3903365411e-1 4.8663951938e-1 2.4331975969e-1
vn -7.5533636597e-1 6.0846540592e-1 2.4338616237e-1
vn -6.3732575506e-1 7.3105013080e-1 2.4368337693e-1
vn -4.6446424971e-1 8.5151779113e-1 2.4329079747e-1
f 47/47/47 18/18/18 46/46/46
f 2/2/2 48/48/48 222/222/222
f 49/49/49 63/63/63 64/64/64
f 36/36/36 35/35/35 50/50/50
f 49/49/49 50/50/50 35/35/35
f 50/50/50 51/51/51 36/36/36
f 51/51/51 52/52/52 37/37/37
f 52/52/52 53/53/53 38/38/38
f 53/53/53 54/54/54 39/39/39
f 68/68/68 69/69/69 54/54/54
f 83/83/83 84/84/84 69/69/69
f 98/98/98 99/99/99 84/84/84
f 72/72/72 73/73/73 58/58/58
f 229/229/229 107/107/107 231/231/231
f 16/16/16 17/17/17 47/47/47
f 62/62/62 47/47/47 61/61/61
f 46/46/46 19/19/19 45/45/45
f 43/43/43 44/44/44 22/22/22
f 42/42/42 43/43/43 23/23/23
f 41/41/41 42/42/42 24/24/24
f 40/40/40 41/41/41 25/25/25
f 39/39/39 40/40/40 26/26/26
f 38/38/38 39/39/39 27/27/27
f 66/66/66 67/67/67 52/52/52
f 65/65/65 66/66/66 51/51/51
f 64/64/64 65/65/65 50/50/50
f 51/51/51 50/50/50 65/65/65
f 48/48/48 34/34/34 33/33/33
f 33/33/33 31/31/31 32/32/32
f 32/32/32 1/1/1 33/33/33
f 222/222/222 33/33/33 1/1/1
f 31/31/31 33/33/33 34/34/34
f 29/29/29 30/30/30 35/35/35
f 34/34/34 30/30/30 31/31/31
f 28/28/28 29/29/29 36/36/36
f 34/34/34 35/35/35 30/30/30
f 27/27/27 28/28/28 37/37/37
f 35/35/35 36/36/36 29/29/29
f 26/26/26 27/27/27 39/39/39
f 36/36/36 37/37/37 28/28/28
f 25/25/25 26/26/26 40/40/40
f 37/37/37 38/38/38 27/27/27
f 67/67/67 68/68/68 53/53/53
f 24/24/24 25/25/25 41/41/41
f 114/114/114 115/115/115 100/100/100
f 23/23/23 24/24/24 42/42/42
f 85/85/85 86/86/86 71/71/71
f 22/22/22 23/23/23 43/43/43
f 71/71/71 72/72/72 57/57/57
f 21/21/21 22/22/22 44/44/44
f 57/57/57 58/58/58 43/43/43
f 20/20/20 21/21/21 44/44/44
f 58/58/58 59/59/59 44/44/44
f 20/20/20 45/45/45 19/19/19
f 45/45/45 20/20/20 44/44/44
f 73/73/73 74/74/74 59/59/59
f 76/76/76 61/61/61 75/75/75
f 19/19/19 46/46/46 18/18/18
f 77/77/77 225/225/225 62/62/62
f 18/18/18 47/47/47 17/17/17
f 63/63/63 48/48/48 224/224/224
f 34/34/34 48/48/48 49/49/49
f 49/49/49 35/35/35 34/34/34
f 3/3/3 78/78/78 224/224/224
f 65/65/65 79/79/79 80/80/80
f 37/37/37 36/36/36 51/51/51
f 67/67/67 66/66/66 81/81/81
f 38/38/38 37/37/37 52/52/52
f 80/80/80 81/81/81 66/66/66
f 39/39/39 38/38/38 53/53/53
f 81/81/81 82/82/82 67/67/67
f 40/40/40 39/39/39 54/54/54
f 82/82/82 83/83/83 68/68/68
f 41/41/41 40/40/40 55/55/55
f 42/42/42 41/41/41 56/56/56
f 54/54/54 55/55/55 40/40/40
f 43/43/43 42/42/42 57/57/57
f 55/55/55 56/56/56 41/41/41
f 44/44/44 43/43/43 58/58/58
f 56/56/56 57/57/57 42/42/42
f 86/86/86 87/87/87 72/72/72
f 45/45/45 44/44/44 59/59/59
f 87/87/87 88/88/88 73/73/73
f 90/90/90 75/75/75 89/89/89
f 45/45/45 60/60/60 46/46/46
f 60/60/60 45/45/45 59/59/59
f 46/46/46 61/61/61 47/47/47
f 61/61/61 46/46/46 60/60/60
f 77/77/77 62/62/62 76/76/76
f 47/47/47 62/62/62 16/16/16
f 63/63/63 49/49/49 48/48/48
f 2/2/2 224/224/224 48/48/48
f 64/64/64 50/50/50 49/49/49
f 78/78/78 64/64/64 63/63/63
f 108/108/108 94/94/94 93/93/93
f 52/52/52 51/51/51 66/66/66
f 82/82/82 81/81/81 96/96/96
f 53/53/53 52/52/52 67/67/67
f 95/95/95 96/96/96 81/81/81
f 54/54/54 53/53/53 68/68/68
f 96/96/96 97/97/97 82/82/82
f 55/55/55 54/54/54 69/69/69
f 97/97/97 98/98/98 83/83/83
f 56/56/56 55/55/55 70/70/70
f 57/57/57 56/56/56 71/71/71
f 69/69/69 70/70/70 55/55/55
f 58/58/58 57/57/57 72/72/72
f 70/70/70 71/71/71 56/56/56
f 100/100/100 101/101/101 86/86/86
f 59/59/59 58/58/58 73/73/73
f 101/101/101 102/102/102 87/87/87
f 60/60/60 59/59/59 74/74/74
f 102/102/102 103/103/103 88/88/88
f 150/150/150 235/235/235 136/136/136
f 60/60/60 75/75/75 61/61/61
f 75/75/75 60/60/60 74/74/74
f 91/91/91 76/76/76 90/90/90
f 61/61/61 76/76/76 62/62/62
f 107/107/107 92/92/92 106/106/106
f 16/16/16 62/62/62 225/225/225
f 78/78/78 3/3/3 93/93/93
f 64/64/64 78/78/78 79/79/79
f 79/79/79 65/65/65 64/64/64
f 93/93/93 79/79/79 78/78/78
f 80/80/80 66/66/66 65/65/65
f 94/94/94 80/80/80 79/79/79
f 124/124/124 110/110/110 109/109/109
f 68/68/68 67/67/67 82/82/82
f 98/98/98 97/97/97 112/112/112
f 69/69/69 68/68/68 83/83/83
f 111/111/111 112/112/112 97/97/97
f 70/70/70 69/69/69 84/84/84
f 112/112/112 113/113/113 98/98/98
f 71/71/71 70/70/70 85/85/85
f 72/72/72 71/71/71 86/86/86
f 84/84/84 85/85/85 70/70/70
f 113/113/113 114/114/114 99/99/99
f 73/73/73 72/72/72 87/87/87
f 115/115/115 116/116/116 101/101/101
f 74/74/74 73/73/73 88/88/88
f 116/116/116 117/117/117 102/102/102
f 119/119/119 104/104/104 118/118/118
f 74/74/74 89/89/89 75/75/75
f 89/89/89 74/74/74 88/88/88
f 105/105/105 90/90/90 104/104/104
f 75/75/75 90/90/90 76/76/76
f 121/121/121 106/106/106 120/120/120
f 76/76/76 91/91/91 77/77/77
f 77/77/77 92/92/92 225/225/225
f 92/92/92 77/77/77 91/91/91
f 93/93/93 3/3/3 108/108/108
f 79/79/79 93/93/93 94/94/94
f 109/109/109 108/108/108 123/123/123
f 80/80/80 94/94/94 95/95/95
f 95/95/95 81/81/81 80/80/80
f 109/109/109 95/95/95 94/94/94
f 125/125/125 138/138/138 139/139/139
f 83/83/83 82/82/82 97/97/97
f 112/112/112 126/126/126 127/127/127
f 84/84/84 83/83/83 98/98/98
f 114/114/114 113/113/113 128/128/128
f 85/85/85 84/84/84 99/99/99
f 127/127/127 128/128/128 113/113/113
f 86/86/86 85/85/85 100/100/100
f 87/87/87 86/86/86 101/101/101
f 99/99/99 100/100/100 85/85/85
f 129/129/129 130/130/130 115/115/115
f 88/88/88 87/87/87 102/102/102
f 130/130/130 131/131/131 116/116/116
f 89/89/89 88/88/88 103/103/103
f 133/133/133 118/118/118 132/132/132
f 149/149/149 135/135/135 148/148/148
f 89/89/89 104/104/104 90/90/90
f 104/104/104 89/89/89 103/103/103
f 13/13/13 163/163/163 176/176/176
f 90/90/90 105/105/105 91/91/91
f 91/91/91 106/106/106 92/92/92
f 106/106/106 91/91/91 105/105/105
f 122/122/122 107/107/107 121/121/121
f 15/15/15 92/92/92 229/229/229
f 232/232/232 108/108/108 3/3/3
f 94/94/94 108/108/108 109/109/109
f 4/4/4 123/123/123 232/232/232
f 95/95/95 109/109/109 110/110/110
f 96/96/96 110/110/110 111/111/111
f 110/110/110 96/96/96 95/95/95
f 111/111/111 97/97/97 96/96/96
f 125/125/125 111/111/111 110/110/110
f 126/126/126 140/140/140 127/127/127
f 99/99/99 98/98/98 113/113/113
f 179/179/179 190/190/190 180/180/180
f 100/100/100 99/99/99 114/114/114
f 130/130/130 129/129/129 143/143/143
f 101/101/101 100/100/100 115/115/115
f 128/128/128 129/129/129 114/114/114
f 102/102/102 101/101/101 116/116/116
f 143/143/143 144/144/144 130/130/130
f 103/103/103 102/102/102 117/117/117
f 159/159/159 171/171/171 172/172/172
f 186/186/186 196/196/196 197/197/197
f 103/103/103 118/118/118 104/104/104
f 118/118/118 103/103/103 117/117/117
f 134/134/134 119/119/119 133/133/133
f 104/104/104 119/119/119 105/105/105
f 105/105/105 120/120/120 106/106/106
f 120/120/120 105/105/105 119/119/119
f 136/136/136 121/121/121 135/135/135
f 106/106/106 121/121/121 107/107/107
f 137/137/137 122/122/122 136/136/136
f 107/107/107 229/229/229 92/92/92
f 250/250/250 4/4/4 5/5/5
f 109/109/109 123/123/123 124/124/124
f 138/138/138 124/124/124 250/250/250
f 110/110/110 124/124/124 125/125/125
f 139/139/139 151/151/151 152/152/152
f 111/111/111 125/125/125 126/126/126
f 126/126/126 112/112/112 111/111/111
f 139/139/139 126/126/126 125/125/125
f 127/127/127 113/113/113 112/112/112
f 127/127/127 140/140/140 141/141/141
f 191/191/191 180/180/180 190/190/190
f 115/115/115 114/114/114 129/129/129
f 192/192/192 201/201/201 202/202/202
f 116/116/116 115/115/115 130/130/130
f 142/142/142 143/143/143 129/129/129
f 117/117/117 116/116/116 131/131/131
f 217/217/217 212/212/212 211/211/211
f 172/172/172 183/183/183 184/184/184
f 117/117/117 132/132/132 118/118/118
f 132/132/132 117/117/117 131/131/131
f 147/147/147 133/133/133 146/146/146
f 118/118/118 133/133/133 119/119/119
f 174/174/174 185/185/185 186/186/186
f 119/119/119 134/134/134 120/120/120
f 120/120/120 135/135/135 121/121/121
f 135/135/135 120/120/120 134/134/134
f 150/150/150 136/136/136 149/149/149
f 121/121/121 136/136/136 122/122/122
f 163/163/163 237/237/237 150/150/150
f 122/122/122 137/137/137 233/233/233
f 138/138/138 125/125/125 124/124/124
f 5/5/5 138/138/138 250/250/250
f 151/151/151 164/164/164 152/152/152
f 126/126/126 139/139/139 140/140/140
f 152/152/152 140/140/140 139/139/139
f 6/6/6 188/188/188 242/242/242
f 141/141/141 128/128/128 127/127/127
f 141/141/141 153/153/153 154/154/154
f 128/128/128 142/142/142 129/129/129
f 142/142/142 128/128/128 141/141/141
f 181/181/181 191/191/191 192/192/192
f 131/131/131 130/130/130 144/144/144
f 144/144/144 156/156/156 157/157/157
f 204/204/204 211/211/211 212/212/212
f 131/131/131 145/145/145 132/132/132
f 145/145/145 131/131/131 144/144/144
f 132/132/132 146/146/146 133/133/133
f 146/146/146 132/132/132 145/145/145
f 160/160/160 147/147/147 159/159/159
f 133/133/133 147/147/147 134/134/134
f 134/134/134 148/148/148 135/135/135
f 148/148/148 134/134/134 147/147/147
f 162/162/162 149/149/149 161/161/161
f 135/135/135 149/149/149 136/136/136
f 163/163/163 150/150/150 162/162/162
f 137/137/137 136/136/136 235/235/235
f 151/151/151 139/139/139 138/138/138
f 151/151/151 138/138/138 5/5/5
f 152/152/152 164/164/164 165/165/165
f 140/140/140 152/152/152 153/153/153
f 140/140/140 153/153/153 141/141/141
f 165/165/165 153/153/153 152/152/152
f 154/154/154 142/142/142 141/141/141
f 154/154/154 166/166/166 167/167/167
f 142/142/142 155/155/155 143/143/143
f 155/155/155 142/142/142 154/154/154
f 143/143/143 156/156/156 144/144/144
f 156/156/156 143/143/143 155/155/155
f 157/157/157 145/145/145 144/144/144
f 157/157/157 169/169/169 170/170/170
f 145/145/145 158/158/158 146/146/146
f 158/158/158 145/145/145 157/157/157
f 146/146/146 159/159/159 147/147/147
f 159/159/159 146/146/146 158/158/158
f 173/173/173 160/160/160 172/172/172
f 147/147/147 160/160/160 148/148/148
f 148/148/148 161/161/161 149/149/149
f 161/161/161 148/148/148 160/160/160
f 175/175/175 162/162/162 174/174/174
f 149/149/149 162/162/162 150/150/150
f 175/175/175 176/176/176 163/163/163
f 235/235/235 150/150/150 237/237/237
f 164/164/164 151/151/151 238/238/238
f 238/238/238 5/5/5 242/242/242
f 177/177/177 165/165/165 240/240/240
f 178/178/178 177/177/177 188/188/188
f 153/153/153 166/166/166 154/154/154
f 166/166/166 153/153/153 165/165/165
f 167/167/167 155/155/155 154/154/154
f 167/167/167 178/178/178 179/179/179
f 155/155/155 168/168/168 156/156/156
f 168/168/168 155/155/155 167/167/167
f 156/156/156 169/169/169 157/157/157
f 169/169/169 156/156/156 168/168/168
f 170/170/170 158/158/158 157/157/157
f 170/170/170 181/181/181 182/182/182
f 158/158/158 171/171/171 159/159/159
f 171/171/171 158/158/158 170/170/170
f 206/206/206 213/213/213 214/214/214
f 159/159/159 172/172/172 160/160/160
f 185/185/185 173/173/173 184/184/184
f 160/160/160 173/173/173 161/161/161
f 161/161/161 174/174/174 162/162/162
f 174/174/174 161/161/161 173/173/173
f 187/187/187 175/175/175 186/186/186
f 162/162/162 175/175/175 163/163/163
f 187/187/187 262/262/262 175/175/175
f 243/243/243 12/12/12 262/262/262
f 177/177/177 166/166/166 165/165/165
f 177/177/177 242/242/242 188/188/188
f 166/166/166 178/178/178 167/167/167
f 178/178/178 166/166/166 177/177/177
f 179/179/179 168/168/168 167/167/167
f 179/179/179 189/189/189 190/190/190
f 168/168/168 180/180/180 169/169/169
f 180/180/180 168/168/168 179/179/179
f 169/169/169 181/181/181 170/170/170
f 181/181/181 169/169/169 180/180/180
f 182/182/182 171/171/171 170/170/170
f 182/182/182 192/192/192 193/193/193
f 171/171/171 183/183/183 172/172/172
f 183/183/183 171/171/171 182/182/182
f 172/172/172 184/184/184 173/173/173
f 184/184/184 194/194/194 195/195/195
f 219/219/219 214/214/214 213/213/213
f 173/173/173 185/185/185 174/174/174
f 198/198/198 207/207/207 260/260/260
f 174/174/174 186/186/186 175/175/175
f 198/198/198 187/187/187 197/197/197
f 176/176/176 175/175/175 262/262/262
f 246/246/246 6/6/6 7/7/7
f 178/178/178 189/189/189 179/179/179
f 189/189/189 178/178/178 188/188/188
f 199/199/199 246/246/246 200/200/200
f 190/190/190 199/199/199 200/200/200
f 254/254/254 7/7/7 8/8/8
f 201/201/201 191/191/191 200/200/200
f 180/180/180 191/191/191 181/181/181
f 256/256/256 8/8/8 9/9/9
f 181/181/181 192/192/192 182/182/182
f 193/193/193 183/183/183 182/182/182
f 193/193/193 202/202/202 203/203/203
f 183/183/183 194/194/194 184/184/184
f 194/194/194 183/183/183 193/193/193
f 195/195/195 185/185/185 184/184/184
f 195/195/195 204/204/204 205/205/205
f 185/185/185 196/196/196 186/186/186
f 196/196/196 185/185/185 195/195/195
f 186/186/186 197/197/197 187/187/187
f 197/197/197 206/206/206 207/207/207
f 11/11/11 260/260/260 207/207/207
f 187/187/187 198/198/198 243/243/243
f 189/189/189 199/199/199 190/190/190
f 199/199/199 189/189/189 188/188/188
f 190/190/190 200/200/200 191/191/191
f 200/200/200 246/246/246 208/208/208
f 209/209/209 201/201/201 208/208/208
f 191/191/191 201/201/201 192/192/192
f 192/192/192 202/202/202 193/193/193
f 202/202/202 209/209/209 210/210/210
f 203/203/203 194/194/194 193/193/193
f 203/203/203 210/210/210 211/211/211
f 194/194/194 204/204/204 195/195/195
f 204/204/204 194/194/194 203/203/203
f 205/205/205 196/196/196 195/195/195
f 205/205/205 212/212/212 213/213/213
f 196/196/196 206/206/206 197/197/197
f 206/206/206 196/196/196 205/205/205
f 207/207/207 198/198/198 197/197/197
f 11/11/11 207/207/207 206/206/206
f 200/200/200 208/208/208 201/201/201
f 7/7/7 208/208/208 246/246/246
f 8/8/8 215/215/215 254/254/254
f 201/201/201 209/209/209 202/202/202
f 202/202/202 210/210/210 203/203/203
f 210/210/210 215/215/215 216/216/216
f 211/211/211 204/204/204 203/203/203
f 211/211/211 216/216/216 217/217/217
f 257/257/257 9/9/9 10/10/10
f 204/204/204 212/212/212 205/205/205
f 213/213/213 206/206/206 205/205/205
f 213/213/213 218/218/218 219/219/219
f 258/258/258 10/10/10 11/11/11
f 214/214/214 11/11/11 206/206/206
f 209/209/209 215/215/215 210/210/210
f 215/215/215 209/209/209 254/254/254
f 210/210/210 216/216/216 211/211/211
f 8/8/8 216/216/216 215/215/215
f 9/9/9 217/217/217 256/256/256
f 212/212/212 217/217/217 218/218/218
f 212/212/212 218/218/218 213/213/213
f 218/218/218 217/217/217 257/257/257
f 10/10/10 219/219/219 218/218/218
f 214/214/214 219/219/219 258/258/258
f 222/222/222 1/1/1 2/2/2
f 33/33/33 222/222/222 48/48/48
f 224/224/224 2/2/2 3/3/3
f 63/63/63 224/224/224 78/78/78
f 15/15/15 225/225/225 92/92/92
f 225/225/225 15/15/15 16/16/16
f 122/122/122 231/231/231 107/107/107
f 231/231/231 14/14/14 15/15/15
f 231/231/231 15/15/15 229/229/229
f 233/233/233 231/231/231 122/122/122
f 232/232/232 3/3/3 4/4/4
f 108/108/108 232/232/232 123/123/123
f 14/14/14 233/233/233 137/137/137
f 233/233/233 14/14/14 231/231/231
f 13/13/13 14/14/14 237/237/237
f 263/263/263 14/14/14 137/137/137
f 237/237/237 163/163/163 13/13/13
f 235/235/235 237/237/237 14/14/14
f 164/164/164 240/240/240 165/165/165
f 5/5/5 238/238/238 151/151/151
f 251/251/251 164/164/164 238/238/238
f 6/6/6 242/242/242 5/5/5
f 240/240/240 242/242/242 177/177/177
f 242/242/242 240/240/240 238/238/238
f 262/262/262 13/13/13 176/176/176
f 12/12/12 243/243/243 198/198/198
f 188/188/188 246/246/246 199/199/199
f 246/246/246 188/188/188 6/6/6
f 123/123/123 250/250/250 124/124/124
f 250/250/250 123/123/123 4/4/4
f 251/251/251 238/238/238 240/240/240
f 251/251/251 240/240/240 164/164/164
f 208/208/208 254/254/254 209/209/209
f 254/254/254 208/208/208 7/7/7
f 216/216/216 256/256/256 217/217/217
f 256/256/256 216/216/216 8/8/8
f 257/257/257 10/10/10 218/218/218
f 9/9/9 257/257/257 217/217/217
f 258/258/258 11/11/11 214/214/214
f 10/10/10 258/258/258 219/219/219
f 260/260/260 11/11/11 12/12/12
f 260/260/260 12/12/12 198/198/198
f 243/243/243 262/262/262 187/187/187
f 13/13/13 262/262/262 12/12/12
f 263/263/263 137/137/137 235/235/235
f 263/263/263 235/235/235 14/14/14
f 468/468/468 511/511/511 265/265/265
f 408/408/408 423/423/423 409/409/409
f 379/379/379 393/393/393 394/394/394
f 292/292/292 352/352/352 339/339/339
f 319/319/319 318/318/318 329/329/329
f 302/302/302 301/301/301 309/309/309
f 297/297/297 296/296/296 302/302/302
f 301/301/301 302/302/302 483/483/483
f 302/302/302 303/303/303 297/297/297
f 311/311/311 312/312/312 304/304/304
f 372/372/372 373/373/373 360/360/360
f 345/345/345 346/346/346 334/334/334
f 275/275/275 478/478/478 274/274/274
f 376/376/376 390/390/390 377/377/377
f 421/421/421 436/436/436 422/422/422
f 279/279/279 280/280/280 482/482/482
f 282/282/282 437/437/437 508/508/508
f 377/377/377 496/496/496 364/364/364
f 376/376/376 389/389/389 390/390/390
f 373/373/373 374/374/374 361/361/361
f 322/322/322 323/323/323 313/313/313
f 304/304/304 305/305/305 299/299/299
f 297/297/297 298/298/298 288/288/288
f 296/296/296 297/297/297 289/289/289
f 308/308/308 309/309/309 485/485/485
f 309/309/309 301/301/301 485/485/485
f 317/317/317 291/291/291 328/328/328
f 340/340/340 339/339/339 352/352/352
f 378/378/378 379/379/379 497/497/497
f 294/294/294 423/423/423 503/503/503
f 288/288/288 289/289/289 297/297/297
f 296/296/296 483/483/483 302/302/302
f 309/309/309 310/310/310 302/302/302
f 299/299/299 520/520/520 298/298/298
f 310/310/310 311/311/311 303/303/303
f 305/305/305 306/306/306 300/300/300
f 288/288/288 298/298/298 520/520/520
f 303/303/303 304/304/304 298/298/298
f 307/307/307 484/484/484 306/306/306
f 300/300/300 287/287/287 299/299/299
f 289/289/289 483/483/483 296/296/296
f 290/290/290 485/485/485 301/301/301
f 318/318/318 319/319/319 309/309/309
f 298/298/298 297/297/297 303/303/303
f 319/319/319 320/320/320 310/310/310
f 299/299/299 298/298/298 304/304/304
f 320/320/320 321/321/321 311/311/311
f 300/300/300 299/299/299 305/305/305
f 321/321/321 322/322/322 312/312/312
f 521/521/521 300/300/300 484/484/484
f 312/312/312 313/313/313 305/305/305
f 333/333/333 334/334/334 323/323/323
f 316/316/316 286/286/286 315/315/315
f 300/300/300 306/306/306 484/484/484
f 308/308/308 487/487/487 318/318/318
f 309/309/309 308/308/308 318/318/318
f 328/328/328 329/329/329 318/318/318
f 303/303/303 302/302/302 310/310/310
f 329/329/329 330/330/330 319/319/319
f 304/304/304 303/303/303 311/311/311
f 330/330/330 331/331/331 320/320/320
f 305/305/305 304/304/304 312/312/312
f 331/331/331 332/332/332 321/321/321
f 306/306/306 305/305/305 313/313/313
f 332/332/332 333/333/333 322/322/322
f 307/307/307 306/306/306 314/314/314
f 358/358/358 359/359/359 346/346/346
f 313/313/313 314/314/314 306/306/306
f 307/307/307 315/315/315 286/286/286
f 315/315/315 307/307/307 314/314/314
f 286/286/286 316/316/316 524/524/524
f 327/327/327 524/524/524 326/326/326
f 365/365/365 497/497/497 379/379/379
f 310/310/310 309/309/309 319/319/319
f 317/317/317 318/318/318 487/487/487
f 353/353/353 352/352/352 365/365/365
f 340/340/340 341/341/341 329/329/329
f 311/311/311 310/310/310 320/320/320
f 341/341/341 342/342/342 330/330/330
f 312/312/312 311/311/311 321/321/321
f 342/342/342 343/343/343 331/331/331
f 313/313/313 312/312/312 322/322/322
f 343/343/343 344/344/344 332/332/332
f 314/314/314 313/313/313 323/323/323
f 344/344/344 345/345/345 333/333/333
f 315/315/315 314/314/314 324/324/324
f 316/316/316 315/315/315 325/325/325
f 323/323/323 324/324/324 314/314/314
f 338/338/338 490/490/490 327/327/327
f 324/324/324 325/325/325 315/315/315
f 325/325/325 326/326/326 316/316/316
f 371/371/371 372/372/372 359/359/359
f 316/316/316 326/326/326 524/524/524
f 338/338/338 327/327/327 337/337/337
f 328/328/328 318/318/318 317/317/317
f 328/328/328 514/514/514 340/340/340
f 352/352/352 353/353/353 340/340/340
f 320/320/320 319/319/319 330/330/330
f 353/353/353 354/354/354 341/341/341
f 321/321/321 320/320/320 331/331/331
f 354/354/354 355/355/355 342/342/342
f 322/322/322 321/321/321 332/332/332
f 355/355/355 356/356/356 343/343/343
f 323/323/323 322/322/322 333/333/333
f 356/356/356 357/357/357 344/344/344
f 324/324/324 323/323/323 334/334/334
f 357/357/357 358/358/358 345/345/345
f 325/325/325 324/324/324 335/335/335
f 326/326/326 325/325/325 336/336/336
f 334/334/334 335/335/335 324/324/324
f 276/276/276 479/479/479 275/275/275
f 335/335/335 336/336/336 325/325/325
f 326/326/326 337/337/337 327/327/327
f 337/337/337 326/326/326 336/336/336
f 348/348/348 349/349/349 337/337/337
f 285/285/285 327/327/327 490/490/490
f 514/514/514 291/291/291 292/292/292
f 329/329/329 328/328/328 340/340/340
f 330/330/330 329/329/329 341/341/341
f 339/339/339 340/340/340 514/514/514
f 365/365/365 366/366/366 353/353/353
f 331/331/331 330/330/330 342/342/342
f 366/366/366 367/367/367 354/354/354
f 332/332/332 331/331/331 343/343/343
f 367/367/367 368/368/368 355/355/355
f 333/333/333 332/332/332 344/344/344
f 368/368/368 369/369/369 356/356/356
f 334/334/334 333/333/333 345/345/345
f 359/359/359 358/358/358 371/371/371
f 335/335/335 334/334/334 346/346/346
f 370/370/370 371/371/371 358/358/358
f 336/336/336 335/335/335 347/347/347
f 337/337/337 336/336/336 348/348/348
f 346/346/346 347/347/347 335/335/335
f 338/338/338 337/337/337 349/349/349
f 347/347/347 348/348/348 336/336/336
f 478/478/478 275/275/275 479/479/479
f 338/338/338 350/350/350 525/525/525
f 350/350/350 338/338/338 349/349/349
f 363/363/363 364/364/364 351/351/351
f 284/284/284 351/351/351 364/364/364
f 284/284/284 285/285/285 525/525/525
f 365/365/365 352/352/352 497/497/497
f 341/341/341 340/340/340 353/353/353
f 366/366/366 379/379/379 380/380/380
f 342/342/342 341/341/341 354/354/354
f 367/367/367 380/380/380 381/381/381
f 343/343/343 342/342/342 355/355/355
f 368/368/368 381/381/381 382/382/382
f 344/344/344 343/343/343 356/356/356
f 369/369/369 382/382/382 383/383/383
f 345/345/345 344/344/344 357/357/357
f 370/370/370 383/383/383 384/384/384
f 346/346/346 345/345/345 358/358/358
f 371/371/371 384/384/384 385/385/385
f 347/347/347 346/346/346 359/359/359
f 372/372/372 385/385/385 386/386/386
f 348/348/348 347/347/347 360/360/360
f 349/349/349 348/348/348 361/361/361
f 359/359/359 360/360/360 347/347/347
f 350/350/350 349/349/349 362/362/362
f 360/360/360 361/361/361 348/348/348
f 390/390/390 404/404/404 405/405/405
f 361/361/361 362/362/362 349/349/349
f 350/350/350 363/363/363 351/351/351
f 363/363/363 350/350/350 362/362/362
f 377/377/377 364/364/364 376/376/376
f 496/496/496 377/377/377 498/498/498
f 394/394/394 393/393/393 408/408/408
f 354/354/354 353/353/353 366/366/366
f 380/380/380 394/394/394 395/395/395
f 355/355/355 354/354/354 367/367/367
f 367/367/367 381/381/381 368/368/368
f 356/356/356 355/355/355 368/368/368
f 382/382/382 396/396/396 397/397/397
f 357/357/357 356/356/356 369/369/369
f 383/383/383 397/397/397 398/398/398
f 384/384/384 398/398/398 399/399/399
f 357/357/357 370/370/370 358/358/358
f 370/370/370 357/357/357 369/369/369
f 385/385/385 399/399/399 400/400/400
f 360/360/360 359/359/359 372/372/372
f 386/386/386 400/400/400 401/401/401
f 361/361/361 360/360/360 373/373/373
f 387/387/387 373/373/373 386/386/386
f 362/362/362 361/361/361 374/374/374
f 477/477/477 274/274/274 478/478/478
f 363/363/363 362/362/362 375/375/375
f 406/406/406 421/421/421 407/407/407
f 374/374/374 375/375/375 362/362/362
f 363/363/363 376/376/376 364/364/364
f 376/376/376 363/363/363 375/375/375
f 390/390/390 391/391/391 377/377/377
f 284/284/284 364/364/364 496/496/496
f 292/292/292 497/497/497 352/352/352
f 378/378/378 293/293/293 393/393/393
f 469/469/469 266/266/266 267/267/267
f 365/365/365 379/379/379 366/366/366
f 470/470/470 267/267/267 268/268/268
f 366/366/366 380/380/380 367/367/367
f 396/396/396 410/410/410 411/411/411
f 396/396/396 411/411/411 397/397/397
f 472/472/472 269/269/269 270/270/270
f 368/368/368 382/382/382 369/369/369
f 473/473/473 270/270/270 271/271/271
f 369/369/369 383/383/383 370/370/370
f 474/474/474 271/271/271 272/272/272
f 370/370/370 384/384/384 371/371/371
f 475/475/475 272/272/272 273/273/273
f 371/371/371 385/385/385 372/372/372
f 476/476/476 273/273/273 274/274/274
f 372/372/372 386/386/386 373/373/373
f 402/402/402 387/387/387 401/401/401
f 373/373/373 387/387/387 374/374/374
f 374/374/374 388/388/388 375/375/375
f 388/388/388 374/374/374 387/387/387
f 375/375/375 389/389/389 376/376/376
f 389/389/389 375/375/375 388/388/388
f 405/405/405 419/419/419 420/420/420
f 390/390/390 405/405/405 391/391/391
f 406/406/406 420/420/420 421/421/421
f 504/504/504 283/283/283 407/407/407
f 377/377/377 391/391/391 498/498/498
f 407/407/407 392/392/392 406/406/406
f 393/393/393 379/379/379 378/378/378
f 503/503/503 393/393/393 293/293/293
f 379/379/379 394/394/394 380/380/380
f 408/408/408 503/503/503 423/423/423
f 380/380/380 395/395/395 381/381/381
f 395/395/395 409/409/409 410/410/410
f 381/381/381 396/396/396 382/382/382
f 381/381/381 395/395/395 396/396/396
f 382/382/382 397/397/397 383/383/383
f 397/397/397 411/411/411 412/412/412
f 383/383/383 398/398/398 384/384/384
f 398/398/398 412/412/412 413/413/413
f 384/384/384 399/399/399 385/385/385
f 399/399/399 413/413/413 414/414/414
f 385/385/385 400/400/400 386/386/386
f 400/400/400 414/414/414 415/415/415
f 386/386/386 401/401/401 387/387/387
f 401/401/401 415/415/415 416/416/416
f 417/417/417 402/402/402 416/416/416
f 387/387/387 402/402/402 388/388/388
f 388/388/388 403/403/403 389/389/389
f 403/403/403 388/388/388 402/402/402
f 389/389/389 404/404/404 390/390/390
f 404/404/404 389/389/389 403/403/403
f 420/420/420 434/434/434 435/435/435
f 405/405/405 420/420/420 406/406/406
f 391/391/391 406/406/406 392/392/392
f 406/406/406 391/391/391 405/405/405
f 422/422/422 407/407/407 421/421/421
f 392/392/392 407/407/407 283/283/283
f 265/265/265 266/266/266 468/468/468
f 394/394/394 408/408/408 409/409/409
f 394/394/394 409/409/409 395/395/395
f 409/409/409 423/423/423 424/424/424
f 395/395/395 410/410/410 396/396/396
f 410/410/410 424/424/424 425/425/425
f 426/426/426 440/440/440 441/441/441
f 426/426/426 441/441/441 427/427/427
f 397/397/397 412/412/412 398/398/398
f 412/412/412 426/426/426 427/427/427
f 398/398/398 413/413/413 399/399/399
f 413/413/413 427/427/427 428/428/428
f 399/399/399 414/414/414 400/400/400
f 414/414/414 428/428/428 429/429/429
f 400/400/400 415/415/415 401/401/401
f 415/415/415 429/429/429 430/430/430
f 401/401/401 416/416/416 402/402/402
f 416/416/416 430/430/430 431/431/431
f 432/432/432 417/417/417 431/431/431
f 402/402/402 417/417/417 403/403/403
f 403/403/403 418/418/418 404/404/404
f 418/418/418 403/403/403 417/417/417
f 404/404/404 419/419/419 405/405/405
f 419/419/419 404/404/404 418/418/418
f 435/435/435 449/449/449 450/450/450
f 420/420/420 435/435/435 421/421/421
f 421/421/421 435/435/435 436/436/436
f 437/437/437 451/451/451 452/452/452
f 452/452/452 508/508/508 437/437/437
f 407/407/407 422/422/422 504/504/504
f 438/438/438 423/423/423 505/505/505
f 264/264/264 265/265/265 511/511/511
f 409/409/409 424/424/424 410/410/410
f 424/424/424 438/438/438 439/439/439
f 410/410/410 425/425/425 411/411/411
f 425/425/425 439/439/439 440/440/440
f 411/411/411 426/426/426 412/412/412
f 411/411/411 425/425/425 426/426/426
f 412/412/412 427/427/427 413/413/413
f 427/427/427 441/441/441 442/442/442
f 413/413/413 428/428/428 414/414/414
f 428/428/428 442/442/442 443/443/443
f 414/414/414 429/429/429 415/415/415
f 429/429/429 443/443/443 444/444/444
f 415/415/415 430/430/430 416/416/416
f 430/430/430 444/444/444 445/445/445
f 416/416/416 431/431/431 417/417/417
f 431/431/431 445/445/445 446/446/446
f 447/447/447 432/432/432 446/446/446
f 417/417/417 432/432/432 418/418/418
f 418/418/418 433/433/433 419/419/419
f 433/433/433 418/418/418 432/432/432
f 419/419/419 434/434/434 420/420/420
f 434/434/434 419/419/419 433/433/433
f 450/450/450 464/464/464 465/465/465
f 435/435/435 450/450/450 436/436/436
f 436/436/436 450/450/450 451/451/451
f 436/436/436 451/451/451 437/437/437
f 422/422/422 437/437/437 504/504/504
f 437/437/437 422/422/422 436/436/436
f 423/423/423 438/438/438 424/424/424
f 294/294/294 505/505/505 423/423/423
f 424/424/424 439/439/439 425/425/425
f 439/439/439 453/453/453 454/454/454
f 425/425/425 440/440/440 426/426/426
f 440/440/440 454/454/454 455/455/455
f 456/456/456 470/470/470 471/471/471
f 456/456/456 471/471/471 457/457/457
f 427/427/427 442/442/442 428/428/428
f 442/442/442 456/456/456 457/457/457
f 428/428/428 443/443/443 429/429/429
f 443/443/443 457/457/457 458/458/458
f 429/429/429 444/444/444 430/430/430
f 444/444/444 458/458/458 459/459/459
f 430/430/430 445/445/445 431/431/431
f 445/445/445 459/459/459 460/460/460
f 431/431/431 446/446/446 432/432/432
f 446/446/446 460/460/460 461/461/461
f 462/462/462 447/447/447 461/461/461
f 432/432/432 447/447/447 433/433/433
f 433/433/433 448/448/448 434/434/434
f 448/448/448 433/433/433 447/447/447
f 434/434/434 449/449/449 435/435/435
f 449/449/449 434/434/434 448/448/448
f 465/465/465 479/479/479 480/480/480
f 450/450/450 465/465/465 451/451/451
f 466/466/466 480/480/480 481/481/481
f 466/466/466 481/481/481 467/467/467
f 467/467/467 481/481/481 482/482/482
f 281/281/281 467/467/467 482/482/482
f 438/438/438 453/453/453 439/439/439
f 453/453/453 438/438/438 295/295/295
f 439/439/439 454/454/454 440/440/440
f 454/454/454 468/468/468 469/469/469
f 440/440/440 455/455/455 441/441/441
f 455/455/455 469/469/469 470/470/470
f 441/441/441 456/456/456 442/442/442
f 441/441/441 455/455/455 456/456/456
f 442/442/442 457/457/457 443/443/443
f 457/457/457 471/471/471 472/472/472
f 443/443/443 458/458/458 444/444/444
f 458/458/458 472/472/472 473/473/473
f 444/444/444 459/459/459 445/445/445
f 459/459/459 473/473/473 474/474/474
f 445/445/445 460/460/460 446/446/446
f 460/460/460 474/474/474 475/475/475
f 446/446/446 461/461/461 447/447/447
f 461/461/461 475/475/475 476/476/476
f 477/477/477 462/462/462 476/476/476
f 447/447/447 462/462/462 448/448/448
f 448/448/448 463/463/463 449/449/449
f 463/463/463 448/448/448 462/462/462
f 449/449/449 464/464/464 450/450/450
f 464/464/464 449/449/449 463/463/463
f 479/479/479 276/276/276 480/480/480
f 465/465/465 480/480/480 466/466/466
f 451/451/451 466/466/466 452/452/452
f 451/451/451 465/465/465 466/466/466
f 452/452/452 467/467/467 508/508/508
f 452/452/452 466/466/466 467/467/467
f 453/453/453 468/468/468 454/454/454
f 468/468/468 453/453/453 295/295/295
f 454/454/454 469/469/469 455/455/455
f 266/266/266 469/469/469 468/468/468
f 455/455/455 470/470/470 456/456/456
f 267/267/267 470/470/470 469/469/469
f 470/470/470 268/268/268 471/471/471
f 268/268/268 269/269/269 471/471/471
f 457/457/457 472/472/472 458/458/458
f 269/269/269 472/472/472 471/471/471
f 458/458/458 473/473/473 459/459/459
f 270/270/270 473/473/473 472/472/472
f 459/459/459 474/474/474 460/460/460
f 271/271/271 474/474/474 473/473/473
f 460/460/460 475/475/475 461/461/461
f 272/272/272 475/475/475 474/474/474
f 461/461/461 476/476/476 462/462/462
f 273/273/273 476/476/476 475/475/475
f 477/477/477 476/476/476 274/274/274
f 462/462/462 477/477/477 463/463/463
f 463/463/463 478/478/478 464/464/464
f 478/478/478 463/463/463 477/477/477
f 464/464/464 479/479/479 465/465/465
f 479/479/479 464/464/464 478/478/478
f 277/277/277 480/480/480 276/276/276
f 277/277/277 278/278/278 480/480/480
f 480/480/480 278/278/278 481/481/481
f 278/278/278 279/279/279 481/481/481
f 481/481/481 279/279/279 482/482/482
f 281/281/281 482/482/482 280/280/280
f 483/483/483 289/289/289 290/290/290
f 483/483/483 290/290/290 301/301/301
f 484/484/484 307/307/307 286/286/286
f 484/484/484 286/286/286 287/287/287
f 487/487/487 516/516/516 291/291/291
f 487/487/487 291/291/291 317/317/317
f 487/487/487 308/308/308 516/516/516
f 290/290/290 291/291/291 516/516/516
f 490/490/490 338/338/338 525/525/525
f 525/525/525 351/351/351 284/284/284
f 498/498/498 392/392/392 526/526/526
f 498/498/498 526/526/526 496/496/496
f 497/497/497 292/292/292 293/293/293
f 513/513/513 293/293/293 378/378/378
f 284/284/284 496/496/496 526/526/526
f 392/392/392 498/498/498 391/391/391
f 503/503/503 293/293/293 294/294/294
f 393/393/393 503/503/503 408/408/408
f 282/282/282 504/504/504 437/437/437
f 504/504/504 282/282/282 283/283/283
f 505/505/505 294/294/294 295/295/295
f 505/505/505 295/295/295 438/438/438
f 281/281/281 508/508/508 467/467/467
f 508/508/508 281/281/281 282/282/282
f 511/511/511 468/468/468 295/295/295
f 511/511/511 295/295/295 264/264/264
f 513/513/513 378/378/378 497/497/497
f 513/513/513 497/497/497 293/293/293
f 514/514/514 292/292/292 339/339/339
f 291/291/291 514/514/514 328/328/328
f 485/485/485 516/516/516 308/308/308
f 516/516/516 485/485/485 290/290/290
f 520/520/520 299/299/299 287/287/287
f 520/520/520 287/287/287 288/288/288
f 521/521/521 484/484/484 287/287/287
f 521/521/521 287/287/287 300/300/300
f 524/524/524 327/327/327 285/285/285
f 524/524/524 285/285/285 286/286/286
f 490/490/490 525/525/525 285/285/285
f 351/351/351 525/525/525 350/350/350
f 283/283/283 526/526/526 392/392/392
f 526/526/526 283/283/283 284/284/284
