v 1.0000000000e0 0.0000000000e0 1.0000000000e0
v 9.9115044248e-1 1.3274336283e-1 1.0000000000e0
v 9.6000000000e-1 2.8000000000e-1 1.0000000000e0
v 8.9887640449e-1 4.3820224719e-1 1.0000000000e0
v 8.0000000000e-1 6.0000000000e-1 1.0000000000e0
v 6.5753424658e-1 7.5342465753e-1 1.0000000000e0
v 4.7058823529e-1 8.8235294118e-1 1.0000000000e0
v 2.4615384615e-1 9.6923076923e-1 1.0000000000e0
v 0.0000000000e0 1.0000000000e0 1.0000000000e0
v -2.4615384615e-1 9.6923076923e-1 1.0000000000e0
v -4.7058823529e-1 8.8235294118e-1 1.0000000000e0
v -6.5753424658e-1 7.5342465753e-1 1.0000000000e0
v -8.0000000000e-1 6.0000000000e-1 1.0000000000e0
v -8.9887640449e-1 4.3820224719e-1 1.0000000000e0
v -9.6000000000e-1 2.8000000000e-1 1.0000000000e0
v -9.9115044248e-1 1.3274336283e-1 1.0000000000e0
v -1.0000000000e0 0.0000000000e0 1.0000000000e0
v -8.7500000000e-1 0.0000000000e0 5.3125000000e-1
v -7.5000000000e-1 0.0000000000e0 1.2500000000e-1
v -6.2500000000e-1 0.0000000000e0 -2.1875000000e-1
v -5.0000000000e-1 0.0000000000e0 -5.0000000000e-1
v -3.7500000000e-1 0.0000000000e0 -7.1875000000e-1
v -2.5000000000e-1 0.0000000000e0 -8.7500000000e-1
v -1.2500000000e-1 0.0000000000e0 -9.6875000000e-1
v 0.0000000000e0 0.0000000000e0 -1.0000000000e0
v 1.2500000000e-1 0.0000000000e0 -9.6875000000e-1
v 2.5000000000e-1 0.0000000000e0 -8.7500000000e-1
v 3.7500000000e-1 0.0000000000e0 -7.1875000000e-1
v 5.0000000000e-1 0.0000000000e0 -5.0000000000e-1
v 6.2500000000e-1 0.0000000000e0 -2.1875000000e-1
v 7.5000000000e-1 0.0000000000e0 1.2500000000e-1
v 8.7500000000e-1 0.0000000000e0 5.3125000000e-1
v -8.7500000000e-1 6.2500000000e-2 5.3906250000e-1
v -8.7500000000e-1 1.2500000000e-1 5.6250000000e-1
v -8.7500000000e-1 1.8750000000e-1 6.0156250000e-1
v -8.7500000000e-1 2.5000000000e-1 6.5625000000e-1
v -8.7500000000e-1 3.1250000000e-1 7.2656250000e-1
v -8.7500000000e-1 3.7500000000e-1 8.1250000000e-1
v -8.7500000000e-1 4.3750000000e-1 9.1406250000e-1
v -7.5000000000e-1 6.2500000000e-2 1.3281250000e-1
v -7.5000000000e-1 1.2500000000e-1 1.5625000000e-1
v -7.5000000000e-1 1.8750000000e-1 1.9531250000e-1
v -7.5000000000e-1 2.5000000000e-1 2.5000000000e-1
v -7.5000000000e-1 3.1250000000e-1 3.2031250000e-1
v -7.5000000000e-1 3.7500000000e-1 4.0625000000e-1
v -7.5000000000e-1 4.3750000000e-1 5.0781250000e-1
v -7.5000000000e-1 5.0000000000e-1 6.2500000000e-1
v -7.5000000000e-1 5.6250000000e-1 7.5781250000e-1
v -7.5000000000e-1 6.2500000000e-1 9.0625000000e-1
v -6.2500000000e-1 6.2500000000e-2 -2.1093750000e-1
v -6.2500000000e-1 1.2500000000e-1 -1.8750000000e-1
v -6.2500000000e-1 1.8750000000e-1 -1.4843750000e-1
v -6.2500000000e-1 2.5000000000e-1 -9.3750000000e-2
v -6.2500000000e-1 3.1250000000e-1 -2.3437500000e-2
v -6.2500000000e-1 3.7500000000e-1 6.2500000000e-2
v -6.2500000000e-1 4.3750000000e-1 1.6406250000e-1
v -6.2500000000e-1 5.0000000000e-1 2.8125000000e-1
v -6.2500000000e-1 5.6250000000e-1 4.1406250000e-1
v -6.2500000000e-1 6.2500000000e-1 5.6250000000e-1
v -6.2500000000e-1 6.8750000000e-1 7.2656250000e-1
v -6.2500000000e-1 7.5000000000e-1 9.0625000000e-1
v -5.0000000000e-1 6.2500000000e-2 -4.9218750000e-1
v -5.0000000000e-1 1.2500000000e-1 -4.6875000000e-1
v -5.0000000000e-1 1.8750000000e-1 -4.2968750000e-1
v -5.0000000000e-1 2.5000000000e-1 -3.7500000000e-1
v -5.0000000000e-1 3.1250000000e-1 -3.0468750000e-1
v -5.0000000000e-1 3.7500000000e-1 -2.1875000000e-1
v -5.0000000000e-1 4.3750000000e-1 -1.1718750000e-1
v -5.0000000000e-1 5.0000000000e-1 2.4702462298e-15
v -5.0000000000e-1 5.6250000000e-1 1.3281250000e-1
v -5.0000000000e-1 6.2500000000e-1 2.8125000000e-1
v -5.0000000000e-1 6.8750000000e-1 4.4531250000e-1
v -5.0000000000e-1 7.5000000000e-1 6.2500000000e-1
v -5.0000000000e-1 8.1250000000e-1 8.2031250000e-1
v -3.7500000000e-1 6.2500000000e-2 -7.1093750000e-1
v -3.7500000000e-1 1.2500000000e-1 -6.8750000000e-1
v -3.7500000000e-1 1.8750000000e-1 -6.4843750000e-1
v -3.7500000000e-1 2.5000000000e-1 -5.9375000000e-1
v -3.7500000000e-1 3.1250000000e-1 -5.2343750000e-1
v -3.7500000000e-1 3.7500000000e-1 -4.3750000000e-1
v -3.7500000000e-1 4.3750000000e-1 -3.3593750000e-1
v -3.7500000000e-1 5.0000000000e-1 -2.1875000000e-1
v -3.7500000000e-1 5.6250000000e-1 -8.5937500000e-2
v -3.7500000000e-1 6.2500000000e-1 6.2500000000e-2
v -3.7500000000e-1 6.8750000000e-1 2.2656250000e-1
v -3.7500000000e-1 7.5000000000e-1 4.0625000000e-1
v -3.7500000000e-1 8.1250000000e-1 6.0156250000e-1
v -3.7500000000e-1 8.7500000000e-1 8.1250000000e-1
v -2.5000000000e-1 6.2500000000e-2 -8.6718750000e-1
v -2.5000000000e-1 1.2500000000e-1 -8.4375000000e-1
v -2.5000000000e-1 1.8750000000e-1 -8.0468750000e-1
v -2.5000000000e-1 2.5000000000e-1 -7.5000000000e-1
v -2.5000000000e-1 3.1250000000e-1 -6.7968750000e-1
v -2.5000000000e-1 3.7500000000e-1 -5.9375000000e-1
v -2.5000000000e-1 4.3750000000e-1 -4.9218750000e-1
v -2.5000000000e-1 5.0000000000e-1 -3.7500000000e-1
v -2.5000000000e-1 5.6250000000e-1 -2.4218750000e-1
v -2.5000000000e-1 6.2500000000e-1 -9.3750000000e-2
v -2.5000000000e-1 6.8750000000e-1 7.0312500000e-2
v -2.5000000000e-1 7.5000000000e-1 2.5000000000e-1
v -2.5000000000e-1 8.1250000000e-1 4.4531250000e-1
v -2.5000000000e-1 8.7500000000e-1 6.5625000000e-1
v -2.5000000000e-1 9.3750000000e-1 8.8281250000e-1
v -1.2500000000e-1 6.2500000000e-2 -9.6093750000e-1
v -1.2500000000e-1 1.2500000000e-1 -9.3750000000e-1
v -1.2500000000e-1 1.8750000000e-1 -8.9843750000e-1
v -1.2500000000e-1 2.5000000000e-1 -8.4375000000e-1
v -1.2500000000e-1 3.1250000000e-1 -7.7343750000e-1
v -1.2500000000e-1 3.7500000000e-1 -6.8750000000e-1
v -1.2500000000e-1 4.3750000000e-1 -5.8593750000e-1
v -1.2500000000e-1 5.0000000000e-1 -4.6875000000e-1
v -1.2500000000e-1 5.6250000000e-1 -3.3593750000e-1
v -1.2500000000e-1 6.2500000000e-1 -1.8750000000e-1
v -1.2500000000e-1 6.8750000000e-1 -2.3437500000e-2
v -1.2500000000e-1 7.5000000000e-1 1.5625000000e-1
v -1.2500000000e-1 8.1250000000e-1 3.5156250000e-1
v -1.2500000000e-1 8.7500000000e-1 5.6250000000e-1
v -1.2500000000e-1 9.3750000000e-1 7.8906250000e-1
v 0.0000000000e0 6.2500000000e-2 -9.9218750000e-1
v -1.3877787808e-17 1.2500000000e-1 -9.6875000000e-1
v -1.3877787808e-17 1.8750000000e-1 -9.2968750000e-1
v -1.3877787808e-17 2.5000000000e-1 -8.7500000000e-1
v 0.0000000000e0 3.1250000000e-1 -8.0468750000e-1
v 1.3877787808e-17 3.7500000000e-1 -7.1875000000e-1
v 0.0000000000e0 4.3750000000e-1 -6.1718750000e-1
v 2.7755575616e-17 5.0000000000e-1 -5.0000000000e-1
v -2.7755575616e-17 5.6250000000e-1 -3.6718750000e-1
v 0.0000000000e0 6.2500000000e-1 -2.1875000000e-1
v 0.0000000000e0 6.8750000000e-1 -5.4687500000e-2
v 0.0000000000e0 7.5000000000e-1 1.2500000000e-1
v 0.0000000000e0 8.1250000000e-1 3.2031250000e-1
v 0.0000000000e0 8.7500000000e-1 5.3125000000e-1
v -2.7755575616e-17 9.3750000000e-1 7.5781250000e-1
v 1.2500000000e-1 6.2500000000e-2 -9.6093750000e-1
v 1.2500000000e-1 1.2500000000e-1 -9.3750000000e-1
v 1.2500000000e-1 1.8750000000e-1 -8.9843750000e-1
v 1.2500000000e-1 2.5000000000e-1 -8.4375000000e-1
v 1.2500000000e-1 3.1250000000e-1 -7.7343750000e-1
v 1.2500000000e-1 3.7500000000e-1 -6.8750000000e-1
v 1.2500000000e-1 4.3750000000e-1 -5.8593750000e-1
v 1.2500000000e-1 5.0000000000e-1 -4.6875000000e-1
v 1.2500000000e-1 5.6250000000e-1 -3.3593750000e-1
v 1.2500000000e-1 6.2500000000e-1 -1.8750000000e-1
v 1.2500000000e-1 6.8750000000e-1 -2.3437500000e-2
v 1.2500000000e-1 7.5000000000e-1 1.5625000000e-1
v 1.2500000000e-1 8.1250000000e-1 3.5156250000e-1
v 1.2500000000e-1 8.7500000000e-1 5.6250000000e-1
v 1.2500000000e-1 9.3750000000e-1 7.8906250000e-1
v 2.5000000000e-1 6.2500000000e-2 -8.6718750000e-1
v 2.5000000000e-1 1.2500000000e-1 -8.4375000000e-1
v 2.5000000000e-1 1.8750000000e-1 -8.0468750000e-1
v 2.5000000000e-1 2.5000000000e-1 -7.5000000000e-1
v 2.5000000000e-1 3.1250000000e-1 -6.7968750000e-1
v 2.5000000000e-1 3.7500000000e-1 -5.9375000000e-1
v 2.5000000000e-1 4.3750000000e-1 -4.9218750000e-1
v 2.5000000000e-1 5.0000000000e-1 -3.7500000000e-1
v 2.5000000000e-1 5.6250000000e-1 -2.4218750000e-1
v 2.5000000000e-1 6.2500000000e-1 -9.3750000000e-2
v 2.5000000000e-1 6.8750000000e-1 7.0312500000e-2
v 2.5000000000e-1 7.5000000000e-1 2.5000000000e-1
v 2.5000000000e-1 8.1250000000e-1 4.4531250000e-1
v 2.5000000000e-1 8.7500000000e-1 6.5625000000e-1
v 2.5000000000e-1 9.3750000000e-1 8.8281250000e-1
v 3.7500000000e-1 6.2500000000e-2 -7.1093750000e-1
v 3.7500000000e-1 1.2500000000e-1 -6.8750000000e-1
v 3.7500000000e-1 1.8750000000e-1 -6.4843750000e-1
v 3.7500000000e-1 2.5000000000e-1 -5.9375000000e-1
v 3.7500000000e-1 3.1250000000e-1 -5.2343750000e-1
v 3.7500000000e-1 3.7500000000e-1 -4.3750000000e-1
v 3.7500000000e-1 4.3750000000e-1 -3.3593750000e-1
v 3.7500000000e-1 5.0000000000e-1 -2.1875000000e-1
v 3.7500000000e-1 5.6250000000e-1 -8.5937500000e-2
v 3.7500000000e-1 6.2500000000e-1 6.2500000000e-2
v 3.7500000000e-1 6.8750000000e-1 2.2656250000e-1
v 3.7500000000e-1 7.5000000000e-1 4.0625000000e-1
v 3.7500000000e-1 8.1250000000e-1 6.0156250000e-1
v 3.7500000000e-1 8.7500000000e-1 8.1250000000e-1
v 5.0000000000e-1 6.2500000000e-2 -4.9218750000e-1
v 5.0000000000e-1 1.2500000000e-1 -4.6875000000e-1
v 5.0000000000e-1 1.8750000000e-1 -4.2968750000e-1
v 5.0000000000e-1 2.5000000000e-1 -3.7500000000e-1
v 5.0000000000e-1 3.1250000000e-1 -3.0468750000e-1
v 5.0000000000e-1 3.7500000000e-1 -2.1875000000e-1
v 5.0000000000e-1 4.3750000000e-1 -1.1718750000e-1
v 5.0000000000e-1 5.0000000000e-1 2.4424906542e-15
v 5.0000000000e-1 5.6250000000e-1 1.3281250000e-1
v 5.0000000000e-1 6.2500000000e-1 2.8125000000e-1
v 5.0000000000e-1 6.8750000000e-1 4.4531250000e-1
v 5.0000000000e-1 7.5000000000e-1 6.2500000000e-1
v 5.0000000000e-1 8.1250000000e-1 8.2031250000e-1
v 6.2500000000e-1 6.2500000000e-2 -2.1093750000e-1
v 6.2500000000e-1 1.2500000000e-1 -1.8750000000e-1
v 6.2500000000e-1 1.8750000000e-1 -1.4843750000e-1
v 6.2500000000e-1 2.5000000000e-1 -9.3750000000e-2
v 6.2500000000e-1 3.1250000000e-1 -2.3437500000e-2
v 6.2500000000e-1 3.7500000000e-1 6.2500000000e-2
v 6.2500000000e-1 4.3750000000e-1 1.6406250000e-1
v 6.2500000000e-1 5.0000000000e-1 2.8125000000e-1
v 6.2500000000e-1 5.6250000000e-1 4.1406250000e-1
v 6.2500000000e-1 6.2500000000e-1 5.6250000000e-1
v 6.2500000000e-1 6.8750000000e-1 7.2656250000e-1
v 6.2500000000e-1 7.5000000000e-1 9.0625000000e-1
v 7.5000000000e-1 6.2500000000e-2 1.3281250000e-1
v 7.5000000000e-1 1.2500000000e-1 1.5625000000e-1
v 7.5000000000e-1 1.8750000000e-1 1.9531250000e-1
v 7.5000000000e-1 2.5000000000e-1 2.5000000000e-1
v 7.5000000000e-1 3.1250000000e-1 3.2031250000e-1
v 7.5000000000e-1 3.7500000000e-1 4.0625000000e-1
v 7.5000000000e-1 4.3750000000e-1 5.0781250000e-1
v 7.5000000000e-1 5.0000000000e-1 6.2500000000e-1
v 7.5000000000e-1 5.6250000000e-1 7.5781250000e-1
v 7.5000000000e-1 6.2500000000e-1 9.0625000000e-1
v 8.7500000000e-1 6.2500000000e-2 5.3906250000e-1
v 8.7500000000e-1 1.2500000000e-1 5.6250000000e-1
v 8.7500000000e-1 1.8750000000e-1 6.0156250000e-1
v 8.7500000000e-1 2.5000000000e-1 6.5625000000e-1
v 8.7500000000e-1 3.1250000000e-1 7.2656250000e-1
v 8.7500000000e-1 3.7500000000e-1 8.1250000000e-1
v 8.7500000000e-1 4.3750000000e-1 9.1406250000e-1
v -8.7500000000e-1 4.7727272727e-1 9.8682851240e-1
v -7.5000000000e-1 6.5384615385e-1 9.8002958580e-1
v -6.2500000000e-1 7.7586206897e-1 9.8517390012e-1
v -5.0000000000e-1 8.6206896552e-1 9.8632580262e-1
v -3.7500000000e-1 9.1935483871e-1 9.7167663892e-1
v -2.5000000000e-1 9.6774193548e-1 9.9804890739e-1
v -1.2500000000e-1 9.8437500000e-1 9.6923828125e-1
v 1.2500000000e-1 9.8437500000e-1 9.6923828125e-1
v 2.5000000000e-1 9.6774193548e-1 9.9804890739e-1
v 3.7500000000e-1 9.1935483871e-1 9.7167663892e-1
v 5.0000000000e-1 8.6206896552e-1 9.8632580262e-1
v 6.2500000000e-1 7.7586206897e-1 9.8517390012e-1
v 7.5000000000e-1 6.5384615385e-1 9.8002958580e-1
v 8.7500000000e-1 4.7727272727e-1 9.8682851240e-1
v -9.9583333333e-1 6.2500000000e-2 9.9118055556e-1
v 9.9583333333e-1 6.2500000000e-2 9.9118055556e-1
v -9.9166666667e-1 1.2500000000e-1 9.9805555556e-1
v 9.9166666667e-1 1.2500000000e-1 9.9805555556e-1
v -9.7956730769e-1 1.8750000000e-1 9.8941672060e-1
v 9.7956730769e-1 1.8750000000e-1 9.8941672060e-1
v -9.6634615385e-1 2.5000000000e-1 9.9264977811e-1
v 9.6634615385e-1 2.5000000000e-1 9.9264977811e-1
v -9.4744318182e-1 3.1250000000e-1 9.9060966555e-1
v 9.4744318182e-1 3.1250000000e-1 9.9060966555e-1
v -9.2329545455e-1 3.7500000000e-1 9.8619899277e-1
v 9.2329545455e-1 3.7500000000e-1 9.8619899277e-1
v -8.9914772727e-1 4.3750000000e-1 9.9974577092e-1
v 8.9914772727e-1 4.3750000000e-1 9.9974577092e-1
v -8.6111111111e-1 5.0000000000e-1 9.8302469136e-1
v 8.6111111111e-1 5.0000000000e-1 9.8302469136e-1
v -8.2291666667e-1 5.6250000000e-1 9.8719618056e-1
v 8.2291666667e-1 5.6250000000e-1 9.8719618056e-1
v -7.7678571429e-1 6.2500000000e-1 9.8804209184e-1
v 7.7678571429e-1 6.2500000000e-1 9.8804209184e-1
v -7.1875000000e-1 6.8750000000e-1 9.7851562500e-1
v 7.1875000000e-1 6.8750000000e-1 9.7851562500e-1
v -6.6071428571e-1 7.5000000000e-1 9.9808673469e-1
v 6.6071428571e-1 7.5000000000e-1 9.9808673469e-1
v -5.7187500000e-1 8.1250000000e-1 9.7439453125e-1
v 5.7187500000e-1 8.1250000000e-1 9.7439453125e-1
v -4.8125000000e-1 8.7500000000e-1 9.9445312500e-1
v 4.8125000000e-1 8.7500000000e-1 9.9445312500e-1
v -3.2812500000e-1 9.3750000000e-1 9.7314453125e-1
v 3.2812500000e-1 9.3750000000e-1 9.7314453125e-1
v -1.0000000000e0 0.0000000000e0 1.0000000000e0
v -9.9115044248e-1 -1.3274336283e-1 1.0000000000e0
v -9.6000000000e-1 -2.8000000000e-1 1.0000000000e0
v -8.9887640449e-1 -4.3820224719e-1 1.0000000000e0
v -8.0000000000e-1 -6.0000000000e-1 1.0000000000e0
v -6.5753424658e-1 -7.5342465753e-1 1.0000000000e0
v -4.7058823529e-1 -8.8235294118e-1 1.0000000000e0
v -2.4615384615e-1 -9.6923076923e-1 1.0000000000e0
v 0.0000000000e0 -1.0000000000e0 1.0000000000e0
v 2.4615384615e-1 -9.6923076923e-1 1.0000000000e0
v 4.7058823529e-1 -8.8235294118e-1 1.0000000000e0
v 6.5753424658e-1 -7.5342465753e-1 1.0000000000e0
v 8.0000000000e-1 -6.0000000000e-1 1.0000000000e0
v 8.9887640449e-1 -4.3820224719e-1 1.0000000000e0
v 9.6000000000e-1 -2.8000000000e-1 1.0000000000e0
v 9.9115044248e-1 -1.3274336283e-1 1.0000000000e0
v 1.0000000000e0 0.0000000000e0 1.0000000000e0
v 8.7500000000e-1 0.0000000000e0 5.3125000000e-1
v 7.5000000000e-1 0.0000000000e0 1.2500000000e-1
v 6.2500000000e-1 0.0000000000e0 -2.1875000000e-1
v 5.0000000000e-1 0.0000000000e0 -5.0000000000e-1
v 3.7500000000e-1 0.0000000000e0 -7.1875000000e-1
v 2.5000000000e-1 0.0000000000e0 -8.7500000000e-1
v 1.2500000000e-1 0.0000000000e0 -9.6875000000e-1
v 0.0000000000e0 0.0000000000e0 -1.0000000000e0
v -1.2500000000e-1 0.0000000000e0 -9.6875000000e-1
v -2.5000000000e-1 0.0000000000e0 -8.7500000000e-1
v -3.7500000000e-1 0.0000000000e0 -7.1875000000e-1
v -5.0000000000e-1 0.0000000000e0 -5.0000000000e-1
v -6.2500000000e-1 0.0000000000e0 -2.1875000000e-1
v -7.5000000000e-1 0.0000000000e0 1.2500000000e-1
v -8.7500000000e-1 0.0000000000e0 5.3125000000e-1
v -8.7500000000e-1 -4.3750000000e-1 9.1406250000e-1
v -8.7500000000e-1 -3.7500000000e-1 8.1250000000e-1
v -8.7500000000e-1 -3.1250000000e-1 7.2656250000e-1
v -8.7500000000e-1 -2.5000000000e-1 6.5625000000e-1
v -8.7500000000e-1 -1.8750000000e-1 6.0156250000e-1
v -8.7500000000e-1 -1.2500000000e-1 5.6250000000e-1
v -8.7500000000e-1 -6.2500000000e-2 5.3906250000e-1
v -7.5000000000e-1 -6.2500000000e-1 9.0625000000e-1
v -7.5000000000e-1 -5.6250000000e-1 7.5781250000e-1
v -7.5000000000e-1 -5.0000000000e-1 6.2500000000e-1
v -7.5000000000e-1 -4.3750000000e-1 5.0781250000e-1
v -7.5000000000e-1 -3.7500000000e-1 4.0625000000e-1
v -7.5000000000e-1 -3.1250000000e-1 3.2031250000e-1
v -7.5000000000e-1 -2.5000000000e-1 2.5000000000e-1
v -7.5000000000e-1 -1.8750000000e-1 1.9531250000e-1
v -7.5000000000e-1 -1.2500000000e-1 1.5625000000e-1
v -7.5000000000e-1 -6.2500000000e-2 1.3281250000e-1
v -6.2500000000e-1 -7.5000000000e-1 9.0625000000e-1
v -6.2500000000e-1 -6.8750000000e-1 7.2656250000e-1
v -6.2500000000e-1 -6.2500000000e-1 5.6250000000e-1
v -6.2500000000e-1 -5.6250000000e-1 4.1406250000e-1
v -6.2500000000e-1 -5.0000000000e-1 2.8125000000e-1
v -6.2500000000e-1 -4.3750000000e-1 1.6406250000e-1
v -6.2500000000e-1 -3.7500000000e-1 6.2500000000e-2
v -6.2500000000e-1 -3.1250000000e-1 -2.3437500000e-2
v -6.2500000000e-1 -2.5000000000e-1 -9.3750000000e-2
v -6.2500000000e-1 -1.8750000000e-1 -1.4843750000e-1
v -6.2500000000e-1 -1.2500000000e-1 -1.8750000000e-1
v -6.2500000000e-1 -6.2500000000e-2 -2.1093750000e-1
v -5.0000000000e-1 -8.1250000000e-1 8.2031250000e-1
v -5.0000000000e-1 -7.5000000000e-1 6.2500000000e-1
v -5.0000000000e-1 -6.8750000000e-1 4.4531250000e-1
v -5.0000000000e-1 -6.2500000000e-1 2.8125000000e-1
v -5.0000000000e-1 -5.6250000000e-1 1.3281250000e-1
v -5.0000000000e-1 -5.0000000000e-1 2.4806545706e-15
v -5.0000000000e-1 -4.3750000000e-1 -1.1718750000e-1
v -5.0000000000e-1 -3.7500000000e-1 -2.1875000000e-1
v -5.0000000000e-1 -3.1250000000e-1 -3.0468750000e-1
v -5.0000000000e-1 -2.5000000000e-1 -3.7500000000e-1
v -5.0000000000e-1 -1.8750000000e-1 -4.2968750000e-1
v -5.0000000000e-1 -1.2500000000e-1 -4.6875000000e-1
v -5.0000000000e-1 -6.2500000000e-2 -4.9218750000e-1
v -3.7500000000e-1 -8.7500000000e-1 8.1250000000e-1
v -3.7500000000e-1 -8.1250000000e-1 6.0156250000e-1
v -3.7500000000e-1 -7.5000000000e-1 4.0625000000e-1
v -3.7500000000e-1 -6.8750000000e-1 2.2656250000e-1
v -3.7500000000e-1 -6.2500000000e-1 6.2500000000e-2
v -3.7500000000e-1 -5.6250000000e-1 -8.5937500000e-2
v -3.7500000000e-1 -5.0000000000e-1 -2.1875000000e-1
v -3.7500000000e-1 -4.3750000000e-1 -3.3593750000e-1
v -3.7500000000e-1 -3.7500000000e-1 -4.3750000000e-1
v -3.7500000000e-1 -3.1250000000e-1 -5.2343750000e-1
v -3.7500000000e-1 -2.5000000000e-1 -5.9375000000e-1
v -3.7500000000e-1 -1.8750000000e-1 -6.4843750000e-1
v -3.7500000000e-1 -1.2500000000e-1 -6.8750000000e-1
v -3.7500000000e-1 -6.2500000000e-2 -7.1093750000e-1
v -2.5000000000e-1 -9.3750000000e-1 8.8281250000e-1
v -2.5000000000e-1 -8.7500000000e-1 6.5625000000e-1
v -2.5000000000e-1 -8.1250000000e-1 4.4531250000e-1
v -2.5000000000e-1 -7.5000000000e-1 2.5000000000e-1
v -2.5000000000e-1 -6.8750000000e-1 7.0312500000e-2
v -2.5000000000e-1 -6.2500000000e-1 -9.3750000000e-2
v -2.5000000000e-1 -5.6250000000e-1 -2.4218750000e-1
v -2.5000000000e-1 -5.0000000000e-1 -3.7500000000e-1
v -2.5000000000e-1 -4.3750000000e-1 -4.9218750000e-1
v -2.5000000000e-1 -3.7500000000e-1 -5.9375000000e-1
v -2.5000000000e-1 -3.1250000000e-1 -6.7968750000e-1
v -2.5000000000e-1 -2.5000000000e-1 -7.5000000000e-1
v -2.5000000000e-1 -1.8750000000e-1 -8.0468750000e-1
v -2.5000000000e-1 -1.2500000000e-1 -8.4375000000e-1
v -2.5000000000e-1 -6.2500000000e-2 -8.6718750000e-1
v -1.2500000000e-1 -9.3750000000e-1 7.8906250000e-1
v -1.2500000000e-1 -8.7500000000e-1 5.6250000000e-1
v -1.2500000000e-1 -8.1250000000e-1 3.5156250000e-1
v -1.2500000000e-1 -7.5000000000e-1 1.5625000000e-1
v -1.2500000000e-1 -6.8750000000e-1 -2.3437500000e-2
v -1.2500000000e-1 -6.2500000000e-1 -1.8750000000e-1
v -1.2500000000e-1 -5.6250000000e-1 -3.3593750000e-1
v -1.2500000000e-1 -5.0000000000e-1 -4.6875000000e-1
v -1.2500000000e-1 -4.3750000000e-1 -5.8593750000e-1
v -1.2500000000e-1 -3.7500000000e-1 -6.8750000000e-1
v -1.2500000000e-1 -3.1250000000e-1 -7.7343750000e-1
v -1.2500000000e-1 -2.5000000000e-1 -8.4375000000e-1
v -1.2500000000e-1 -1.8750000000e-1 -8.9843750000e-1
v -1.2500000000e-1 -1.2500000000e-1 -9.3750000000e-1
v -1.2500000000e-1 -6.2500000000e-2 -9.6093750000e-1
v 1.7347234760e-17 -9.3750000000e-1 7.5781250000e-1
v 3.4694469520e-18 -8.7500000000e-1 5.3125000000e-1
v 1.3877787808e-17 -8.1250000000e-1 3.2031250000e-1
v 0.0000000000e0 -7.5000000000e-1 1.2500000000e-1
v 8.6736173799e-18 -6.8750000000e-1 -5.4687500000e-2
v 6.9388939039e-18 -6.2500000000e-1 -2.1875000000e-1
v 1.0408340856e-17 -5.6250000000e-1 -3.6718750000e-1
v 1.3877787808e-17 -5.0000000000e-1 -5.0000000000e-1
v 6.9388939039e-18 -4.3750000000e-1 -6.1718750000e-1
v 1.3877787808e-17 -3.7500000000e-1 -7.1875000000e-1
v 0.0000000000e0 -3.1250000000e-1 -8.0468750000e-1
v -1.3877787808e-17 -2.5000000000e-1 -8.7500000000e-1
v -1.3877787808e-17 -1.8750000000e-1 -9.2968750000e-1
v 2.0816681712e-17 -1.2500000000e-1 -9.6875000000e-1
v 0.0000000000e0 -6.2500000000e-2 -9.9218750000e-1
v 1.2500000000e-1 -9.3750000000e-1 7.8906250000e-1
v 1.2500000000e-1 -8.7500000000e-1 5.6250000000e-1
v 1.2500000000e-1 -8.1250000000e-1 3.5156250000e-1
v 1.2500000000e-1 -7.5000000000e-1 1.5625000000e-1
v 1.2500000000e-1 -6.8750000000e-1 -2.3437500000e-2
v 1.2500000000e-1 -6.2500000000e-1 -1.8750000000e-1
v 1.2500000000e-1 -5.6250000000e-1 -3.3593750000e-1
v 1.2500000000e-1 -5.0000000000e-1 -4.6875000000e-1
v 1.2500000000e-1 -4.3750000000e-1 -5.8593750000e-1
v 1.2500000000e-1 -3.7500000000e-1 -6.8750000000e-1
v 1.2500000000e-1 -3.1250000000e-1 -7.7343750000e-1
v 1.2500000000e-1 -2.5000000000e-1 -8.4375000000e-1
v 1.2500000000e-1 -1.8750000000e-1 -8.9843750000e-1
v 1.2500000000e-1 -1.2500000000e-1 -9.3750000000e-1
v 1.2500000000e-1 -6.2500000000e-2 -9.6093750000e-1
v 2.5000000000e-1 -9.3750000000e-1 8.8281250000e-1
v 2.5000000000e-1 -8.7500000000e-1 6.5625000000e-1
v 2.5000000000e-1 -8.1250000000e-1 4.4531250000e-1
v 2.5000000000e-1 -7.5000000000e-1 2.5000000000e-1
v 2.5000000000e-1 -6.8750000000e-1 7.0312500000e-2
v 2.5000000000e-1 -6.2500000000e-1 -9.3750000000e-2
v 2.5000000000e-1 -5.6250000000e-1 -2.4218750000e-1
v 2.5000000000e-1 -5.0000000000e-1 -3.7500000000e-1
v 2.5000000000e-1 -4.3750000000e-1 -4.9218750000e-1
v 2.5000000000e-1 -3.7500000000e-1 -5.9375000000e-1
v 2.5000000000e-1 -3.1250000000e-1 -6.7968750000e-1
v 2.5000000000e-1 -2.5000000000e-1 -7.5000000000e-1
v 2.5000000000e-1 -1.8750000000e-1 -8.0468750000e-1
v 2.5000000000e-1 -1.2500000000e-1 -8.4375000000e-1
v 2.5000000000e-1 -6.2500000000e-2 -8.6718750000e-1
v 3.7500000000e-1 -8.7500000000e-1 8.1250000000e-1
v 3.7500000000e-1 -8.1250000000e-1 6.0156250000e-1
v 3.7500000000e-1 -7.5000000000e-1 4.0625000000e-1
v 3.7500000000e-1 -6.8750000000e-1 2.2656250000e-1
v 3.7500000000e-1 -6.2500000000e-1 6.2500000000e-2
v 3.7500000000e-1 -5.6250000000e-1 -8.5937500000e-2
v 3.7500000000e-1 -5.0000000000e-1 -2.1875000000e-1
v 3.7500000000e-1 -4.3750000000e-1 -3.3593750000e-1
v 3.7500000000e-1 -3.7500000000e-1 -4.3750000000e-1
v 3.7500000000e-1 -3.1250000000e-1 -5.2343750000e-1
v 3.7500000000e-1 -2.5000000000e-1 -5.9375000000e-1
v 3.7500000000e-1 -1.8750000000e-1 -6.4843750000e-1
v 3.7500000000e-1 -1.2500000000e-1 -6.8750000000e-1
v 3.7500000000e-1 -6.2500000000e-2 -7.1093750000e-1
v 5.0000000000e-1 -8.1250000000e-1 8.2031250000e-1
v 5.0000000000e-1 -7.5000000000e-1 6.2500000000e-1
v 5.0000000000e-1 -6.8750000000e-1 4.4531250000e-1
v 5.0000000000e-1 -6.2500000000e-1 2.8125000000e-1
v 5.0000000000e-1 -5.6250000000e-1 1.3281250000e-1
v 5.0000000000e-1 -5.0000000000e-1 2.4008572908e-15
v 5.0000000000e-1 -4.3750000000e-1 -1.1718750000e-1
v 5.0000000000e-1 -3.7500000000e-1 -2.1875000000e-1
v 5.0000000000e-1 -3.1250000000e-1 -3.0468750000e-1
v 5.0000000000e-1 -2.5000000000e-1 -3.7500000000e-1
v 5.0000000000e-1 -1.8750000000e-1 -4.2968750000e-1
v 5.0000000000e-1 -1.2500000000e-1 -4.6875000000e-1
v 5.0000000000e-1 -6.2500000000e-2 -4.9218750000e-1
v 6.2500000000e-1 -7.5000000000e-1 9.0625000000e-1
v 6.2500000000e-1 -6.8750000000e-1 7.2656250000e-1
v 6.2500000000e-1 -6.2500000000e-1 5.6250000000e-1
v 6.2500000000e-1 -5.6250000000e-1 4.1406250000e-1
v 6.2500000000e-1 -5.0000000000e-1 2.8125000000e-1
v 6.2500000000e-1 -4.3750000000e-1 1.6406250000e-1
v 6.2500000000e-1 -3.7500000000e-1 6.2500000000e-2
v 6.2500000000e-1 -3.1250000000e-1 -2.3437500000e-2
v 6.2500000000e-1 -2.5000000000e-1 -9.3750000000e-2
v 6.2500000000e-1 -1.8750000000e-1 -1.4843750000e-1
v 6.2500000000e-1 -1.2500000000e-1 -1.8750000000e-1
v 6.2500000000e-1 -6.2500000000e-2 -2.1093750000e-1
v 7.5000000000e-1 -6.2500000000e-1 9.0625000000e-1
v 7.5000000000e-1 -5.6250000000e-1 7.5781250000e-1
v 7.5000000000e-1 -5.0000000000e-1 6.2500000000e-1
v 7.5000000000e-1 -4.3750000000e-1 5.0781250000e-1
v 7.5000000000e-1 -3.7500000000e-1 4.0625000000e-1
v 7.5000000000e-1 -3.1250000000e-1 3.2031250000e-1
v 7.5000000000e-1 -2.5000000000e-1 2.5000000000e-1
v 7.5000000000e-1 -1.8750000000e-1 1.9531250000e-1
v 7.5000000000e-1 -1.2500000000e-1 1.5625000000e-1
v 7.5000000000e-1 -6.2500000000e-2 1.3281250000e-1
v 8.7500000000e-1 -4.3750000000e-1 9.1406250000e-1
v 8.7500000000e-1 -3.7500000000e-1 8.1250000000e-1
v 8.7500000000e-1 -3.1250000000e-1 7.2656250000e-1
v 8.7500000000e-1 -2.5000000000e-1 6.5625000000e-1
v 8.7500000000e-1 -1.8750000000e-1 6.0156250000e-1
v 8.7500000000e-1 -1.2500000000e-1 5.6250000000e-1
v 8.7500000000e-1 -6.2500000000e-2 5.3906250000e-1
v -8.7500000000e-1 -4.7727272727e-1 9.8682851240e-1
v -7.5000000000e-1 -6.5384615385e-1 9.8002958580e-1
v -6.2500000000e-1 -7.7586206897e-1 9.8517390012e-1
v -5.0000000000e-1 -8.6206896552e-1 9.8632580262e-1
v -3.7500000000e-1 -9.1935483871e-1 9.7167663892e-1
v -2.5000000000e-1 -9.6774193548e-1 9.9804890739e-1
v -1.2500000000e-1 -9.8437500000e-1 9.6923828125e-1
v 1.2500000000e-1 -9.8437500000e-1 9.6923828125e-1
v 2.5000000000e-1 -9.6774193548e-1 9.9804890739e-1
v 3.7500000000e-1 -9.1935483871e-1 9.7167663892e-1
v 5.0000000000e-1 -8.6206896552e-1 9.8632580262e-1
v 6.2500000000e-1 -7.7586206897e-1 9.8517390012e-1
v 7.5000000000e-1 -6.5384615385e-1 9.8002958580e-1
v 8.7500000000e-1 -4.7727272727e-1 9.8682851240e-1
v -3.2812500000e-1 -9.3750000000e-1 9.7314453125e-1
v 3.2812500000e-1 -9.3750000000e-1 9.7314453125e-1
v -4.8125000000e-1 -8.7500000000e-1 9.9445312500e-1
v 4.8125000000e-1 -8.7500000000e-1 9.9445312500e-1
v -5.7187500000e-1 -8.1250000000e-1 9.7439453125e-1
v 5.7187500000e-1 -8.1250000000e-1 9.7439453125e-1
v -6.6071428571e-1 -7.5000000000e-1 9.9808673469e-1
v 6.6071428571e-1 -7.5000000000e-1 9.9808673469e-1
v -7.1875000000e-1 -6.8750000000e-1 9.7851562500e-1
v 7.1875000000e-1 -6.8750000000e-1 9.7851562500e-1
v -7.7678571429e-1 -6.2500000000e-1 9.8804209184e-1
v 7.7678571429e-1 -6.2500000000e-1 9.8804209184e-1
v -8.2291666667e-1 -5.6250000000e-1 9.8719618056e-1
v 8.2291666667e-1 -5.6250000000e-1 9.8719618056e-1
v -8.6111111111e-1 -5.0000000000e-1 9.8302469136e-1
v 8.6111111111e-1 -5.0000000000e-1 9.8302469136e-1
v -8.9914772727e-1 -4.3750000000e-1 9.9974577092e-1
v 8.9914772727e-1 -4.3750000000e-1 9.9974577092e-1
v -9.2329545455e-1 -3.7500000000e-1 9.8619899277e-1
v 9.2329545455e-1 -3.7500000000e-1 9.8619899277e-1
v -9.4744318182e-1 -3.1250000000e-1 9.9060966555e-1
v 9.4744318182e-1 -3.1250000000e-1 9.9060966555e-1
v -9.6634615385e-1 -2.5000000000e-1 9.9264977811e-1
v 9.6634615385e-1 -2.5000000000e-1 9.9264977811e-1
v -9.7956730769e-1 -1.8750000000e-1 9.8941672060e-1
v 9.7956730769e-1 -1.8750000000e-1 9.8941672060e-1
v -9.9166666667e-1 -1.2500000000e-1 9.9805555556e-1
v 9.9166666667e-1 -1.2500000000e-1 9.9805555556e-1
v -9.9583333333e-1 -6.2500000000e-2 9.9118055556e-1
v 9.9583333333e-1 -6.2500000000e-2 9.9118055556e-1
vt 1.0000000000e0 5.0000000000e-1
vt 9.9557522124e-1 5.6637168142e-1
vt 9.8000000000e-1 6.4000000000e-1
vt 9.4943820225e-1 7.1910112360e-1
vt 9.0000000000e-1 8.0000000000e-1
vt 8.2876712329e-1 8.7671232877e-1
vt 7.3529411765e-1 9.4117647059e-1
vt 6.2307692308e-1 9.8461538462e-1
vt 5.0000000000e-1 1.0000000000e0
vt 3.7692307692e-1 9.8461538462e-1
vt 2.6470588235e-1 9.4117647059e-1
vt 1.7123287671e-1 8.7671232877e-1
vt 1.0000000000e-1 8.0000000000e-1
vt 5.0561797753e-2 7.1910112360e-1
vt 2.0000000000e-2 6.4000000000e-1
vt 4.4247787611e-3 5.6637168142e-1
vt -1.8990252909e-17 5.0000000000e-1
vt 6.2500000000e-2 5.0000000000e-1
vt 1.2500000000e-1 5.0000000000e-1
vt 1.8750000000e-1 5.0000000000e-1
vt 2.5000000000e-1 5.0000000000e-1
vt 3.1250000000e-1 5.0000000000e-1
vt 3.7500000000e-1 5.0000000000e-1
vt 4.3750000000e-1 5.0000000000e-1
vt 5.0000000000e-1 5.0000000000e-1
vt 5.6250000000e-1 5.0000000000e-1
vt 6.2500000000e-1 5.0000000000e-1
vt 6.8750000000e-1 5.0000000000e-1
vt 7.5000000000e-1 5.0000000000e-1
vt 8.1250000000e-1 5.0000000000e-1
vt 8.7500000000e-1 5.0000000000e-1
vt 9.3750000000e-1 5.0000000000e-1
vt 6.2500000000e-2 5.3125000000e-1
vt 6.2500000000e-2 5.6250000000e-1
vt 6.2500000000e-2 5.9375000000e-1
vt 6.2500000000e-2 6.2500000000e-1
vt 6.2500000000e-2 6.5625000000e-1
vt 6.2500000000e-2 6.8750000000e-1
vt 6.2500000000e-2 7.1875000000e-1
vt 1.2500000000e-1 5.3125000000e-1
vt 1.2500000000e-1 5.6250000000e-1
vt 1.2500000000e-1 5.9375000000e-1
vt 1.2500000000e-1 6.2500000000e-1
vt 1.2500000000e-1 6.5625000000e-1
vt 1.2500000000e-1 6.8750000000e-1
vt 1.2500000000e-1 7.1875000000e-1
vt 1.2500000000e-1 7.5000000000e-1
vt 1.2500000000e-1 7.8125000000e-1
vt 1.2500000000e-1 8.1250000000e-1
vt 1.8750000000e-1 5.3125000000e-1
vt 1.8750000000e-1 5.6250000000e-1
vt 1.8750000000e-1 5.9375000000e-1
vt 1.8750000000e-1 6.2500000000e-1
vt 1.8750000000e-1 6.5625000000e-1
vt 1.8750000000e-1 6.8750000000e-1
vt 1.8750000000e-1 7.1875000000e-1
vt 1.8750000000e-1 7.5000000000e-1
vt 1.8750000000e-1 7.8125000000e-1
vt 1.8750000000e-1 8.1250000000e-1
vt 1.8750000000e-1 8.4375000000e-1
vt 1.8750000000e-1 8.7500000000e-1
vt 2.5000000000e-1 5.3125000000e-1
vt 2.5000000000e-1 5.6250000000e-1
vt 2.5000000000e-1 5.9375000000e-1
vt 2.5000000000e-1 6.2500000000e-1
vt 2.5000000000e-1 6.5625000000e-1
vt 2.5000000000e-1 6.8750000000e-1
vt 2.5000000000e-1 7.1875000000e-1
vt 2.5000000000e-1 7.5000000000e-1
vt 2.5000000000e-1 7.8125000000e-1
vt 2.5000000000e-1 8.1250000000e-1
vt 2.5000000000e-1 8.4375000000e-1
vt 2.5000000000e-1 8.7500000000e-1
vt 2.5000000000e-1 9.0625000000e-1
vt 3.1250000000e-1 5.3125000000e-1
vt 3.1250000000e-1 5.6250000000e-1
vt 3.1250000000e-1 5.9375000000e-1
vt 3.1250000000e-1 6.2500000000e-1
vt 3.1250000000e-1 6.5625000000e-1
vt 3.1250000000e-1 6.8750000000e-1
vt 3.1250000000e-1 7.1875000000e-1
vt 3.1250000000e-1 7.5000000000e-1
vt 3.1250000000e-1 7.8125000000e-1
vt 3.1250000000e-1 8.1250000000e-1
vt 3.1250000000e-1 8.4375000000e-1
vt 3.1250000000e-1 8.7500000000e-1
vt 3.1250000000e-1 9.0625000000e-1
vt 3.1250000000e-1 9.3750000000e-1
vt 3.7500000000e-1 5.3125000000e-1
vt 3.7500000000e-1 5.6250000000e-1
vt 3.7500000000e-1 5.9375000000e-1
vt 3.7500000000e-1 6.2500000000e-1
vt 3.7500000000e-1 6.5625000000e-1
vt 3.7500000000e-1 6.8750000000e-1
vt 3.7500000000e-1 7.1875000000e-1
vt 3.7500000000e-1 7.5000000000e-1
vt 3.7500000000e-1 7.8125000000e-1
vt 3.7500000000e-1 8.1250000000e-1
vt 3.7500000000e-1 8.4375000000e-1
vt 3.7500000000e-1 8.7500000000e-1
vt 3.7500000000e-1 9.0625000000e-1
vt 3.7500000000e-1 9.3750000000e-1
vt 3.7500000000e-1 9.6875000000e-1
vt 4.3750000000e-1 5.3125000000e-1
vt 4.3750000000e-1 5.6250000000e-1
vt 4.3750000000e-1 5.9375000000e-1
vt 4.3750000000e-1 6.2500000000e-1
vt 4.3750000000e-1 6.5625000000e-1
vt 4.3750000000e-1 6.8750000000e-1
vt 4.3750000000e-1 7.1875000000e-1
vt 4.3750000000e-1 7.5000000000e-1
vt 4.3750000000e-1 7.8125000000e-1
vt 4.3750000000e-1 8.1250000000e-1
vt 4.3750000000e-1 8.4375000000e-1
vt 4.3750000000e-1 8.7500000000e-1
vt 4.3750000000e-1 9.0625000000e-1
vt 4.3750000000e-1 9.3750000000e-1
vt 4.3750000000e-1 9.6875000000e-1
vt 5.0000000000e-1 5.3125000000e-1
vt 5.0000000000e-1 5.6250000000e-1
vt 5.0000000000e-1 5.9375000000e-1
vt 5.0000000000e-1 6.2500000000e-1
vt 5.0000000000e-1 6.5625000000e-1
vt 5.0000000000e-1 6.8750000000e-1
vt 5.0000000000e-1 7.1875000000e-1
vt 5.0000000000e-1 7.5000000000e-1
vt 5.0000000000e-1 7.8125000000e-1
vt 5.0000000000e-1 8.1250000000e-1
vt 5.0000000000e-1 8.4375000000e-1
vt 5.0000000000e-1 8.7500000000e-1
vt 5.0000000000e-1 9.0625000000e-1
vt 5.0000000000e-1 9.3750000000e-1
vt 5.0000000000e-1 9.6875000000e-1
vt 5.6250000000e-1 5.3125000000e-1
vt 5.6250000000e-1 5.6250000000e-1
vt 5.6250000000e-1 5.9375000000e-1
vt 5.6250000000e-1 6.2500000000e-1
vt 5.6250000000e-1 6.5625000000e-1
vt 5.6250000000e-1 6.8750000000e-1
vt 5.6250000000e-1 7.1875000000e-1
vt 5.6250000000e-1 7.5000000000e-1
vt 5.6250000000e-1 7.8125000000e-1
vt 5.6250000000e-1 8.1250000000e-1
vt 5.6250000000e-1 8.4375000000e-1
vt 5.6250000000e-1 8.7500000000e-1
vt 5.6250000000e-1 9.0625000000e-1
vt 5.6250000000e-1 9.3750000000e-1
vt 5.6250000000e-1 9.6875000000e-1
vt 6.2500000000e-1 5.3125000000e-1
vt 6.2500000000e-1 5.6250000000e-1
vt 6.2500000000e-1 5.9375000000e-1
vt 6.2500000000e-1 6.2500000000e-1
vt 6.2500000000e-1 6.5625000000e-1
vt 6.2500000000e-1 6.8750000000e-1
vt 6.2500000000e-1 7.1875000000e-1
vt 6.2500000000e-1 7.5000000000e-1
vt 6.2500000000e-1 7.8125000000e-1
vt 6.2500000000e-1 8.1250000000e-1
vt 6.2500000000e-1 8.4375000000e-1
vt 6.2500000000e-1 8.7500000000e-1
vt 6.2500000000e-1 9.0625000000e-1
vt 6.2500000000e-1 9.3750000000e-1
vt 6.2500000000e-1 9.6875000000e-1
vt 6.8750000000e-1 5.3125000000e-1
vt 6.8750000000e-1 5.6250000000e-1
vt 6.8750000000e-1 5.9375000000e-1
vt 6.8750000000e-1 6.2500000000e-1
vt 6.8750000000e-1 6.5625000000e-1
vt 6.8750000000e-1 6.8750000000e-1
vt 6.8750000000e-1 7.1875000000e-1
vt 6.8750000000e-1 7.5000000000e-1
vt 6.8750000000e-1 7.8125000000e-1
vt 6.8750000000e-1 8.1250000000e-1
vt 6.8750000000e-1 8.4375000000e-1
vt 6.8750000000e-1 8.7500000000e-1
vt 6.8750000000e-1 9.0625000000e-1
vt 6.8750000000e-1 9.3750000000e-1
vt 7.5000000000e-1 5.3125000000e-1
vt 7.5000000000e-1 5.6250000000e-1
vt 7.5000000000e-1 5.9375000000e-1
vt 7.5000000000e-1 6.2500000000e-1
vt 7.5000000000e-1 6.5625000000e-1
vt 7.5000000000e-1 6.8750000000e-1
vt 7.5000000000e-1 7.1875000000e-1
vt 7.5000000000e-1 7.5000000000e-1
vt 7.5000000000e-1 7.8125000000e-1
vt 7.5000000000e-1 8.1250000000e-1
vt 7.5000000000e-1 8.4375000000e-1
vt 7.5000000000e-1 8.7500000000e-1
vt 7.5000000000e-1 9.0625000000e-1
vt 8.1250000000e-1 5.3125000000e-1
vt 8.1250000000e-1 5.6250000000e-1
vt 8.1250000000e-1 5.9375000000e-1
vt 8.1250000000e-1 6.2500000000e-1
vt 8.1250000000e-1 6.5625000000e-1
vt 8.1250000000e-1 6.8750000000e-1
vt 8.1250000000e-1 7.1875000000e-1
vt 8.1250000000e-1 7.5000000000e-1
vt 8.1250000000e-1 7.8125000000e-1
vt 8.1250000000e-1 8.1250000000e-1
vt 8.1250000000e-1 8.4375000000e-1
vt 8.1250000000e-1 8.7500000000e-1
vt 8.7500000000e-1 5.3125000000e-1
vt 8.7500000000e-1 5.6250000000e-1
vt 8.7500000000e-1 5.9375000000e-1
vt 8.7500000000e-1 6.2500000000e-1
vt 8.7500000000e-1 6.5625000000e-1
vt 8.7500000000e-1 6.8750000000e-1
vt 8.7500000000e-1 7.1875000000e-1
vt 8.7500000000e-1 7.5000000000e-1
vt 8.7500000000e-1 7.8125000000e-1
vt 8.7500000000e-1 8.1250000000e-1
vt 9.3750000000e-1 5.3125000000e-1
vt 9.3750000000e-1 5.6250000000e-1
vt 9.3750000000e-1 5.9375000000e-1
vt 9.3750000000e-1 6.2500000000e-1
vt 9.3750000000e-1 6.5625000000e-1
vt 9.3750000000e-1 6.8750000000e-1
vt 9.3750000000e-1 7.1875000000e-1
vt 6.2500000000e-2 7.3863636364e-1
vt 1.2500000000e-1 8.2692307692e-1
vt 1.8750000000e-1 8.8793103448e-1
vt 2.5000000000e-1 9.3103448276e-1
vt 3.1250000000e-1 9.5967741935e-1
vt 3.7500000000e-1 9.8387096774e-1
vt 4.3750000000e-1 9.9218750000e-1
vt 5.6250000000e-1 9.9218750000e-1
vt 6.2500000000e-1 9.8387096774e-1
vt 6.8750000000e-1 9.5967741935e-1
vt 7.5000000000e-1 9.3103448276e-1
vt 8.1250000000e-1 8.8793103448e-1
vt 8.7500000000e-1 8.2692307692e-1
vt 9.3750000000e-1 7.3863636364e-1
vt 2.0833333333e-3 5.3125000000e-1
vt 9.9791666667e-1 5.3125000000e-1
vt 4.1666666667e-3 5.6250000000e-1
vt 9.9583333333e-1 5.6250000000e-1
vt 1.0216346154e-2 5.9375000000e-1
vt 9.8978365385e-1 5.9375000000e-1
vt 1.6826923077e-2 6.2500000000e-1
vt 9.8317307692e-1 6.2500000000e-1
vt 2.6278409091e-2 6.5625000000e-1
vt 9.7372159091e-1 6.5625000000e-1
vt 3.8352272727e-2 6.8750000000e-1
vt 9.6164772727e-1 6.8750000000e-1
vt 5.0426136364e-2 7.1875000000e-1
vt 9.4957386364e-1 7.1875000000e-1
vt 6.9444444444e-2 7.5000000000e-1
vt 9.3055555556e-1 7.5000000000e-1
vt 8.8541666667e-2 7.8125000000e-1
vt 9.1145833333e-1 7.8125000000e-1
vt 1.1160714286e-1 8.1250000000e-1
vt 8.8839285714e-1 8.1250000000e-1
vt 1.4062500000e-1 8.4375000000e-1
vt 8.5937500000e-1 8.4375000000e-1
vt 1.6964285714e-1 8.7500000000e-1
vt 8.3035714286e-1 8.7500000000e-1
vt 2.1406250000e-1 9.0625000000e-1
vt 7.8593750000e-1 9.0625000000e-1
vt 2.5937500000e-1 9.3750000000e-1
vt 7.4062500000e-1 9.3750000000e-1
vt 3.3593750000e-1 9.6875000000e-1
vt 6.6406250000e-1 9.6875000000e-1
vt 0.0000000000e0 5.0000000000e-1
vt 4.4247787611e-3 4.3362831858e-1
vt 2.0000000000e-2 3.6000000000e-1
vt 5.0561797753e-2 2.8089887640e-1
vt 1.0000000000e-1 2.0000000000e-1
vt 1.7123287671e-1 1.2328767123e-1
vt 2.6470588235e-1 5.8823529412e-2
vt 3.7692307692e-1 1.5384615385e-2
vt 5.0000000000e-1 -1.1433831337e-15
vt 6.2307692308e-1 1.5384615385e-2
vt 7.3529411765e-1 5.8823529412e-2
vt 8.2876712329e-1 1.2328767123e-1
vt 9.0000000000e-1 2.0000000000e-1
vt 9.4943820225e-1 2.8089887640e-1
vt 9.8000000000e-1 3.6000000000e-1
vt 9.9557522124e-1 4.3362831858e-1
vt 1.0000000000e0 5.0000000000e-1
vt 9.3750000000e-1 5.0000000000e-1
vt 8.7500000000e-1 5.0000000000e-1
vt 8.1250000000e-1 5.0000000000e-1
vt 7.5000000000e-1 5.0000000000e-1
vt 6.8750000000e-1 5.0000000000e-1
vt 6.2500000000e-1 5.0000000000e-1
vt 5.6250000000e-1 5.0000000000e-1
vt 5.0000000000e-1 5.0000000000e-1
vt 4.3750000000e-1 5.0000000000e-1
vt 3.7500000000e-1 5.0000000000e-1
vt 3.1250000000e-1 5.0000000000e-1
vt 2.5000000000e-1 5.0000000000e-1
vt 1.8750000000e-1 5.0000000000e-1
vt 1.2500000000e-1 5.0000000000e-1
vt 6.2500000000e-2 5.0000000000e-1
vt 6.2500000000e-2 2.8125000000e-1
vt 6.2500000000e-2 3.1250000000e-1
vt 6.2500000000e-2 3.4375000000e-1
vt 6.2500000000e-2 3.7500000000e-1
vt 6.2500000000e-2 4.0625000000e-1
vt 6.2500000000e-2 4.3750000000e-1
vt 6.2500000000e-2 4.6875000000e-1
vt 1.2500000000e-1 1.8750000000e-1
vt 1.2500000000e-1 2.1875000000e-1
vt 1.2500000000e-1 2.5000000000e-1
vt 1.2500000000e-1 2.8125000000e-1
vt 1.2500000000e-1 3.1250000000e-1
vt 1.2500000000e-1 3.4375000000e-1
vt 1.2500000000e-1 3.7500000000e-1
vt 1.2500000000e-1 4.0625000000e-1
vt 1.2500000000e-1 4.3750000000e-1
vt 1.2500000000e-1 4.6875000000e-1
vt 1.8750000000e-1 1.2500000000e-1
vt 1.8750000000e-1 1.5625000000e-1
vt 1.8750000000e-1 1.8750000000e-1
vt 1.8750000000e-1 2.1875000000e-1
vt 1.8750000000e-1 2.5000000000e-1
vt 1.8750000000e-1 2.8125000000e-1
vt 1.8750000000e-1 3.1250000000e-1
vt 1.8750000000e-1 3.4375000000e-1
vt 1.8750000000e-1 3.7500000000e-1
vt 1.8750000000e-1 4.0625000000e-1
vt 1.8750000000e-1 4.3750000000e-1
vt 1.8750000000e-1 4.6875000000e-1
vt 2.5000000000e-1 9.3750000000e-2
vt 2.5000000000e-1 1.2500000000e-1
vt 2.5000000000e-1 1.5625000000e-1
vt 2.5000000000e-1 1.8750000000e-1
vt 2.5000000000e-1 2.1875000000e-1
vt 2.5000000000e-1 2.5000000000e-1
vt 2.5000000000e-1 2.8125000000e-1
vt 2.5000000000e-1 3.1250000000e-1
vt 2.5000000000e-1 3.4375000000e-1
vt 2.5000000000e-1 3.7500000000e-1
vt 2.5000000000e-1 4.0625000000e-1
vt 2.5000000000e-1 4.3750000000e-1
vt 2.5000000000e-1 4.6875000000e-1
vt 3.1250000000e-1 6.2500000000e-2
vt 3.1250000000e-1 9.3750000000e-2
vt 3.1250000000e-1 1.2500000000e-1
vt 3.1250000000e-1 1.5625000000e-1
vt 3.1250000000e-1 1.8750000000e-1
vt 3.1250000000e-1 2.1875000000e-1
vt 3.1250000000e-1 2.5000000000e-1
vt 3.1250000000e-1 2.8125000000e-1
vt 3.1250000000e-1 3.1250000000e-1
vt 3.1250000000e-1 3.4375000000e-1
vt 3.1250000000e-1 3.7500000000e-1
vt 3.1250000000e-1 4.0625000000e-1
vt 3.1250000000e-1 4.3750000000e-1
vt 3.1250000000e-1 4.6875000000e-1
vt 3.7500000000e-1 3.1250000000e-2
vt 3.7500000000e-1 6.2500000000e-2
vt 3.7500000000e-1 9.3750000000e-2
vt 3.7500000000e-1 1.2500000000e-1
vt 3.7500000000e-1 1.5625000000e-1
vt 3.7500000000e-1 1.8750000000e-1
vt 3.7500000000e-1 2.1875000000e-1
vt 3.7500000000e-1 2.5000000000e-1
vt 3.7500000000e-1 2.8125000000e-1
vt 3.7500000000e-1 3.1250000000e-1
vt 3.7500000000e-1 3.4375000000e-1
vt 3.7500000000e-1 3.7500000000e-1
vt 3.7500000000e-1 4.0625000000e-1
vt 3.7500000000e-1 4.3750000000e-1
vt 3.7500000000e-1 4.6875000000e-1
vt 4.3750000000e-1 3.1250000000e-2
vt 4.3750000000e-1 6.2500000000e-2
vt 4.3750000000e-1 9.3750000000e-2
vt 4.3750000000e-1 1.2500000000e-1
vt 4.3750000000e-1 1.5625000000e-1
vt 4.3750000000e-1 1.8750000000e-1
vt 4.3750000000e-1 2.1875000000e-1
vt 4.3750000000e-1 2.5000000000e-1
vt 4.3750000000e-1 2.8125000000e-1
vt 4.3750000000e-1 3.1250000000e-1
vt 4.3750000000e-1 3.4375000000e-1
vt 4.3750000000e-1 3.7500000000e-1
vt 4.3750000000e-1 4.0625000000e-1
vt 4.3750000000e-1 4.3750000000e-1
vt 4.3750000000e-1 4.6875000000e-1
vt 5.0000000000e-1 3.1250000000e-2
vt 5.0000000000e-1 6.2500000000e-2
vt 5.0000000000e-1 9.3750000000e-2
vt 5.0000000000e-1 1.2500000000e-1
vt 5.0000000000e-1 1.5625000000e-1
vt 5.0000000000e-1 1.8750000000e-1
vt 5.0000000000e-1 2.1875000000e-1
vt 5.0000000000e-1 2.5000000000e-1
vt 5.0000000000e-1 2.8125000000e-1
vt 5.0000000000e-1 3.1250000000e-1
vt 5.0000000000e-1 3.4375000000e-1
vt 5.0000000000e-1 3.7500000000e-1
vt 5.0000000000e-1 4.0625000000e-1
vt 5.0000000000e-1 4.3750000000e-1
vt 5.0000000000e-1 4.6875000000e-1
vt 5.6250000000e-1 3.1250000000e-2
vt 5.6250000000e-1 6.2500000000e-2
vt 5.6250000000e-1 9.3750000000e-2
vt 5.6250000000e-1 1.2500000000e-1
vt 5.6250000000e-1 1.5625000000e-1
vt 5.6250000000e-1 1.8750000000e-1
vt 5.6250000000e-1 2.1875000000e-1
vt 5.6250000000e-1 2.5000000000e-1
vt 5.6250000000e-1 2.8125000000e-1
vt 5.6250000000e-1 3.1250000000e-1
vt 5.6250000000e-1 3.4375000000e-1
vt 5.6250000000e-1 3.7500000000e-1
vt 5.6250000000e-1 4.0625000000e-1
vt 5.6250000000e-1 4.3750000000e-1
vt 5.6250000000e-1 4.6875000000e-1
vt 6.2500000000e-1 3.1250000000e-2
vt 6.2500000000e-1 6.2500000000e-2
vt 6.2500000000e-1 9.3750000000e-2
vt 6.2500000000e-1 1.2500000000e-1
vt 6.2500000000e-1 1.5625000000e-1
vt 6.2500000000e-1 1.8750000000e-1
vt 6.2500000000e-1 2.1875000000e-1
vt 6.2500000000e-1 2.5000000000e-1
vt 6.2500000000e-1 2.8125000000e-1
vt 6.2500000000e-1 3.1250000000e-1
vt 6.2500000000e-1 3.4375000000e-1
vt 6.2500000000e-1 3.7500000000e-1
vt 6.2500000000e-1 4.0625000000e-1
vt 6.2500000000e-1 4.3750000000e-1
vt 6.2500000000e-1 4.6875000000e-1
vt 6.8750000000e-1 6.2500000000e-2
vt 6.8750000000e-1 9.3750000000e-2
vt 6.8750000000e-1 1.2500000000e-1
vt 6.8750000000e-1 1.5625000000e-1
vt 6.8750000000e-1 1.8750000000e-1
vt 6.8750000000e-1 2.1875000000e-1
vt 6.8750000000e-1 2.5000000000e-1
vt 6.8750000000e-1 2.8125000000e-1
vt 6.8750000000e-1 3.1250000000e-1
vt 6.8750000000e-1 3.4375000000e-1
vt 6.8750000000e-1 3.7500000000e-1
vt 6.8750000000e-1 4.0625000000e-1
vt 6.8750000000e-1 4.3750000000e-1
vt 6.8750000000e-1 4.6875000000e-1
vt 7.5000000000e-1 9.3750000000e-2
vt 7.5000000000e-1 1.2500000000e-1
vt 7.5000000000e-1 1.5625000000e-1
vt 7.5000000000e-1 1.8750000000e-1
vt 7.5000000000e-1 2.1875000000e-1
vt 7.5000000000e-1 2.5000000000e-1
vt 7.5000000000e-1 2.8125000000e-1
vt 7.5000000000e-1 3.1250000000e-1
vt 7.5000000000e-1 3.4375000000e-1
vt 7.5000000000e-1 3.7500000000e-1
vt 7.5000000000e-1 4.0625000000e-1
vt 7.5000000000e-1 4.3750000000e-1
vt 7.5000000000e-1 4.6875000000e-1
vt 8.1250000000e-1 1.2500000000e-1
vt 8.1250000000e-1 1.5625000000e-1
vt 8.1250000000e-1 1.8750000000e-1
vt 8.1250000000e-1 2.1875000000e-1
vt 8.1250000000e-1 2.5000000000e-1
vt 8.1250000000e-1 2.8125000000e-1
vt 8.1250000000e-1 3.1250000000e-1
vt 8.1250000000e-1 3.4375000000e-1
vt 8.1250000000e-1 3.7500000000e-1
vt 8.1250000000e-1 4.0625000000e-1
vt 8.1250000000e-1 4.3750000000e-1
vt 8.1250000000e-1 4.6875000000e-1
vt 8.7500000000e-1 1.8750000000e-1
vt 8.7500000000e-1 2.1875000000e-1
vt 8.7500000000e-1 2.5000000000e-1
vt 8.7500000000e-1 2.8125000000e-1
vt 8.7500000000e-1 3.1250000000e-1
vt 8.7500000000e-1 3.4375000000e-1
vt 8.7500000000e-1 3.7500000000e-1
vt 8.7500000000e-1 4.0625000000e-1
vt 8.7500000000e-1 4.3750000000e-1
vt 8.7500000000e-1 4.6875000000e-1
vt 9.3750000000e-1 2.8125000000e-1
vt 9.3750000000e-1 3.1250000000e-1
vt 9.3750000000e-1 3.4375000000e-1
vt 9.3750000000e-1 3.7500000000e-1
vt 9.3750000000e-1 4.0625000000e-1
vt 9.3750000000e-1 4.3750000000e-1
vt 9.3750000000e-1 4.6875000000e-1
vt 6.2500000000e-2 2.6136363636e-1
vt 1.2500000000e-1 1.7307692308e-1
vt 1.8750000000e-1 1.1206896552e-1
vt 2.5000000000e-1 6.8965517241e-2
vt 3.1250000000e-1 4.0322580645e-2
vt 3.7500000000e-1 1.6129032258e-2
vt 4.3750000000e-1 7.8125000000e-3
vt 5.6250000000e-1 7.8125000000e-3
vt 6.2500000000e-1 1.6129032258e-2
vt 6.8750000000e-1 4.0322580645e-2
vt 7.5000000000e-1 6.8965517241e-2
vt 8.1250000000e-1 1.1206896552e-1
vt 8.7500000000e-1 1.7307692308e-1
vt 9.3750000000e-1 2.6136363636e-1
vt 3.3593750000e-1 3.1250000000e-2
vt 6.6406250000e-1 3.1250000000e-2
vt 2.5937500000e-1 6.2500000000e-2
vt 7.4062500000e-1 6.2500000000e-2
vt 2.1406250000e-1 9.3750000000e-2
vt 7.8593750000e-1 9.3750000000e-2
vt 1.6964285714e-1 1.2500000000e-1
vt 8.3035714286e-1 1.2500000000e-1
vt 1.4062500000e-1 1.5625000000e-1
vt 8.5937500000e-1 1.5625000000e-1
vt 1.1160714286e-1 1.8750000000e-1
vt 8.8839285714e-1 1.8750000000e-1
vt 8.8541666667e-2 2.1875000000e-1
vt 9.1145833333e-1 2.1875000000e-1
vt 6.9444444444e-2 2.5000000000e-1
vt 9.3055555556e-1 2.5000000000e-1
vt 5.0426136364e-2 2.8125000000e-1
vt 9.4957386364e-1 2.8125000000e-1
vt 3.8352272727e-2 3.1250000000e-1
vt 9.6164772727e-1 3.1250000000e-1
vt 2.6278409091e-2 3.4375000000e-1
vt 9.7372159091e-1 3.4375000000e-1
vt 1.6826923077e-2 3.7500000000e-1
vt 9.8317307692e-1 3.7500000000e-1
vt 1.0216346154e-2 4.0625000000e-1
vt 9.8978365385e-1 4.0625000000e-1
vt 4.1666666667e-3 4.3750000000e-1
vt 9.9583333333e-1 4.3750000000e-1
vt 2.0833333333e-3 4.6875000000e-1
vt 9.9791666667e-1 4.6875000000e-1
vn 9.7014250015e-1 -0.0000000000e0 -2.4253562504e-1
vn 9.6155716829e-1 1.2877997790e-1 -2.4253562504e-1
vn 9.3133680014e-1 2.7163990004e-1 -2.4253562504e-1
vn 8.7203820238e-1 4.2511862366e-1 -2.4253562504e-1
vn 7.7611400012e-1 5.8208550009e-1 -2.4253562504e-1
vn 6.3790191790e-1 7.3092928093e-1 -2.4253562504e-1
vn 4.5653764713e-1 8.5600808836e-1 -2.4253562504e-1
vn 2.3880430773e-1 9.4029196168e-1 -2.4253562504e-1
vn -0.0000000000e0 9.7014250015e-1 -2.4253562504e-1
vn -2.3880430773e-1 9.4029196168e-1 -2.4253562504e-1
vn -4.5653764713e-1 8.5600808836e-1 -2.4253562504e-1
vn -6.3790191790e-1 7.3092928093e-1 -2.4253562504e-1
vn -7.7611400012e-1 5.8208550009e-1 -2.4253562504e-1
vn -8.7203820238e-1 4.2511862366e-1 -2.4253562504e-1
vn -9.3133680014e-1 2.7163990004e-1 -2.4253562504e-1
vn -9.6155716829e-1 1.2877997790e-1 -2.4253562504e-1
vn -9.7014250015e-1 0.0000000000e0 -2.4253562504e-1
vn -9.6152394764e-1 0.0000000000e0 -2.7472112790e-1
vn -9.4868329805e-1 0.0000000000e0 -3.1622776602e-1
vn -9.2847669089e-1 0.0000000000e0 -3.7139067635e-1
vn -8.9442719100e-1 0.0000000000e0 -4.4721359550e-1
vn -8.3205029434e-1 0.0000000000e0 -5.5470019623e-1
vn -7.0710678119e-1 0.0000000000e0 -7.0710678119e-1
vn -4.4721359550e-1 0.0000000000e0 -8.9442719100e-1
vn -1.2079226508e-13 0.0000000000e0 -1.0000000000e0
vn 4.4721359550e-1 -0.0000000000e0 -8.9442719100e-1
vn 7.0710678119e-1 -0.0000000000e0 -7.0710678119e-1
vn 8.3205029434e-1 -0.0000000000e0 -5.5470019623e-1
vn 8.9442719100e-1 -0.0000000000e0 -4.4721359550e-1
vn 9.2847669089e-1 -0.0000000000e0 -3.7139067635e-1
vn 9.4868329805e-1 -0.0000000000e0 -3.1622776602e-1
vn 9.6152394764e-1 -0.0000000000e0 -2.7472112790e-1
vn -9.5926419376e-1 6.8518870983e-2 -2.7407548393e-1
vn -9.5257934442e-1 1.3608276349e-1 -2.7216552698e-1
vn -9.4174191159e-1 2.0180183820e-1 -2.6906911760e-1
vn -9.2717264995e-1 2.6490647141e-1 -2.6490647141e-1
vn -9.0939772345e-1 3.2478490123e-1 -2.5982792098e-1
vn -8.8900088900e-1 3.8100038100e-1 -2.5400025400e-1
vn -8.6657824483e-1 4.3328912241e-1 -2.4759378424e-1
vn -9.4573248749e-1 7.8811040624e-2 -3.1524416250e-1
vn -9.3704257133e-1 1.5617376189e-1 -3.1234752378e-1
vn -9.2307692308e-1 2.3076923077e-1 -3.0769230769e-1
vn -9.0453403373e-1 3.0151134458e-1 -3.0151134458e-1
vn -8.8225754651e-1 3.6760731105e-1 -2.9408584884e-1
vn -8.5714285714e-1 4.2857142857e-1 -2.8571428571e-1
vn -8.3005735664e-1 4.8420012471e-1 -2.7668578555e-1
vn -8.0178372574e-1 5.3452248382e-1 -2.6726124191e-1
vn -7.7298795168e-1 5.7974096376e-1 -2.5766265056e-1
vn -7.4420840754e-1 6.2017367295e-1 -2.4806946918e-1
vn -9.2450032704e-1 9.2450032704e-2 -3.6980013082e-1
vn -9.1287092918e-1 1.8257418584e-1 -3.6514837167e-1
vn -8.9442719100e-1 2.6832815730e-1 -3.5777087640e-1
vn -8.7038827978e-1 3.4815531191e-1 -3.4815531191e-1
vn -8.4215192107e-1 4.2107596053e-1 -3.3686076843e-1
vn -8.1110710565e-1 4.8666426339e-1 -3.2444284226e-1
vn -7.7849894416e-1 5.4494926091e-1 -3.1139957766e-1
vn -7.4535599250e-1 5.9628479400e-1 -2.9814239700e-1
vn -7.1247049988e-1 6.4122344989e-1 -2.8498819995e-1
vn -6.8041381744e-1 6.8041381744e-1 -2.7216552698e-1
vn -6.4956980246e-1 7.1452678271e-1 -2.5982792098e-1
vn -6.2017367295e-1 7.4420840754e-1 -2.4806946918e-1
vn -8.8888888889e-1 1.1111111111e-1 -4.4444444444e-1
vn -8.7287156094e-1 2.1821789024e-1 -4.3643578047e-1
vn -8.4799830401e-1 3.1799936400e-1 -4.2399915200e-1
vn -8.1649658093e-1 4.0824829046e-1 -4.0824829046e-1
vn -7.8072005836e-1 4.8795003647e-1 -3.9036002918e-1
vn -7.4278135271e-1 5.5708601453e-1 -3.7139067635e-1
vn -7.0436072506e-1 6.1631563443e-1 -3.5218036253e-1
vn -6.6666666667e-1 6.6666666667e-1 -3.3333333333e-1
vn -6.3048832499e-1 7.0929936562e-1 -3.1524416250e-1
vn -5.9628479400e-1 7.4535599250e-1 -2.9814239700e-1
vn -5.6427649269e-1 7.7588017744e-1 -2.8213824634e-1
vn -5.3452248382e-1 8.0178372574e-1 -2.6726124191e-1
vn -5.0697940042e-1 8.2384152568e-1 -2.5348970021e-1
vn -8.2416338369e-1 1.3736056395e-1 -5.4944225579e-1
vn -8.0178372574e-1 2.6726124191e-1 -5.3452248382e-1
vn -7.6822127960e-1 3.8411063980e-1 -5.1214751973e-1
vn -7.2760687511e-1 4.8507125007e-1 -4.8507125007e-1
vn -6.8376345876e-1 5.6980288230e-1 -4.5584230584e-1
vn -6.3960214907e-1 6.3960214907e-1 -4.2640143271e-1
vn -5.9702231413e-1 6.9652603315e-1 -3.9801487608e-1
vn -5.5708601453e-1 7.4278135271e-1 -3.7139067635e-1
vn -5.2026598171e-1 7.8039897257e-1 -3.4684398781e-1
vn -4.8666426339e-1 8.1110710565e-1 -3.2444284226e-1
vn -4.5617155276e-1 8.3631451340e-1 -3.0411436851e-1
vn -4.2857142857e-1 8.5714285714e-1 -2.8571428571e-1
vn -4.0360367640e-1 8.7447463220e-1 -2.6906911760e-1
vn -3.8100038100e-1 8.8900088900e-1 -2.5400025400e-1
vn -6.9631062382e-1 1.7407765596e-1 -6.9631062382e-1
vn -6.6666666667e-1 3.3333333333e-1 -6.6666666667e-1
vn -6.2469504755e-1 4.6852128567e-1 -6.2469504755e-1
vn -5.7735026919e-1 5.7735026919e-1 -5.7735026919e-1
vn -5.2981294283e-1 6.6226617853e-1 -5.2981294283e-1
vn -4.8507125007e-1 7.2760687511e-1 -4.8507125007e-1
vn -4.4444444444e-1 7.7777777778e-1 -4.4444444444e-1
vn -4.0824829046e-1 8.1649658093e-1 -4.0824829046e-1
vn -3.7628834735e-1 8.4664878155e-1 -3.7628834735e-1
vn -3.4815531191e-1 8.7038827978e-1 -3.4815531191e-1
vn -3.2338083338e-1 8.8929729180e-1 -3.2338083338e-1
vn -3.0151134458e-1 9.0453403373e-1 -3.0151134458e-1
vn -2.8213824634e-1 9.1694930062e-1 -2.8213824634e-1
vn -2.6490647141e-1 9.2717264995e-1 -2.6490647141e-1
vn -2.4951314462e-1 9.3567429233e-1 -2.4951314462e-1
vn -4.3643578047e-1 2.1821789024e-1 -8.7287156094e-1
vn -4.0824829046e-1 4.0824829046e-1 -8.1649658093e-1
vn -3.7139067635e-1 5.5708601453e-1 -7.4278135271e-1
vn -3.3333333333e-1 6.6666666667e-1 -6.6666666667e-1
vn -2.9814239700e-1 7.4535599250e-1 -5.9628479400e-1
vn -2.6726124191e-1 8.0178372574e-1 -5.3452248382e-1
vn -2.4077170617e-1 8.4270097160e-1 -4.8154341234e-1
vn -2.1821789024e-1 8.7287156094e-1 -4.3643578047e-1
vn -1.9900743804e-1 8.9553347119e-1 -3.9801487608e-1
vn -1.8257418584e-1 9.1287092918e-1 -3.6514837167e-1
vn -1.6843038421e-1 9.2636711317e-1 -3.3686076843e-1
vn -1.5617376189e-1 9.3704257133e-1 -3.1234752378e-1
vn -1.4547859349e-1 9.4561085769e-1 -2.9095718698e-1
vn -1.3608276349e-1 9.5257934442e-1 -2.7216552698e-1
vn -1.2777531300e-1 9.5831484750e-1 -2.5555062600e-1
vn -0.0000000000e0 2.4253562504e-1 -9.7014250015e-1
vn -4.9650683065e-17 4.4721359550e-1 -8.9442719100e-1
vn -0.0000000000e0 6.0000000000e-1 -8.0000000000e-1
vn -0.0000000000e0 7.0710678119e-1 -7.0710678119e-1
vn -0.0000000000e0 7.8086880944e-1 -6.2469504755e-1
vn -0.0000000000e0 8.3205029434e-1 -5.5470019623e-1
vn 5.5082487278e-17 8.6824314212e-1 -4.9613893836e-1
vn -0.0000000000e0 8.9442719100e-1 -4.4721359550e-1
vn -0.0000000000e0 9.1381154862e-1 -4.0613846605e-1
vn 4.1232648002e-17 9.2847669089e-1 -3.7139067635e-1
vn -0.0000000000e0 9.3979342349e-1 -3.4174306309e-1
vn -7.0216669372e-17 9.4868329805e-1 -3.1622776602e-1
vn -5.3056393097e-17 9.5577900872e-1 -2.9408584884e-1
vn -0.0000000000e0 9.6152394764e-1 -2.7472112790e-1
vn 5.7212601448e-17 9.6623493960e-1 -2.5766265056e-1
vn 4.3643578047e-1 2.1821789024e-1 -8.7287156094e-1
vn 4.0824829046e-1 4.0824829046e-1 -8.1649658093e-1
vn 3.7139067635e-1 5.5708601453e-1 -7.4278135271e-1
vn 3.3333333333e-1 6.6666666667e-1 -6.6666666667e-1
vn 2.9814239700e-1 7.4535599250e-1 -5.9628479400e-1
vn 2.6726124191e-1 8.0178372574e-1 -5.3452248382e-1
vn 2.4077170617e-1 8.4270097160e-1 -4.8154341234e-1
vn 2.1821789024e-1 8.7287156094e-1 -4.3643578047e-1
vn 1.9900743804e-1 8.9553347119e-1 -3.9801487608e-1
vn 1.8257418584e-1 9.1287092918e-1 -3.6514837167e-1
vn 1.6843038421e-1 9.2636711317e-1 -3.3686076843e-1
vn 1.5617376189e-1 9.3704257133e-1 -3.1234752378e-1
vn 1.4547859349e-1 9.4561085769e-1 -2.9095718698e-1
vn 1.3608276349e-1 9.5257934442e-1 -2.7216552698e-1
vn 1.2777531300e-1 9.5831484750e-1 -2.5555062600e-1
vn 6.9631062382e-1 1.7407765596e-1 -6.9631062382e-1
vn 6.6666666667e-1 3.3333333333e-1 -6.6666666667e-1
vn 6.2469504755e-1 4.6852128567e-1 -6.2469504755e-1
vn 5.7735026919e-1 5.7735026919e-1 -5.7735026919e-1
vn 5.2981294283e-1 6.6226617853e-1 -5.2981294283e-1
vn 4.8507125007e-1 7.2760687511e-1 -4.8507125007e-1
vn 4.4444444444e-1 7.7777777778e-1 -4.4444444444e-1
vn 4.0824829046e-1 8.1649658093e-1 -4.0824829046e-1
vn 3.7628834735e-1 8.4664878155e-1 -3.7628834735e-1
vn 3.4815531191e-1 8.7038827978e-1 -3.4815531191e-1
vn 3.2338083338e-1 8.8929729180e-1 -3.2338083338e-1
vn 3.0151134458e-1 9.0453403373e-1 -3.0151134458e-1
vn 2.8213824634e-1 9.1694930062e-1 -2.8213824634e-1
vn 2.6490647141e-1 9.2717264995e-1 -2.6490647141e-1
vn 2.4951314462e-1 9.3567429233e-1 -2.4951314462e-1
vn 8.2416338369e-1 1.3736056395e-1 -5.4944225579e-1
vn 8.0178372574e-1 2.6726124191e-1 -5.3452248382e-1
vn 7.6822127960e-1 3.8411063980e-1 -5.1214751973e-1
vn 7.2760687511e-1 4.8507125007e-1 -4.8507125007e-1
vn 6.8376345876e-1 5.6980288230e-1 -4.5584230584e-1
vn 6.3960214907e-1 6.3960214907e-1 -4.2640143271e-1
vn 5.9702231413e-1 6.9652603315e-1 -3.9801487608e-1
vn 5.5708601453e-1 7.4278135271e-1 -3.7139067635e-1
vn 5.2026598171e-1 7.8039897257e-1 -3.4684398781e-1
vn 4.8666426339e-1 8.1110710565e-1 -3.2444284226e-1
vn 4.5617155276e-1 8.3631451340e-1 -3.0411436851e-1
vn 4.2857142857e-1 8.5714285714e-1 -2.8571428571e-1
vn 4.0360367640e-1 8.7447463220e-1 -2.6906911760e-1
vn 3.8100038100e-1 8.8900088900e-1 -2.5400025400e-1
vn 8.8888888889e-1 1.1111111111e-1 -4.4444444444e-1
vn 8.7287156094e-1 2.1821789024e-1 -4.3643578047e-1
vn 8.4799830401e-1 3.1799936400e-1 -4.2399915200e-1
vn 8.1649658093e-1 4.0824829046e-1 -4.0824829046e-1
vn 7.8072005836e-1 4.8795003647e-1 -3.9036002918e-1
vn 7.4278135271e-1 5.5708601453e-1 -3.7139067635e-1
vn 7.0436072506e-1 6.1631563443e-1 -3.5218036253e-1
vn 6.6666666667e-1 6.6666666667e-1 -3.3333333333e-1
vn 6.3048832499e-1 7.0929936562e-1 -3.1524416250e-1
vn 5.9628479400e-1 7.4535599250e-1 -2.9814239700e-1
vn 5.6427649269e-1 7.7588017744e-1 -2.8213824634e-1
vn 5.3452248382e-1 8.0178372574e-1 -2.6726124191e-1
vn 5.0697940042e-1 8.2384152568e-1 -2.5348970021e-1
vn 9.2450032704e-1 9.2450032704e-2 -3.6980013082e-1
vn 9.1287092918e-1 1.8257418584e-1 -3.6514837167e-1
vn 8.9442719100e-1 2.6832815730e-1 -3.5777087640e-1
vn 8.7038827978e-1 3.4815531191e-1 -3.4815531191e-1
vn 8.4215192107e-1 4.2107596053e-1 -3.3686076843e-1
vn 8.1110710565e-1 4.8666426339e-1 -3.2444284226e-1
vn 7.7849894416e-1 5.4494926091e-1 -3.1139957766e-1
vn 7.4535599250e-1 5.9628479400e-1 -2.9814239700e-1
vn 7.1247049988e-1 6.4122344989e-1 -2.8498819995e-1
vn 6.8041381744e-1 6.8041381744e-1 -2.7216552698e-1
vn 6.4956980246e-1 7.1452678271e-1 -2.5982792098e-1
vn 6.2017367295e-1 7.4420840754e-1 -2.4806946918e-1
vn 9.4573248749e-1 7.8811040624e-2 -3.1524416250e-1
vn 9.3704257133e-1 1.5617376189e-1 -3.1234752378e-1
vn 9.2307692308e-1 2.3076923077e-1 -3.0769230769e-1
vn 9.0453403373e-1 3.0151134458e-1 -3.0151134458e-1
vn 8.8225754651e-1 3.6760731105e-1 -2.9408584884e-1
vn 8.5714285714e-1 4.2857142857e-1 -2.8571428571e-1
vn 8.3005735664e-1 4.8420012471e-1 -2.7668578555e-1
vn 8.0178372574e-1 5.3452248382e-1 -2.6726124191e-1
vn 7.7298795168e-1 5.7974096376e-1 -2.5766265056e-1
vn 7.4420840754e-1 6.2017367295e-1 -2.4806946918e-1
vn 9.5926419376e-1 6.8518870983e-2 -2.7407548393e-1
vn 9.5257934442e-1 1.3608276349e-1 -2.7216552698e-1
vn 9.4174191159e-1 2.0180183820e-1 -2.6906911760e-1
vn 9.2717264995e-1 2.6490647141e-1 -2.6490647141e-1
vn 9.0939772345e-1 3.2478490123e-1 -2.5982792098e-1
vn 8.8900088900e-1 3.8100038100e-1 -2.5400025400e-1
vn 8.6657824483e-1 4.3328912241e-1 -2.4759378424e-1
vn -8.5151779113e-1 4.6446424971e-1 -2.4329079747e-1
vn -7.3105013080e-1 6.3732575506e-1 -2.4368337693e-1
vn -6.0846540592e-1 7.5533636597e-1 -2.4338616237e-1
vn -4.8663951938e-1 8.3903365411e-1 -2.4331975969e-1
vn -3.6625244904e-1 8.9790922991e-1 -2.4416829936e-1
vn -2.4264704517e-1 9.3927888454e-1 -2.4264704517e-1
vn -1.2215520134e-1 9.6197221058e-1 -2.4431040269e-1
vn 1.2215520134e-1 9.6197221058e-1 -2.4431040269e-1
vn 2.4264704517e-1 9.3927888454e-1 -2.4264704517e-1
vn 3.6625244904e-1 8.9790922991e-1 -2.4416829936e-1
vn 4.8663951938e-1 8.3903365411e-1 -2.4331975969e-1
vn 6.0846540592e-1 7.5533636597e-1 -2.4338616237e-1
vn 7.3105013080e-1 6.3732575506e-1 -2.4368337693e-1
vn 8.5151779113e-1 4.6446424971e-1 -2.4329079747e-1
vn -9.6811131773e-1 6.0760124544e-2 -2.4304049817e-1
vn 9.6811131773e-1 6.0760124544e-2 -2.4304049817e-1
vn -9.6249843886e-1 1.2132333263e-1 -2.4264666526e-1
vn 9.6249843886e-1 1.2132333263e-1 -2.4264666526e-1
vn -9.5269522398e-1 1.8235638643e-1 -2.4314184857e-1
vn 9.5269522398e-1 1.8235638643e-1 -2.4314184857e-1
vn -9.3911905318e-1 2.4295617296e-1 -2.4295617296e-1
vn 9.3911905318e-1 2.4295617296e-1 -2.4295617296e-1
vn -9.2119251677e-1 3.0384160973e-1 -2.4307328778e-1
vn 9.2119251677e-1 3.0384160973e-1 -2.4307328778e-1
vn -8.9865110016e-1 3.6499060068e-1 -2.4332706712e-1
vn 8.9865110016e-1 3.6499060068e-1 -2.4332706712e-1
vn -8.7235360868e-1 4.2446273534e-1 -2.4255013448e-1
vn 8.7235360868e-1 4.2446273534e-1 -2.4255013448e-1
vn -8.3875736016e-1 4.8702040267e-1 -2.4351020134e-1
vn 8.3875736016e-1 4.8702040267e-1 -2.4351020134e-1
vn -8.0076250521e-1 5.4735664913e-1 -2.4326962184e-1
vn 8.0076250521e-1 5.4735664913e-1 -2.4326962184e-1
vn -7.5572215380e-1 6.0805230765e-1 -2.4322092306e-1
vn 7.5572215380e-1 6.0805230765e-1 -2.4322092306e-1
vn -7.0084178064e-1 6.7037039887e-1 -2.4377105413e-1
vn 7.0084178064e-1 6.7037039887e-1 -2.4377105413e-1
vn -6.4127576360e-1 7.2793465058e-1 -2.4264488353e-1
vn 6.4127576360e-1 7.2793465058e-1 -2.4264488353e-1
vn -5.5817332585e-1 7.9303314056e-1 -2.4401019709e-1
vn 5.5817332585e-1 7.9303314056e-1 -2.4401019709e-1
vn -4.6749162220e-1 8.4998476763e-1 -2.4285279075e-1
vn 4.6749162220e-1 8.4998476763e-1 -2.4285279075e-1
vn -3.2035877026e-1 9.1531077216e-1 -2.4408287258e-1
vn 3.2035877026e-1 9.1531077216e-1 -2.4408287258e-1
vn -9.7014250015e-1 0.0000000000e0 -2.4253562504e-1
vn -9.6155716829e-1 -1.2877997790e-1 -2.4253562504e-1
vn -9.3133680014e-1 -2.7163990004e-1 -2.4253562504e-1
vn -8.7203820238e-1 -4.2511862366e-1 -2.4253562504e-1
vn -7.7611400012e-1 -5.8208550009e-1 -2.4253562504e-1
vn -6.3790191790e-1 -7.3092928093e-1 -2.4253562504e-1
vn -4.5653764713e-1 -8.5600808836e-1 -2.4253562504e-1
vn -2.3880430773e-1 -9.4029196168e-1 -2.4253562504e-1
vn 1.3333091442e-30 -9.7014250015e-1 -2.4253562504e-1
vn 2.3880430773e-1 -9.4029196168e-1 -2.4253562504e-1
vn 4.5653764713e-1 -8.5600808836e-1 -2.4253562504e-1
vn 6.3790191790e-1 -7.3092928093e-1 -2.4253562504e-1
vn 7.7611400012e-1 -5.8208550009e-1 -2.4253562504e-1
vn 8.7203820238e-1 -4.2511862366e-1 -2.4253562504e-1
vn 9.3133680014e-1 -2.7163990004e-1 -2.4253562504e-1
vn 9.6155716829e-1 -1.2877997790e-1 -2.4253562504e-1
vn 9.7014250015e-1 -0.0000000000e0 -2.4253562504e-1
vn 9.6152394764e-1 -0.0000000000e0 -2.7472112790e-1
vn 9.4868329805e-1 -0.0000000000e0 -3.1622776602e-1
vn 9.2847669089e-1 -0.0000000000e0 -3.7139067635e-1
vn 8.9442719100e-1 -0.0000000000e0 -4.4721359550e-1
vn 8.3205029434e-1 -0.0000000000e0 -5.5470019623e-1
vn 7.0710678119e-1 -0.0000000000e0 -7.0710678119e-1
vn 4.4721359550e-1 -0.0000000000e0 -8.9442719100e-1
vn 1.2079226508e-13 -0.0000000000e0 -1.0000000000e0
vn -4.4721359550e-1 0.0000000000e0 -8.9442719100e-1
vn -7.0710678119e-1 0.0000000000e0 -7.0710678119e-1
vn -8.3205029434e-1 0.0000000000e0 -5.5470019623e-1
vn -8.9442719100e-1 0.0000000000e0 -4.4721359550e-1
vn -9.2847669089e-1 0.0000000000e0 -3.7139067635e-1
vn -9.4868329805e-1 0.0000000000e0 -3.1622776602e-1
vn -9.6152394764e-1 0.0000000000e0 -2.7472112790e-1
vn -8.6657824483e-1 -4.3328912241e-1 -2.4759378424e-1
vn -8.8900088900e-1 -3.8100038100e-1 -2.5400025400e-1
vn -9.0939772345e-1 -3.2478490123e-1 -2.5982792098e-1
vn -9.2717264995e-1 -2.6490647141e-1 -2.6490647141e-1
vn -9.4174191159e-1 -2.0180183820e-1 -2.6906911760e-1
vn -9.5257934442e-1 -1.3608276349e-1 -2.7216552698e-1
vn -9.5926419376e-1 -6.8518870983e-2 -2.7407548393e-1
vn -7.4420840754e-1 -6.2017367295e-1 -2.4806946918e-1
vn -7.7298795168e-1 -5.7974096376e-1 -2.5766265056e-1
vn -8.0178372574e-1 -5.3452248382e-1 -2.6726124191e-1
vn -8.3005735664e-1 -4.8420012471e-1 -2.7668578555e-1
vn -8.5714285714e-1 -4.2857142857e-1 -2.8571428571e-1
vn -8.8225754651e-1 -3.6760731105e-1 -2.9408584884e-1
vn -9.0453403373e-1 -3.0151134458e-1 -3.0151134458e-1
vn -9.2307692308e-1 -2.3076923077e-1 -3.0769230769e-1
vn -9.3704257133e-1 -1.5617376189e-1 -3.1234752378e-1
vn -9.4573248749e-1 -7.8811040624e-2 -3.1524416250e-1
vn -6.2017367295e-1 -7.4420840754e-1 -2.4806946918e-1
vn -6.4956980246e-1 -7.1452678271e-1 -2.5982792098e-1
vn -6.8041381744e-1 -6.8041381744e-1 -2.7216552698e-1
vn -7.1247049988e-1 -6.4122344989e-1 -2.8498819995e-1
vn -7.4535599250e-1 -5.9628479400e-1 -2.9814239700e-1
vn -7.7849894416e-1 -5.4494926091e-1 -3.1139957766e-1
vn -8.1110710565e-1 -4.8666426339e-1 -3.2444284226e-1
vn -8.4215192107e-1 -4.2107596053e-1 -3.3686076843e-1
vn -8.7038827978e-1 -3.4815531191e-1 -3.4815531191e-1
vn -8.9442719100e-1 -2.6832815730e-1 -3.5777087640e-1
vn -9.1287092918e-1 -1.8257418584e-1 -3.6514837167e-1
vn -9.2450032704e-1 -9.2450032704e-2 -3.6980013082e-1
vn -5.0697940042e-1 -8.2384152568e-1 -2.5348970021e-1
vn -5.3452248382e-1 -8.0178372574e-1 -2.6726124191e-1
vn -5.6427649269e-1 -7.7588017744e-1 -2.8213824634e-1
vn -5.9628479400e-1 -7.4535599250e-1 -2.9814239700e-1
vn -6.3048832499e-1 -7.0929936562e-1 -3.1524416250e-1
vn -6.6666666667e-1 -6.6666666667e-1 -3.3333333333e-1
vn -7.0436072506e-1 -6.1631563443e-1 -3.5218036253e-1
vn -7.4278135271e-1 -5.5708601453e-1 -3.7139067635e-1
vn -7.8072005836e-1 -4.8795003647e-1 -3.9036002918e-1
vn -8.1649658093e-1 -4.0824829046e-1 -4.0824829046e-1
vn -8.4799830401e-1 -3.1799936400e-1 -4.2399915200e-1
vn -8.7287156094e-1 -2.1821789024e-1 -4.3643578047e-1
vn -8.8888888889e-1 -1.1111111111e-1 -4.4444444444e-1
vn -3.8100038100e-1 -8.8900088900e-1 -2.5400025400e-1
vn -4.0360367640e-1 -8.7447463220e-1 -2.6906911760e-1
vn -4.2857142857e-1 -8.5714285714e-1 -2.8571428571e-1
vn -4.5617155276e-1 -8.3631451340e-1 -3.0411436851e-1
vn -4.8666426339e-1 -8.1110710565e-1 -3.2444284226e-1
vn -5.2026598171e-1 -7.8039897257e-1 -3.4684398781e-1
vn -5.5708601453e-1 -7.4278135271e-1 -3.7139067635e-1
vn -5.9702231413e-1 -6.9652603315e-1 -3.9801487608e-1
vn -6.3960214907e-1 -6.3960214907e-1 -4.2640143271e-1
vn -6.8376345876e-1 -5.6980288230e-1 -4.5584230584e-1
vn -7.2760687511e-1 -4.8507125007e-1 -4.8507125007e-1
vn -7.6822127960e-1 -3.8411063980e-1 -5.1214751973e-1
vn -8.0178372574e-1 -2.6726124191e-1 -5.3452248382e-1
vn -8.2416338369e-1 -1.3736056395e-1 -5.4944225579e-1
vn -2.4951314462e-1 -9.3567429233e-1 -2.4951314462e-1
vn -2.6490647141e-1 -9.2717264995e-1 -2.6490647141e-1
vn -2.8213824634e-1 -9.1694930062e-1 -2.8213824634e-1
vn -3.0151134458e-1 -9.0453403373e-1 -3.0151134458e-1
vn -3.2338083338e-1 -8.8929729180e-1 -3.2338083338e-1
vn -3.4815531191e-1 -8.7038827978e-1 -3.4815531191e-1
vn -3.7628834735e-1 -8.4664878155e-1 -3.7628834735e-1
vn -4.0824829046e-1 -8.1649658093e-1 -4.0824829046e-1
vn -4.4444444444e-1 -7.7777777778e-1 -4.4444444444e-1
vn -4.8507125007e-1 -7.2760687511e-1 -4.8507125007e-1
vn -5.2981294283e-1 -6.6226617853e-1 -5.2981294283e-1
vn -5.7735026919e-1 -5.7735026919e-1 -5.7735026919e-1
vn -6.2469504755e-1 -4.6852128567e-1 -6.2469504755e-1
vn -6.6666666667e-1 -3.3333333333e-1 -6.6666666667e-1
vn -6.9631062382e-1 -1.7407765596e-1 -6.9631062382e-1
vn -1.2777531300e-1 -9.5831484750e-1 -2.5555062600e-1
vn -1.3608276349e-1 -9.5257934442e-1 -2.7216552698e-1
vn -1.4547859349e-1 -9.4561085769e-1 -2.9095718698e-1
vn -1.5617376189e-1 -9.3704257133e-1 -3.1234752378e-1
vn -1.6843038421e-1 -9.2636711317e-1 -3.3686076843e-1
vn -1.8257418584e-1 -9.1287092918e-1 -3.6514837167e-1
vn -1.9900743804e-1 -8.9553347119e-1 -3.9801487608e-1
vn -2.1821789024e-1 -8.7287156094e-1 -4.3643578047e-1
vn -2.4077170617e-1 -8.4270097160e-1 -4.8154341234e-1
vn -2.6726124191e-1 -8.0178372574e-1 -5.3452248382e-1
vn -2.9814239700e-1 -7.4535599250e-1 -5.9628479400e-1
vn -3.3333333333e-1 -6.6666666667e-1 -6.6666666667e-1
vn -3.7139067635e-1 -5.5708601453e-1 -7.4278135271e-1
vn -4.0824829046e-1 -4.0824829046e-1 -8.1649658093e-1
vn -4.3643578047e-1 -2.1821789024e-1 -8.7287156094e-1
vn -2.4583539685e-17 -9.6623493960e-1 -2.5766265056e-1
vn -9.5313037982e-19 -9.6152394764e-1 -2.7472112790e-1
vn -1.8365674534e-17 -9.5577900872e-1 -2.9408584884e-1
vn -3.5108334686e-17 -9.4868329805e-1 -3.1622776602e-1
vn -2.8752241143e-17 -9.3979342349e-1 -3.4174306309e-1
vn -3.8655607502e-17 -9.2847669089e-1 -3.7139067635e-1
vn -3.5226896578e-18 -9.1381154862e-1 -4.0613846605e-1
vn 1.2412670766e-17 -8.9442719100e-1 -4.4721359550e-1
vn -4.6475848641e-17 -8.6824314212e-1 -4.9613893836e-1
vn -1.5396023240e-17 -8.3205029434e-1 -5.5470019623e-1
vn 0.0000000000e0 -7.8086880944e-1 -6.2469504755e-1
vn 1.9626155734e-17 -7.0710678119e-1 -7.0710678119e-1
vn 2.2204460493e-17 -6.0000000000e-1 -8.0000000000e-1
vn 0.0000000000e0 -4.4721359550e-1 -8.9442719100e-1
vn 0.0000000000e0 -2.4253562504e-1 -9.7014250015e-1
vn 1.2777531300e-1 -9.5831484750e-1 -2.5555062600e-1
vn 1.3608276349e-1 -9.5257934442e-1 -2.7216552698e-1
vn 1.4547859349e-1 -9.4561085769e-1 -2.9095718698e-1
vn 1.5617376189e-1 -9.3704257133e-1 -3.1234752378e-1
vn 1.6843038421e-1 -9.2636711317e-1 -3.3686076843e-1
vn 1.8257418584e-1 -9.1287092918e-1 -3.6514837167e-1
vn 1.9900743804e-1 -8.9553347119e-1 -3.9801487608e-1
vn 2.1821789024e-1 -8.7287156094e-1 -4.3643578047e-1
vn 2.4077170617e-1 -8.4270097160e-1 -4.8154341234e-1
vn 2.6726124191e-1 -8.0178372574e-1 -5.3452248382e-1
vn 2.9814239700e-1 -7.4535599250e-1 -5.9628479400e-1
vn 3.3333333333e-1 -6.6666666667e-1 -6.6666666667e-1
vn 3.7139067635e-1 -5.5708601453e-1 -7.4278135271e-1
vn 4.0824829046e-1 -4.0824829046e-1 -8.1649658093e-1
vn 4.3643578047e-1 -2.1821789024e-1 -8.7287156094e-1
vn 2.4951314462e-1 -9.3567429233e-1 -2.4951314462e-1
vn 2.6490647141e-1 -9.2717264995e-1 -2.6490647141e-1
vn 2.8213824634e-1 -9.1694930062e-1 -2.8213824634e-1
vn 3.0151134458e-1 -9.0453403373e-1 -3.0151134458e-1
vn 3.2338083338e-1 -8.8929729180e-1 -3.2338083338e-1
vn 3.4815531191e-1 -8.7038827978e-1 -3.4815531191e-1
vn 3.7628834735e-1 -8.4664878155e-1 -3.7628834735e-1
vn 4.0824829046e-1 -8.1649658093e-1 -4.0824829046e-1
vn 4.4444444444e-1 -7.7777777778e-1 -4.4444444444e-1
vn 4.8507125007e-1 -7.2760687511e-1 -4.8507125007e-1
vn 5.2981294283e-1 -6.6226617853e-1 -5.2981294283e-1
vn 5.7735026919e-1 -5.7735026919e-1 -5.7735026919e-1
vn 6.2469504755e-1 -4.6852128567e-1 -6.2469504755e-1
vn 6.6666666667e-1 -3.3333333333e-1 -6.6666666667e-1
vn 6.9631062382e-1 -1.7407765596e-1 -6.9631062382e-1
vn 3.8100038100e-1 -8.8900088900e-1 -2.5400025400e-1
vn 4.0360367640e-1 -8.7447463220e-1 -2.6906911760e-1
vn 4.2857142857e-1 -8.5714285714e-1 -2.8571428571e-1
vn 4.5617155276e-1 -8.3631451340e-1 -3.0411436851e-1
vn 4.8666426339e-1 -8.1110710565e-1 -3.2444284226e-1
vn 5.2026598171e-1 -7.8039897257e-1 -3.4684398781e-1
vn 5.5708601453e-1 -7.4278135271e-1 -3.7139067635e-1
vn 5.9702231413e-1 -6.9652603315e-1 -3.9801487608e-1
vn 6.3960214907e-1 -6.3960214907e-1 -4.2640143271e-1
vn 6.8376345876e-1 -5.6980288230e-1 -4.5584230584e-1
vn 7.2760687511e-1 -4.8507125007e-1 -4.8507125007e-1
vn 7.6822127960e-1 -3.8411063980e-1 -5.1214751973e-1
vn 8.0178372574e-1 -2.6726124191e-1 -5.3452248382e-1
vn 8.2416338369e-1 -1.3736056395e-1 -5.4944225579e-1
vn 5.0697940042e-1 -8.2384152568e-1 -2.5348970021e-1
vn 5.3452248382e-1 -8.0178372574e-1 -2.6726124191e-1
vn 5.6427649269e-1 -7.7588017744e-1 -2.8213824634e-1
vn 5.9628479400e-1 -7.4535599250e-1 -2.9814239700e-1
vn 6.3048832499e-1 -7.0929936562e-1 -3.1524416250e-1
vn 6.6666666667e-1 -6.6666666667e-1 -3.3333333333e-1
vn 7.0436072506e-1 -6.1631563443e-1 -3.5218036253e-1
vn 7.4278135271e-1 -5.5708601453e-1 -3.7139067635e-1
vn 7.8072005836e-1 -4.8795003647e-1 -3.9036002918e-1
vn 8.1649658093e-1 -4.0824829046e-1 -4.0824829046e-1
vn 8.4799830401e-1 -3.1799936400e-1 -4.2399915200e-1
vn 8.7287156094e-1 -2.1821789024e-1 -4.3643578047e-1
vn 8.8888888889e-1 -1.1111111111e-1 -4.4444444444e-1
vn 6.2017367295e-1 -7.4420840754e-1 -2.4806946918e-1
vn 6.4956980246e-1 -7.1452678271e-1 -2.5982792098e-1
vn 6.8041381744e-1 -6.8041381744e-1 -2.7216552698e-1
vn 7.1247049988e-1 -6.4122344989e-1 -2.8498819995e-1
vn 7.4535599250e-1 -5.9628479400e-1 -2.9814239700e-1
vn 7.7849894416e-1 -5.4494926091e-1 -3.1139957766e-1
vn 8.1110710565e-1 -4.8666426339e-1 -3.2444284226e-1
vn 8.4215192107e-1 -4.2107596053e-1 -3.3686076843e-1
vn 8.7038827978e-1 -3.4815531191e-1 -3.4815531191e-1
vn 8.9442719100e-1 -2.6832815730e-1 -3.5777087640e-1
vn 9.1287092918e-1 -1.8257418584e-1 -3.6514837167e-1
vn 9.2450032704e-1 -9.2450032704e-2 -3.6980013082e-1
vn 7.4420840754e-1 -6.2017367295e-1 -2.4806946918e-1
vn 7.7298795168e-1 -5.7974096376e-1 -2.5766265056e-1
vn 8.0178372574e-1 -5.3452248382e-1 -2.6726124191e-1
vn 8.3005735664e-1 -4.8420012471e-1 -2.7668578555e-1
vn 8.5714285714e-1 -4.2857142857e-1 -2.8571428571e-1
vn 8.8225754651e-1 -3.6760731105e-1 -2.9408584884e-1
vn 9.0453403373e-1 -3.0151134458e-1 -3.0151134458e-1
vn 9.2307692308e-1 -2.3076923077e-1 -3.0769230769e-1
vn 9.3704257133e-1 -1.5617376189e-1 -3.1234752378e-1
vn 9.4573248749e-1 -7.8811040624e-2 -3.1524416250e-1
vn 8.6657824483e-1 -4.3328912241e-1 -2.4759378424e-1
vn 8.8900088900e-1 -3.8100038100e-1 -2.5400025400e-1
vn 9.0939772345e-1 -3.2478490123e-1 -2.5982792098e-1
vn 9.2717264995e-1 -2.6490647141e-1 -2.6490647141e-1
vn 9.4174191159e-1 -2.0180183820e-1 -2.6906911760e-1
vn 9.5257934442e-1 -1.3608276349e-1 -2.7216552698e-1
vn 9.5926419376e-1 -6.8518870983e-2 -2.7407548393e-1
vn -8.5151779113e-1 -4.6446424971e-1 -2.4329079747e-1
vn -7.3105013080e-1 -6.3732575506e-1 -2.4368337693e-1
vn -6.0846540592e-1 -7.5533636597e-1 -2.4338616237e-1
vn -4.8663951938e-1 -8.3903365411e-1 -2.4331975969e-1
vn -3.6625244904e-1 -8.9790922991e-1 -2.4416829936e-1
vn -2.4264704517e-1 -9.3927888454e-1 -2.4264704517e-1
vn -1.2215520134e-1 -9.6197221058e-1 -2.4431040269e-1
vn 1.2215520134e-1 -9.6197221058e-1 -2.4431040269e-1
vn 2.4264704517e-1 -9.3927888454e-1 -2.4264704517e-1
vn 3.6625244904e-1 -8.9790922991e-1 -2.4416829936e-1
vn 4.8663951938e-1 -8.3903365411e-1 -2.4331975969e-1
vn 6.0846540592e-1 -7.5533636597e-1 -2.4338616237e-1
vn 7.3105013080e-1 -6.3732575506e-1 -2.4368337693e-1
vn 8.5151779113e-1 -4.6446424971e-1 -2.4329079747e-1
vn -3.2035877026e-1 -9.1531077216e-1 -2.4408287258e-1
vn 3.2035877026e-1 -9.1531077216e-1 -2.4408287258e-1
vn -4.6749162220e-1 -8.4998476763e-1 -2.4285279075e-1
vn 4.6749162220e-1 -8.4998476763e-1 -2.4285279075e-1
vn -5.5817332585e-1 -7.9303314056e-1 -2.4401019709e-1
vn 5.5817332585e-1 -7.9303314056e-1 -2.4401019709e-1
vn -6.4127576360e-1 -7.2793465058e-1 -2.4264488353e-1
vn 6.4127576360e-1 -7.2793465058e-1 -2.4264488353e-1
vn -7.0084178064e-1 -6.7037039887e-1 -2.4377105413e-1
vn 7.0084178064e-1 -6.7037039887e-1 -2.4377105413e-1
vn -7.5572215380e-1 -6.0805230765e-1 -2.4322092306e-1
vn 7.5572215380e-1 -6.0805230765e-1 -2.4322092306e-1
vn -8.0076250521e-1 -5.4735664913e-1 -2.4326962184e-1
vn 8.0076250521e-1 -5.4735664913e-1 -2.4326962184e-1
vn -8.3875736016e-1 -4.8702040267e-1 -2.4351020134e-1
vn 8.3875736016e-1 -4.8702040267e-1 -2.4351020134e-1
vn -8.7235360868e-1 -4.2446273534e-1 -2.4255013448e-1
vn 8.7235360868e-1 -4.2446273534e-1 -2.4255013448e-1
vn -8.9865110016e-1 -3.6499060068e-1 -2.4332706712e-1
vn 8.9865110016e-1 -3.6499060068e-1 -2.4332706712e-1
vn -9.2119251677e-1 -3.0384160973e-1 -2.4307328778e-1
vn 9.2119251677e-1 -3.0384160973e-1 -2.4307328778e-1
vn -9.3911905318e-1 -2.4295617296e-1 -2.4295617296e-1
vn 9.3911905318e-1 -2.4295617296e-1 -2.4295617296e-1
vn -9.5269522398e-1 -1.8235638643e-1 -2.4314184857e-1
vn 9.5269522398e-1 -1.8235638643e-1 -2.4314184857e-1
vn -9.6249843886e-1 -1.2132333263e-1 -2.4264666526e-1
vn 9.6249843886e-1 -1.2132333263e-1 -2.4264666526e-1
vn -9.6811131773e-1 -6.0760124544e-2 -2.4304049817e-1
vn 9.6811131773e-1 -6.0760124544e-2 -2.4304049817e-1
f 37/37/37 244/244/244 38/38/38
f 213/213/213 203/203/203 204/204/204
f 29/29/29 191/191/191 30/30/30
f 167/167/167 152/152/152 153/153/153
f 165/165/165 150/150/150 151/151/151
f 137/137/137 122/122/122 123/123/123
f 91/91/91 106/106/106 105/105/105
f 94/94/94 80/80/80 81/81/81
f 64/64/64 77/77/77 76/76/76
f 52/52/52 64/64/64 63/63/63
f 65/65/65 53/53/53 54/54/54
f 63/63/63 51/51/51 52/52/52
f 50/50/50 40/40/40 41/41/41
f 18/18/18 234/234/234 33/33/33
f 34/34/34 238/238/238 35/35/35
f 238/238/238 34/34/34 16/16/16
f 41/41/41 34/34/34 35/35/35
f 43/43/43 36/36/36 37/37/37
f 53/53/53 43/43/43 44/44/44
f 42/42/42 52/52/52 51/51/51
f 67/67/67 55/55/55 56/56/56
f 89/89/89 75/75/75 76/76/76
f 104/104/104 89/89/89 90/90/90
f 109/109/109 94/94/94 95/95/95
f 106/106/106 121/121/121 120/120/120
f 152/152/152 137/137/137 138/138/138
f 179/179/179 165/165/165 166/166/166
f 192/192/192 179/179/179 180/180/180
f 203/203/203 32/32/32 31/31/31
f 213/213/213 1/1/1 32/32/32
f 234/234/234 18/18/18 17/17/17
f 40/40/40 18/18/18 33/33/33
f 16/16/16 34/34/34 33/33/33
f 40/40/40 33/33/33 34/34/34
f 18/18/18 40/40/40 19/19/19
f 51/51/51 41/41/41 42/42/42
f 45/45/45 38/38/38 39/39/39
f 240/240/240 35/35/35 238/238/238
f 14/14/14 13/13/13 248/248/248
f 15/15/15 37/37/37 36/36/36
f 244/244/244 37/37/37 15/15/15
f 35/35/35 42/42/42 41/41/41
f 38/38/38 14/14/14 39/39/39
f 39/39/39 248/248/248 46/46/46
f 50/50/50 19/19/19 40/40/40
f 42/42/42 35/35/35 36/36/36
f 44/44/44 37/37/37 38/38/38
f 34/34/34 41/41/41 40/40/40
f 19/19/19 50/50/50 20/20/20
f 62/62/62 50/50/50 51/51/51
f 13/13/13 12/12/12 221/221/221
f 36/36/36 43/43/43 42/42/42
f 37/37/37 44/44/44 43/43/43
f 55/55/55 45/45/45 46/46/46
f 38/38/38 45/45/45 44/44/44
f 76/76/76 63/63/63 64/64/64
f 39/39/39 46/46/46 45/45/45
f 43/43/43 53/53/53 52/52/52
f 248/248/248 39/39/39 220/220/220
f 44/44/44 54/54/54 53/53/53
f 248/248/248 48/48/48 47/47/47
f 58/58/58 48/48/48 49/49/49
f 48/48/48 13/13/13 49/49/49
f 49/49/49 254/254/254 59/59/59
f 62/62/62 20/20/20 50/50/50
f 52/52/52 42/42/42 43/43/43
f 54/54/54 44/44/44 45/45/45
f 41/41/41 51/51/51 50/50/50
f 20/20/20 62/62/62 21/21/21
f 56/56/56 46/46/46 47/47/47
f 75/75/75 62/62/62 63/63/63
f 57/57/57 47/47/47 48/48/48
f 78/78/78 65/65/65 66/66/66
f 12/12/12 11/11/11 223/223/223
f 45/45/45 55/55/55 54/54/54
f 80/80/80 67/67/67 68/68/68
f 46/46/46 56/56/56 55/55/55
f 90/90/90 76/76/76 77/77/77
f 47/47/47 57/57/57 56/56/56
f 54/54/54 66/66/66 65/65/65
f 48/48/48 58/58/58 57/57/57
f 77/77/77 91/91/91 90/90/90
f 49/49/49 59/59/59 58/58/58
f 56/56/56 68/68/68 67/67/67
f 254/254/254 49/49/49 221/221/221
f 58/58/58 70/70/70 69/69/69
f 60/60/60 12/12/12 61/61/61
f 59/59/59 71/71/71 70/70/70
f 22/22/22 21/21/21 62/62/62
f 64/64/64 52/52/52 53/53/53
f 66/66/66 54/54/54 55/55/55
f 51/51/51 63/63/63 62/62/62
f 62/62/62 75/75/75 22/22/22
f 68/68/68 56/56/56 57/57/57
f 69/69/69 57/57/57 58/58/58
f 53/53/53 65/65/65 64/64/64
f 92/92/92 78/78/78 79/79/79
f 105/105/105 90/90/90 91/91/91
f 70/70/70 58/58/58 59/59/59
f 55/55/55 67/67/67 66/66/66
f 66/66/66 79/79/79 78/78/78
f 71/71/71 59/59/59 60/60/60
f 57/57/57 69/69/69 68/68/68
f 119/119/119 104/104/104 105/105/105
f 67/67/67 80/80/80 79/79/79
f 72/72/72 60/60/60 61/61/61
f 69/69/69 82/82/82 81/81/81
f 223/223/223 74/74/74 61/61/61
f 60/60/60 72/72/72 71/71/71
f 71/71/71 84/84/84 83/83/83
f 72/72/72 61/61/61 73/73/73
f 72/72/72 85/85/85 84/84/84
f 73/73/73 61/61/61 74/74/74
f 87/87/87 74/74/74 11/11/11
f 23/23/23 22/22/22 75/75/75
f 77/77/77 64/64/64 65/65/65
f 79/79/79 66/66/66 67/67/67
f 63/63/63 76/76/76 75/75/75
f 75/75/75 89/89/89 23/23/23
f 81/81/81 68/68/68 69/69/69
f 82/82/82 69/69/69 70/70/70
f 65/65/65 78/78/78 77/77/77
f 107/107/107 92/92/92 93/93/93
f 83/83/83 70/70/70 71/71/71
f 120/120/120 105/105/105 106/106/106
f 84/84/84 71/71/71 72/72/72
f 68/68/68 81/81/81 80/80/80
f 79/79/79 93/93/93 92/92/92
f 134/134/134 119/119/119 120/120/120
f 85/85/85 72/72/72 73/73/73
f 70/70/70 83/83/83 82/82/82
f 80/80/80 94/94/94 93/93/93
f 82/82/82 96/96/96 95/95/95
f 86/86/86 73/73/73 74/74/74
f 204/204/204 192/192/192 193/193/193
f 11/11/11 10/10/10 224/224/224
f 73/73/73 86/86/86 85/85/85
f 94/94/94 109/109/109 108/108/108
f 74/74/74 87/87/87 86/86/86
f 85/85/85 99/99/99 98/98/98
f 87/87/87 11/11/11 88/88/88
f 87/87/87 101/101/101 100/100/100
f 24/24/24 23/23/23 89/89/89
f 91/91/91 77/77/77 78/78/78
f 93/93/93 79/79/79 80/80/80
f 76/76/76 90/90/90 89/89/89
f 89/89/89 104/104/104 24/24/24
f 95/95/95 81/81/81 82/82/82
f 96/96/96 82/82/82 83/83/83
f 78/78/78 92/92/92 91/91/91
f 122/122/122 107/107/107 108/108/108
f 97/97/97 83/83/83 84/84/84
f 135/135/135 120/120/120 121/121/121
f 98/98/98 84/84/84 85/85/85
f 81/81/81 95/95/95 94/94/94
f 124/124/124 109/109/109 110/110/110
f 93/93/93 108/108/108 107/107/107
f 99/99/99 85/85/85 86/86/86
f 100/100/100 86/86/86 87/87/87
f 83/83/83 97/97/97 96/96/96
f 84/84/84 98/98/98 97/97/97
f 108/108/108 123/123/123 122/122/122
f 97/97/97 112/112/112 111/111/111
f 101/101/101 87/87/87 88/88/88
f 86/86/86 100/100/100 99/99/99
f 99/99/99 114/114/114 113/113/113
f 100/100/100 115/115/115 114/114/114
f 102/102/102 224/224/224 103/103/103
f 101/101/101 88/88/88 102/102/102
f 118/118/118 103/103/103 10/10/10
f 224/224/224 102/102/102 88/88/88
f 102/102/102 117/117/117 116/116/116
f 25/25/25 24/24/24 104/104/104
f 106/106/106 91/91/91 92/92/92
f 108/108/108 93/93/93 94/94/94
f 90/90/90 105/105/105 104/104/104
f 104/104/104 119/119/119 25/25/25
f 110/110/110 95/95/95 96/96/96
f 111/111/111 96/96/96 97/97/97
f 92/92/92 107/107/107 106/106/106
f 150/150/150 135/135/135 136/136/136
f 112/112/112 97/97/97 98/98/98
f 149/149/149 134/134/134 135/135/135
f 113/113/113 98/98/98 99/99/99
f 95/95/95 110/110/110 109/109/109
f 107/107/107 122/122/122 121/121/121
f 114/114/114 99/99/99 100/100/100
f 96/96/96 111/111/111 110/110/110
f 122/122/122 137/137/137 136/136/136
f 115/115/115 100/100/100 101/101/101
f 98/98/98 113/113/113 112/112/112
f 111/111/111 126/126/126 125/125/125
f 112/112/112 127/127/127 126/126/126
f 116/116/116 101/101/101 102/102/102
f 114/114/114 129/129/129 128/128/128
f 117/117/117 102/102/102 103/103/103
f 101/101/101 116/116/116 115/115/115
f 192/192/192 204/204/204 203/203/203
f 116/116/116 131/131/131 130/130/130
f 10/10/10 9/9/9 118/118/118
f 103/103/103 118/118/118 117/117/117
f 133/133/133 118/118/118 9/9/9
f 26/26/26 25/25/25 119/119/119
f 121/121/121 106/106/106 107/107/107
f 123/123/123 108/108/108 109/109/109
f 105/105/105 120/120/120 119/119/119
f 119/119/119 134/134/134 26/26/26
f 125/125/125 110/110/110 111/111/111
f 139/139/139 124/124/124 125/125/125
f 126/126/126 111/111/111 112/112/112
f 164/164/164 149/149/149 150/150/150
f 127/127/127 112/112/112 113/113/113
f 109/109/109 124/124/124 123/123/123
f 134/134/134 149/149/149 27/27/27
f 128/128/128 113/113/113 114/114/114
f 110/110/110 125/125/125 124/124/124
f 124/124/124 139/139/139 138/138/138
f 129/129/129 114/114/114 115/115/115
f 125/125/125 140/140/140 139/139/139
f 130/130/130 115/115/115 116/116/116
f 113/113/113 128/128/128 127/127/127
f 126/126/126 141/141/141 140/140/140
f 129/129/129 144/144/144 143/143/143
f 131/131/131 116/116/116 117/117/117
f 115/115/115 130/130/130 129/129/129
f 128/128/128 143/143/143 142/142/142
f 133/133/133 148/148/148 147/147/147
f 118/118/118 132/132/132 117/117/117
f 132/132/132 131/131/131 117/117/117
f 131/131/131 146/146/146 145/145/145
f 133/133/133 132/132/132 118/118/118
f 132/132/132 147/147/147 146/146/146
f 27/27/27 26/26/26 134/134/134
f 136/136/136 121/121/121 122/122/122
f 138/138/138 123/123/123 124/124/124
f 120/120/120 135/135/135 134/134/134
f 140/140/140 125/125/125 126/126/126
f 121/121/121 136/136/136 135/135/135
f 178/178/178 164/164/164 165/165/165
f 141/141/141 126/126/126 127/127/127
f 123/123/123 138/138/138 137/137/137
f 27/27/27 164/164/164 28/28/28
f 28/28/28 178/178/178 29/29/29
f 142/142/142 127/127/127 128/128/128
f 138/138/138 153/153/153 152/152/152
f 143/143/143 128/128/128 129/129/129
f 139/139/139 154/154/154 153/153/153
f 153/153/153 168/168/168 167/167/167
f 144/144/144 129/129/129 130/130/130
f 127/127/127 142/142/142 141/141/141
f 142/142/142 157/157/157 156/156/156
f 145/145/145 130/130/130 131/131/131
f 143/143/143 158/158/158 157/157/157
f 146/146/146 131/131/131 132/132/132
f 130/130/130 145/145/145 144/144/144
f 161/161/161 146/146/146 147/147/147
f 144/144/144 159/159/159 158/158/158
f 147/147/147 132/132/132 133/133/133
f 148/148/148 162/162/162 147/147/147
f 227/227/227 133/133/133 9/9/9
f 163/163/163 148/148/148 8/8/8
f 9/9/9 8/8/8 227/227/227
f 164/164/164 27/27/27 149/149/149
f 151/151/151 136/136/136 137/137/137
f 153/153/153 138/138/138 139/139/139
f 135/135/135 150/150/150 149/149/149
f 154/154/154 139/139/139 140/140/140
f 136/136/136 151/151/151 150/150/150
f 155/155/155 140/140/140 141/141/141
f 137/137/137 152/152/152 151/151/151
f 181/181/181 167/167/167 168/168/168
f 156/156/156 141/141/141 142/142/142
f 152/152/152 167/167/167 166/166/166
f 157/157/157 142/142/142 143/143/143
f 158/158/158 143/143/143 144/144/144
f 140/140/140 155/155/155 154/154/154
f 141/141/141 156/156/156 155/155/155
f 154/154/154 169/169/169 168/168/168
f 156/156/156 171/171/171 170/170/170
f 159/159/159 144/144/144 145/145/145
f 171/171/171 185/185/185 184/184/184
f 160/160/160 145/145/145 146/146/146
f 205/205/205 215/215/215 214/214/214
f 162/162/162 229/229/229 177/177/177
f 145/145/145 160/160/160 159/159/159
f 158/158/158 173/173/173 172/172/172
f 146/146/146 161/161/161 160/160/160
f 160/160/160 175/175/175 174/174/174
f 147/147/147 162/162/162 161/161/161
f 161/161/161 176/176/176 175/175/175
f 148/148/148 163/163/163 162/162/162
f 162/162/162 177/177/177 176/176/176
f 178/178/178 28/28/28 164/164/164
f 166/166/166 151/151/151 152/152/152
f 168/168/168 153/153/153 154/154/154
f 150/150/150 165/165/165 164/164/164
f 169/169/169 154/154/154 155/155/155
f 151/151/151 166/166/166 165/165/165
f 191/191/191 178/178/178 179/179/179
f 170/170/170 155/155/155 156/156/156
f 166/166/166 180/180/180 179/179/179
f 171/171/171 156/156/156 157/157/157
f 167/167/167 181/181/181 180/180/180
f 172/172/172 157/157/157 158/158/158
f 155/155/155 170/170/170 169/169/169
f 169/169/169 183/183/183 182/182/182
f 183/183/183 196/196/196 195/195/195
f 173/173/173 158/158/158 159/159/159
f 174/174/174 159/159/159 160/160/160
f 157/157/157 172/172/172 171/171/171
f 173/173/173 187/187/187 186/186/186
f 175/175/175 160/160/160 161/161/161
f 159/159/159 174/174/174 173/173/173
f 189/189/189 175/175/175 176/176/176
f 174/174/174 188/188/188 187/187/187
f 176/176/176 161/161/161 162/162/162
f 261/261/261 176/176/176 177/177/177
f 229/229/229 162/162/162 163/163/163
f 261/261/261 177/177/177 7/7/7
f 229/229/229 163/163/163 8/8/8
f 191/191/191 29/29/29 178/178/178
f 180/180/180 166/166/166 167/167/167
f 182/182/182 168/168/168 169/169/169
f 165/165/165 179/179/179 178/178/178
f 203/203/203 191/191/191 192/192/192
f 183/183/183 169/169/169 170/170/170
f 191/191/191 203/203/203 31/31/31
f 184/184/184 170/170/170 171/171/171
f 168/168/168 182/182/182 181/181/181
f 181/181/181 194/194/194 193/193/193
f 195/195/195 207/207/207 206/206/206
f 185/185/185 171/171/171 172/172/172
f 186/186/186 172/172/172 173/173/173
f 170/170/170 184/184/184 183/183/183
f 185/185/185 198/198/198 197/197/197
f 187/187/187 173/173/173 174/174/174
f 172/172/172 186/186/186 185/185/185
f 212/212/212 200/200/200 201/201/201
f 198/198/198 210/210/210 209/209/209
f 188/188/188 174/174/174 175/175/175
f 187/187/187 200/200/200 199/199/199
f 259/259/259 202/202/202 189/189/189
f 175/175/175 189/189/189 188/188/188
f 201/201/201 189/189/189 202/202/202
f 176/176/176 190/190/190 189/189/189
f 259/259/259 190/190/190 261/261/261
f 31/31/31 30/30/30 191/191/191
f 193/193/193 180/180/180 181/181/181
f 194/194/194 181/181/181 182/182/182
f 179/179/179 192/192/192 191/191/191
f 195/195/195 182/182/182 183/183/183
f 180/180/180 193/193/193 192/192/192
f 193/193/193 205/205/205 204/204/204
f 196/196/196 183/183/183 184/184/184
f 197/197/197 184/184/184 185/185/185
f 182/182/182 195/195/195 194/194/194
f 196/196/196 208/208/208 207/207/207
f 198/198/198 185/185/185 186/186/186
f 184/184/184 197/197/197 196/196/196
f 218/218/218 209/209/209 219/219/219
f 197/197/197 209/209/209 208/208/208
f 199/199/199 186/186/186 187/187/187
f 200/200/200 187/187/187 188/188/188
f 186/186/186 199/199/199 198/198/198
f 200/200/200 212/212/212 211/211/211
f 189/189/189 201/201/201 188/188/188
f 200/200/200 188/188/188 201/201/201
f 253/253/253 211/211/211 212/212/212
f 6/6/6 201/201/201 202/202/202
f 259/259/259 189/189/189 190/190/190
f 203/203/203 213/213/213 32/32/32
f 205/205/205 193/193/193 194/194/194
f 239/239/239 214/214/214 215/215/215
f 206/206/206 194/194/194 195/195/195
f 214/214/214 2/2/2 213/213/213
f 206/206/206 216/216/216 215/215/215
f 207/207/207 195/195/195 196/196/196
f 194/194/194 206/206/206 205/205/205
f 243/243/243 216/216/216 217/217/217
f 208/208/208 196/196/196 197/197/197
f 207/207/207 217/217/217 216/216/216
f 209/209/209 197/197/197 198/198/198
f 211/211/211 251/251/251 210/210/210
f 210/210/210 198/198/198 199/199/199
f 210/210/210 251/251/251 219/219/219
f 200/200/200 211/211/211 199/199/199
f 210/210/210 199/199/199 211/211/211
f 251/251/251 211/211/211 5/5/5
f 6/6/6 5/5/5 253/253/253
f 201/201/201 6/6/6 212/212/212
f 1/1/1 213/213/213 2/2/2
f 214/214/214 204/204/204 205/205/205
f 215/215/215 205/205/205 206/206/206
f 204/204/204 214/214/214 213/213/213
f 214/214/214 239/239/239 2/2/2
f 216/216/216 206/206/206 207/207/207
f 239/239/239 216/216/216 3/3/3
f 217/217/217 207/207/207 208/208/208
f 245/245/245 217/217/217 218/218/218
f 209/209/209 218/218/218 208/208/208
f 217/217/217 208/208/208 218/218/218
f 216/216/216 243/243/243 3/3/3
f 247/247/247 219/219/219 4/4/4
f 210/210/210 219/219/219 209/209/209
f 39/39/39 14/14/14 220/220/220
f 46/46/46 248/248/248 47/47/47
f 49/49/49 13/13/13 221/221/221
f 59/59/59 254/254/254 60/60/60
f 61/61/61 12/12/12 223/223/223
f 74/74/74 223/223/223 11/11/11
f 88/88/88 11/11/11 224/224/224
f 103/103/103 224/224/224 225/225/225
f 10/10/10 103/103/103 225/225/225
f 224/224/224 10/10/10 225/225/225
f 133/133/133 227/227/227 148/148/148
f 8/8/8 148/148/148 227/227/227
f 7/7/7 177/177/177 229/229/229
f 8/8/8 7/7/7 229/229/229
f 6/6/6 202/202/202 231/231/231
f 7/7/7 6/6/6 259/259/259
f 16/16/16 33/33/33 234/234/234
f 17/17/17 16/16/16 234/234/234
f 35/35/35 240/240/240 36/36/36
f 240/240/240 16/16/16 15/15/15
f 3/3/3 2/2/2 239/239/239
f 216/216/216 239/239/239 215/215/215
f 15/15/15 36/36/36 240/240/240
f 16/16/16 240/240/240 238/238/238
f 4/4/4 3/3/3 245/245/245
f 245/245/245 218/218/218 247/247/247
f 14/14/14 38/38/38 244/244/244
f 15/15/15 14/14/14 244/244/244
f 217/217/217 245/245/245 243/243/243
f 3/3/3 243/243/243 245/245/245
f 4/4/4 245/245/245 247/247/247
f 219/219/219 247/247/247 218/218/218
f 220/220/220 14/14/14 248/248/248
f 48/48/48 248/248/248 13/13/13
f 4/4/4 219/219/219 251/251/251
f 5/5/5 4/4/4 251/251/251
f 212/212/212 6/6/6 253/253/253
f 211/211/211 253/253/253 5/5/5
f 12/12/12 60/60/60 254/254/254
f 221/221/221 12/12/12 254/254/254
f 202/202/202 259/259/259 231/231/231
f 6/6/6 231/231/231 259/259/259
f 7/7/7 259/259/259 261/261/261
f 176/176/176 261/261/261 190/190/190
f 472/472/472 479/479/479 478/478/478
f 482/482/482 280/280/280 279/279/279
f 505/505/505 315/315/315 314/314/314
f 306/306/306 296/296/296 297/297/297
f 315/315/315 303/303/303 304/304/304
f 316/316/316 304/304/304 305/305/305
f 327/327/327 314/314/314 315/315/315
f 342/342/342 328/328/328 329/329/329
f 357/357/357 342/342/342 343/343/343
f 372/372/372 357/357/357 358/358/358
f 370/370/370 385/385/385 384/384/384
f 400/400/400 415/415/415 414/414/414
f 418/418/418 432/432/432 431/431/431
f 446/446/446 458/458/458 457/457/457
f 471/471/471 478/478/478 477/477/477
f 525/525/525 302/302/302 523/523/523
f 525/525/525 295/295/295 302/302/302
f 447/447/447 459/459/459 458/458/458
f 431/431/431 444/444/444 443/443/443
f 401/401/401 416/416/416 415/415/415
f 385/385/385 400/400/400 399/399/399
f 354/354/354 369/369/369 368/368/368
f 339/339/339 354/354/354 353/353/353
f 354/354/354 339/339/339 340/340/340
f 328/328/328 315/315/315 316/316/316
f 505/505/505 314/314/314 269/269/269
f 486/486/486 325/325/325 499/499/499
f 268/268/268 304/304/304 303/303/303
f 509/509/509 304/304/304 268/268/268
f 266/266/266 299/299/299 298/298/298
f 297/297/297 267/267/267 515/515/515
f 268/268/268 267/267/267 509/509/509
f 300/300/300 266/266/266 265/265/265
f 267/267/267 297/297/297 296/296/296
f 515/515/515 298/298/298 297/297/297
f 511/511/511 306/306/306 305/305/305
f 298/298/298 308/308/308 307/307/307
f 295/295/295 294/294/294 302/302/302
f 266/266/266 300/300/300 299/299/299
f 299/299/299 309/309/309 308/308/308
f 265/265/265 301/301/301 300/300/300
f 302/302/302 311/311/311 301/301/301
f 523/523/523 301/301/301 265/265/265
f 312/312/312 302/302/302 294/294/294
f 304/304/304 509/509/509 305/305/305
f 269/269/269 268/268/268 505/505/505
f 326/326/326 313/313/313 314/314/314
f 307/307/307 297/297/297 298/298/298
f 341/341/341 327/327/327 328/328/328
f 308/308/308 298/298/298 299/299/299
f 305/305/305 317/317/317 316/316/316
f 309/309/309 299/299/299 300/300/300
f 297/297/297 307/307/307 306/306/306
f 315/315/315 328/328/328 327/327/327
f 306/306/306 318/318/318 317/317/317
f 310/310/310 300/300/300 301/301/301
f 308/308/308 320/320/320 319/319/319
f 294/294/294 293/293/293 312/312/312
f 300/300/300 310/310/310 309/309/309
f 309/309/309 321/321/321 320/320/320
f 301/301/301 311/311/311 310/310/310
f 312/312/312 323/323/323 311/311/311
f 302/302/302 312/312/312 311/311/311
f 324/324/324 312/312/312 293/293/293
f 270/270/270 269/269/269 486/486/486
f 317/317/317 305/305/305 306/306/306
f 318/318/318 306/306/306 307/307/307
f 269/269/269 314/314/314 313/313/313
f 338/338/338 499/499/499 339/339/339
f 319/319/319 307/307/307 308/308/308
f 304/304/304 316/316/316 315/315/315
f 314/314/314 327/327/327 326/326/326
f 497/497/497 353/353/353 352/352/352
f 320/320/320 308/308/308 309/309/309
f 317/317/317 330/330/330 329/329/329
f 321/321/321 309/309/309 310/310/310
f 307/307/307 319/319/319 318/318/318
f 328/328/328 342/342/342 341/341/341
f 318/318/318 331/331/331 330/330/330
f 322/322/322 310/310/310 311/311/311
f 320/320/320 333/333/333 332/332/332
f 293/293/293 292/292/292 324/324/324
f 310/310/310 322/322/322 321/321/321
f 321/321/321 334/334/334 333/333/333
f 311/311/311 323/323/323 322/322/322
f 324/324/324 336/336/336 323/323/323
f 312/312/312 324/324/324 323/323/323
f 337/337/337 324/324/324 292/292/292
f 339/339/339 325/325/325 326/326/326
f 329/329/329 316/316/316 317/317/317
f 330/330/330 317/317/317 318/318/318
f 501/501/501 326/326/326 325/325/325
f 353/353/353 338/338/338 339/339/339
f 331/331/331 318/318/318 319/319/319
f 338/338/338 497/497/497 487/487/487
f 332/332/332 319/319/319 320/320/320
f 316/316/316 329/329/329 328/328/328
f 327/327/327 341/341/341 340/340/340
f 383/383/383 368/368/368 369/369/369
f 333/333/333 320/320/320 321/321/321
f 330/330/330 344/344/344 343/343/343
f 334/334/334 321/321/321 322/322/322
f 319/319/319 332/332/332 331/331/331
f 342/342/342 357/357/357 356/356/356
f 331/331/331 345/345/345 344/344/344
f 335/335/335 322/322/322 323/323/323
f 333/333/333 347/347/347 346/346/346
f 292/292/292 291/291/291 337/337/337
f 322/322/322 335/335/335 334/334/334
f 334/334/334 348/348/348 347/347/347
f 323/323/323 336/336/336 335/335/335
f 337/337/337 350/350/350 336/336/336
f 324/324/324 337/337/337 336/336/336
f 351/351/351 337/337/337 291/291/291
f 271/271/271 270/270/270 487/487/487
f 340/340/340 326/326/326 327/327/327
f 343/343/343 329/329/329 330/330/330
f 499/499/499 338/338/338 270/270/270
f 344/344/344 330/330/330 331/331/331
f 326/326/326 340/340/340 339/339/339
f 370/370/370 355/355/355 356/356/356
f 345/345/345 331/331/331 332/332/332
f 353/353/353 368/368/368 367/367/367
f 346/346/346 332/332/332 333/333/333
f 329/329/329 343/343/343 342/342/342
f 341/341/341 356/356/356 355/355/355
f 385/385/385 370/370/370 371/371/371
f 347/347/347 333/333/333 334/334/334
f 344/344/344 359/359/359 358/358/358
f 348/348/348 334/334/334 335/335/335
f 332/332/332 346/346/346 345/345/345
f 357/357/357 372/372/372 371/371/371
f 345/345/345 360/360/360 359/359/359
f 349/349/349 335/335/335 336/336/336
f 347/347/347 362/362/362 361/361/361
f 291/291/291 290/290/290 351/351/351
f 335/335/335 349/349/349 348/348/348
f 348/348/348 363/363/363 362/362/362
f 336/336/336 350/350/350 349/349/349
f 351/351/351 365/365/365 350/350/350
f 337/337/337 351/351/351 350/350/350
f 366/366/366 351/351/351 290/290/290
f 367/367/367 271/271/271 352/352/352
f 355/355/355 340/340/340 341/341/341
f 271/271/271 367/367/367 489/489/489
f 356/356/356 341/341/341 342/342/342
f 369/369/369 354/354/354 355/355/355
f 358/358/358 343/343/343 344/344/344
f 359/359/359 344/344/344 345/345/345
f 340/340/340 355/355/355 354/354/354
f 368/368/368 383/383/383 382/382/382
f 360/360/360 345/345/345 346/346/346
f 383/383/383 398/398/398 397/397/397
f 361/361/361 346/346/346 347/347/347
f 343/343/343 358/358/358 357/357/357
f 356/356/356 371/371/371 370/370/370
f 388/388/388 373/373/373 374/374/374
f 362/362/362 347/347/347 348/348/348
f 359/359/359 374/374/374 373/373/373
f 363/363/363 348/348/348 349/349/349
f 346/346/346 361/361/361 360/360/360
f 372/372/372 387/387/387 386/386/386
f 360/360/360 375/375/375 374/374/374
f 364/364/364 349/349/349 350/350/350
f 362/362/362 377/377/377 376/376/376
f 381/381/381 290/290/290 289/289/289
f 349/349/349 364/364/364 363/363/363
f 377/377/377 392/392/392 391/391/391
f 350/350/350 365/365/365 364/364/364
f 364/364/364 379/379/379 378/378/378
f 351/351/351 366/366/366 365/365/365
f 365/365/365 380/380/380 379/379/379
f 368/368/368 353/353/353 354/354/354
f 352/352/352 353/353/353 367/367/367
f 382/382/382 367/367/367 368/368/368
f 371/371/371 356/356/356 357/357/357
f 489/489/489 382/382/382 272/272/272
f 373/373/373 358/358/358 359/359/359
f 374/374/374 359/359/359 360/360/360
f 355/355/355 370/370/370 369/369/369
f 399/399/399 384/384/384 385/385/385
f 375/375/375 360/360/360 361/361/361
f 413/413/413 398/398/398 399/399/399
f 376/376/376 361/361/361 362/362/362
f 358/358/358 373/373/373 372/372/372
f 384/384/384 399/399/399 398/398/398
f 404/404/404 389/389/389 390/390/390
f 377/377/377 362/362/362 363/363/363
f 374/374/374 389/389/389 388/388/388
f 378/378/378 363/363/363 364/364/364
f 361/361/361 376/376/376 375/375/375
f 387/387/387 402/402/402 401/401/401
f 375/375/375 390/390/390 389/389/389
f 392/392/392 407/407/407 406/406/406
f 379/379/379 364/364/364 365/365/365
f 363/363/363 378/378/378 377/377/377
f 379/379/379 394/394/394 393/393/393
f 380/380/380 365/365/365 366/366/366
f 380/380/380 395/395/395 394/394/394
f 290/290/290 381/381/381 366/366/366
f 380/380/380 366/366/366 381/381/381
f 396/396/396 289/289/289 288/288/288
f 397/397/397 272/272/272 382/382/382
f 384/384/384 369/369/369 370/370/370
f 272/272/272 397/397/397 273/273/273
f 386/386/386 371/371/371 372/372/372
f 387/387/387 372/372/372 373/373/373
f 369/369/369 384/384/384 383/383/383
f 401/401/401 386/386/386 387/387/387
f 389/389/389 374/374/374 375/375/375
f 390/390/390 375/375/375 376/376/376
f 371/371/371 386/386/386 385/385/385
f 399/399/399 414/414/414 413/413/413
f 391/391/391 376/376/376 377/377/377
f 373/373/373 388/388/388 387/387/387
f 386/386/386 401/401/401 400/400/400
f 429/429/429 415/415/415 416/416/416
f 392/392/392 377/377/377 378/378/378
f 389/389/389 404/404/404 403/403/403
f 393/393/393 378/378/378 379/379/379
f 376/376/376 391/391/391 390/390/390
f 416/416/416 430/430/430 429/429/429
f 390/390/390 405/405/405 404/404/404
f 407/407/407 422/422/422 421/421/421
f 394/394/394 379/379/379 380/380/380
f 378/378/378 393/393/393 392/392/392
f 394/394/394 409/409/409 408/408/408
f 395/395/395 380/380/380 381/381/381
f 395/395/395 410/410/410 409/409/409
f 289/289/289 396/396/396 381/381/381
f 395/395/395 381/381/381 396/396/396
f 411/411/411 288/288/288 287/287/287
f 398/398/398 383/383/383 384/384/384
f 382/382/382 383/383/383 397/397/397
f 412/412/412 397/397/397 398/398/398
f 400/400/400 385/385/385 386/386/386
f 397/397/397 412/412/412 273/273/273
f 402/402/402 387/387/387 388/388/388
f 398/398/398 413/413/413 412/412/412
f 403/403/403 388/388/388 389/389/389
f 417/417/417 402/402/402 403/403/403
f 405/405/405 390/390/390 391/391/391
f 432/432/432 418/418/418 419/419/419
f 406/406/406 391/391/391 392/392/392
f 388/388/388 403/403/403 402/402/402
f 415/415/415 429/429/429 428/428/428
f 444/444/444 431/431/431 432/432/432
f 407/407/407 392/392/392 393/393/393
f 404/404/404 419/419/419 418/418/418
f 408/408/408 393/393/393 394/394/394
f 391/391/391 406/406/406 405/405/405
f 432/432/432 445/445/445 444/444/444
f 405/405/405 420/420/420 419/419/419
f 422/422/422 436/436/436 435/435/435
f 409/409/409 394/394/394 395/395/395
f 393/393/393 408/408/408 407/407/407
f 409/409/409 424/424/424 423/423/423
f 410/410/410 395/395/395 396/396/396
f 410/410/410 425/425/425 424/424/424
f 288/288/288 411/411/411 396/396/396
f 410/410/410 396/396/396 411/411/411
f 426/426/426 287/287/287 286/286/286
f 413/413/413 498/498/498 412/412/412
f 414/414/414 399/399/399 400/400/400
f 498/498/498 413/413/413 427/427/427
f 415/415/415 400/400/400 401/401/401
f 412/412/412 498/498/498 273/273/273
f 416/416/416 401/401/401 402/402/402
f 414/414/414 428/428/428 427/427/427
f 418/418/418 403/403/403 404/404/404
f 441/441/441 428/428/428 429/429/429
f 419/419/419 404/404/404 405/405/405
f 420/420/420 405/405/405 406/406/406
f 402/402/402 417/417/417 416/416/416
f 421/421/421 406/406/406 407/407/407
f 403/403/403 418/418/418 417/417/417
f 417/417/417 431/431/431 430/430/430
f 422/422/422 407/407/407 408/408/408
f 447/447/447 434/434/434 435/435/435
f 423/423/423 408/408/408 409/409/409
f 406/406/406 421/421/421 420/420/420
f 458/458/458 446/446/446 447/447/447
f 420/420/420 434/434/434 433/433/433
f 436/436/436 449/449/449 448/448/448
f 424/424/424 409/409/409 410/410/410
f 408/408/408 423/423/423 422/422/422
f 424/424/424 438/438/438 437/437/437
f 425/425/425 410/410/410 411/411/411
f 439/439/439 426/426/426 440/440/440
f 287/287/287 426/426/426 411/411/411
f 425/425/425 411/411/411 426/426/426
f 440/440/440 286/286/286 285/285/285
f 428/428/428 414/414/414 415/415/415
f 413/413/413 414/414/414 427/427/427
f 274/274/274 427/427/427 428/428/428
f 430/430/430 416/416/416 417/417/417
f 428/428/428 441/441/441 274/274/274
f 431/431/431 417/417/417 418/418/418
f 429/429/429 442/442/442 441/441/441
f 433/433/433 419/419/419 420/420/420
f 430/430/430 443/443/443 442/442/442
f 434/434/434 420/420/420 421/421/421
f 456/456/456 506/506/506 455/455/455
f 435/435/435 421/421/421 422/422/422
f 436/436/436 422/422/422 423/423/423
f 419/419/419 433/433/433 432/432/432
f 433/433/433 446/446/446 445/445/445
f 437/437/437 423/423/423 424/424/424
f 421/421/421 435/435/435 434/434/434
f 457/457/457 467/467/467 466/466/466
f 434/434/434 447/447/447 446/446/446
f 473/473/473 480/480/480 479/479/479
f 438/438/438 424/424/424 425/425/425
f 423/423/423 437/437/437 436/436/436
f 438/438/438 451/451/451 450/450/450
f 426/426/426 439/439/439 425/425/425
f 438/438/438 425/425/425 439/439/439
f 285/285/285 453/453/453 440/440/440
f 453/453/453 285/285/285 284/284/284
f 286/286/286 440/440/440 426/426/426
f 442/442/442 502/502/502 441/441/441
f 442/442/442 429/429/429 430/430/430
f 502/502/502 442/442/442 454/454/454
f 443/443/443 430/430/430 431/431/431
f 441/441/441 493/493/493 274/274/274
f 445/445/445 432/432/432 433/433/433
f 504/504/504 454/454/454 455/455/455
f 446/446/446 433/433/433 434/434/434
f 444/444/444 456/456/456 455/455/455
f 448/448/448 435/435/435 436/436/436
f 445/445/445 457/457/457 456/456/456
f 449/449/449 436/436/436 437/437/437
f 459/459/459 469/469/469 468/468/468
f 450/450/450 437/437/437 438/438/438
f 435/435/435 448/448/448 447/447/447
f 477/477/477 470/470/470 471/471/471
f 471/471/471 461/461/461 462/462/462
f 451/451/451 438/438/438 439/439/439
f 437/437/437 450/450/450 449/449/449
f 449/449/449 461/461/461 460/460/460
f 453/453/453 284/284/284 283/283/283
f 440/440/440 452/452/452 439/439/439
f 452/452/452 451/451/451 439/439/439
f 451/451/451 463/463/463 462/462/462
f 453/453/453 452/452/452 440/440/440
f 465/465/465 453/453/453 283/283/283
f 455/455/455 443/443/443 444/444/444
f 442/442/442 443/443/443 454/454/454
f 456/456/456 444/444/444 445/445/445
f 443/443/443 455/455/455 454/454/454
f 457/457/457 466/466/466 456/456/456
f 457/457/457 445/445/445 446/446/446
f 467/467/467 457/457/457 458/458/458
f 459/459/459 447/447/447 448/448/448
f 476/476/476 512/512/512 469/469/469
f 460/460/460 448/448/448 449/449/449
f 510/510/510 467/467/467 468/468/468
f 461/461/461 449/449/449 450/450/450
f 462/462/462 450/450/450 451/451/451
f 448/448/448 460/460/460 459/459/459
f 460/460/460 470/470/470 469/469/469
f 463/463/463 451/451/451 452/452/452
f 450/450/450 462/462/462 461/461/461
f 461/461/461 471/471/471 470/470/470
f 465/465/465 283/283/283 282/282/282
f 453/453/453 464/464/464 452/452/452
f 464/464/464 463/463/463 452/452/452
f 463/463/463 473/473/473 472/472/472
f 465/465/465 464/464/464 453/453/453
f 475/475/475 465/465/465 282/282/282
f 506/506/506 275/275/275 504/504/504
f 506/506/506 456/456/456 466/466/466
f 468/468/468 458/458/458 459/459/459
f 508/508/508 467/467/467 276/276/276
f 469/469/469 459/459/459 460/460/460
f 458/458/458 468/468/468 467/467/467
f 512/512/512 476/476/476 496/496/496
f 470/470/470 460/460/460 461/461/461
f 476/476/476 514/514/514 277/277/277
f 472/472/472 462/462/462 463/463/463
f 514/514/514 476/476/476 477/477/477
f 473/473/473 463/463/463 464/464/464
f 462/462/462 472/472/472 471/471/471
f 522/522/522 479/479/479 480/480/480
f 475/475/475 282/282/282 281/281/281
f 465/465/465 474/474/474 464/464/464
f 474/474/474 473/473/473 464/464/464
f 280/280/280 482/482/482 281/281/281
f 475/475/475 474/474/474 465/465/465
f 482/482/482 475/475/475 281/281/281
f 469/469/469 470/470/470 476/476/476
f 469/469/469 512/512/512 468/468/468
f 478/478/478 471/471/471 472/472/472
f 470/470/470 477/477/477 476/476/476
f 516/516/516 478/478/478 518/518/518
f 479/479/479 472/472/472 473/473/473
f 518/518/518 479/479/479 278/278/278
f 480/480/480 473/473/473 474/474/474
f 479/479/479 522/522/522 278/278/278
f 475/475/475 481/481/481 474/474/474
f 481/481/481 480/480/480 474/474/474
f 522/522/522 481/481/481 279/279/279
f 482/482/482 481/481/481 475/475/475
f 482/482/482 279/279/279 481/481/481
f 511/511/511 296/296/296 306/306/306
f 267/267/267 296/296/296 483/483/483
f 501/501/501 313/313/313 326/326/326
f 269/269/269 313/313/313 485/485/485
f 325/325/325 486/486/486 501/501/501
f 501/501/501 269/269/269 485/485/485
f 497/497/497 338/338/338 353/353/353
f 270/270/270 338/338/338 487/487/487
f 272/272/272 271/271/271 489/489/489
f 382/382/382 489/489/489 367/367/367
f 275/275/275 274/274/274 493/493/493
f 454/454/454 275/275/275 502/502/502
f 510/510/510 277/277/277 276/276/276
f 476/476/476 277/277/277 496/496/496
f 271/271/271 487/487/487 497/497/497
f 352/352/352 271/271/271 497/497/497
f 274/274/274 273/273/273 498/498/498
f 427/427/427 274/274/274 498/498/498
f 270/270/270 486/486/486 499/499/499
f 339/339/339 499/499/499 325/325/325
f 313/313/313 501/501/501 485/485/485
f 269/269/269 501/501/501 486/486/486
f 441/441/441 502/502/502 493/493/493
f 275/275/275 493/493/493 502/502/502
f 467/467/467 508/508/508 466/466/466
f 454/454/454 504/504/504 275/275/275
f 315/315/315 505/505/505 303/303/303
f 268/268/268 303/303/303 505/505/505
f 455/455/455 506/506/506 504/504/504
f 508/508/508 275/275/275 506/506/506
f 506/506/506 466/466/466 508/508/508
f 275/275/275 508/508/508 276/276/276
f 511/511/511 305/305/305 509/509/509
f 267/267/267 483/483/483 511/511/511
f 467/467/467 510/510/510 276/276/276
f 277/277/277 510/510/510 496/496/496
f 509/509/509 267/267/267 511/511/511
f 296/296/296 511/511/511 483/483/483
f 510/510/510 468/468/468 512/512/512
f 496/496/496 510/510/510 512/512/512
f 516/516/516 277/277/277 514/514/514
f 478/478/478 516/516/516 477/477/477
f 298/298/298 515/515/515 266/266/266
f 267/267/267 266/266/266 515/515/515
f 514/514/514 477/477/477 516/516/516
f 277/277/277 516/516/516 278/278/278
f 278/278/278 516/516/516 518/518/518
f 479/479/479 518/518/518 478/478/478
f 279/279/279 278/278/278 522/522/522
f 481/481/481 522/522/522 480/480/480
f 525/525/525 523/523/523 265/265/265
f 301/301/301 523/523/523 302/302/302
f 295/295/295 525/525/525 264/264/264
f 525/525/525 265/265/265 264/264/264
