12:23:17 SERVER START port=8231 cargo=C:\Users\stefa\.cargo\bin\cargo.exe
12:29:27 SERVER START port=8231 cargo=C:\Users\stefa\.cargo\bin\cargo.exe
12:29:30 START cargo check -p truck-certified --lib --locked
12:29:33 DONE exit=0 in 2s: cargo check -p truck-certified --lib --locked
12:29:45 START cargo check -p truck-geometry --lib --locked
12:29:45 START cargo check -p truck-modeling --lib --locked
12:29:45 DONE exit=0 in 0s: cargo check -p truck-geometry --lib --locked
12:29:54 DONE exit=0 in 9s: cargo check -p truck-modeling --lib --locked
12:30:49 SERVER START port=8231 cargo=C:\Users\stefa\.cargo\bin\cargo.exe
12:30:52 START cargo check -p truck-geometry --lib --locked
12:30:52 DONE exit=0 in 0s: cargo check -p truck-geometry --lib --locked
12:30:52 START cargo check -p truck-modeling --lib --locked
12:30:52 DONE exit=0 in 0s: cargo check -p truck-modeling --lib --locked
12:48:38 START cargo test -p truck-certified --test kernel_tracer -- --nocapture
12:49:31 DONE exit=101 in 52s: cargo test -p truck-certified --test kernel_tracer -- --nocapture
12:50:52 START cargo test -p truck-certified --test scratch_reach -- --nocapture --test-threads=1
12:50:52 DONE exit=101 in 0s: cargo test -p truck-certified --test scratch_reach -- --nocapture --test-threads=1
12:50:56 START cargo test -p truck-certified --test scratch_reach -- --nocapture --test-threads=1
12:50:56 DONE exit=101 in 0s: cargo test -p truck-certified --test scratch_reach -- --nocapture --test-threads=1
12:51:06 START cargo test -p truck-certified --test scratch_reach -- --nocapture --test-threads=1
12:51:07 DONE exit=101 in 0s: cargo test -p truck-certified --test scratch_reach -- --nocapture --test-threads=1
12:51:18 START cargo metadata --no-deps --format-version 1
12:51:18 DONE exit=0 in 0s: cargo metadata --no-deps --format-version 1
12:51:44 START cargo metadata --no-deps --format-version 1
12:51:44 DONE exit=0 in 0s: cargo metadata --no-deps --format-version 1
12:53:56 SERVER START port=8232 cargo=C:\Users\stefa\.cargo\bin\cargo.exe
13:10:05 START cargo fmt --version
13:10:06 DONE exit=0 in 0s: cargo fmt --version
13:10:11 START cargo fmt --all
13:10:21 DONE exit=0 in 10s: cargo fmt --all
13:10:27 START cargo check -p truck-certified --lib
13:10:32 DONE exit=0 in 4s: cargo check -p truck-certified --lib
13:10:39 START cargo test -p truck-certified --test kernel_sheet --no-run
13:10:40 DONE exit=101 in 0s: cargo test -p truck-certified --test kernel_sheet --no-run
13:10:57 START cargo test -p truck-certified --test kernel_sheet --no-run
13:10:58 DONE exit=101 in 0s: cargo test -p truck-certified --test kernel_sheet --no-run
13:11:14 START cargo metadata --no-deps --format-version 1
13:11:14 DONE exit=0 in 0s: cargo metadata --no-deps --format-version 1
13:12:17 START cargo metadata --no-deps --format-version 1
13:12:17 DONE exit=0 in 0s: cargo metadata --no-deps --format-version 1
13:12:18 START cargo metadata --no-deps --format-version 1
13:12:18 DONE exit=0 in 0s: cargo metadata --no-deps --format-version 1
13:13:50 START cargo fmt --all -- --check
13:13:54 DONE exit=1 in 3s: cargo fmt --all -- --check
13:25:09 START cargo check -p truck-certified --locked --tests
13:25:11 DONE exit=0 in 2s: cargo check -p truck-certified --locked --tests
13:25:17 START cargo check -p truck-certified --locked --tests
13:25:17 DONE exit=0 in 0s: cargo check -p truck-certified --locked --tests
13:25:24 START cargo test -p truck-certified --locked --test kernel_selfint
13:25:24 DONE exit=101 in 0s: cargo test -p truck-certified --locked --test kernel_selfint
13:25:44 START cargo metadata --no-deps --format-version 1
13:25:44 DONE exit=0 in 0s: cargo metadata --no-deps --format-version 1
13:26:40 START cargo metadata --manifest-path C:\Users\stefa\look\loop\slots\5\wt\Cargo.toml --format-version 1
13:27:29 DONE exit=0 in 49s: cargo metadata --manifest-path C:\Users\stefa\look\loop\slots\5\wt\Cargo.toml --format-version 1
13:27:36 START cargo metadata --manifest-path C:\Users\stefa\look\loop\slots\5\wt\Cargo.toml --format-version 1
13:27:37 DONE exit=0 in 0s: cargo metadata --manifest-path C:\Users\stefa\look\loop\slots\5\wt\Cargo.toml --format-version 1
13:27:51 START cargo check --manifest-path C:\Users\stefa\look\loop\slots\5\wt\Cargo.toml -p truck-certified --locked --tests
13:28:28 DONE exit=0 in 36s: cargo check --manifest-path C:\Users\stefa\look\loop\slots\5\wt\Cargo.toml -p truck-certified --locked --tests
13:28:33 START cargo test --manifest-path C:\Users\stefa\look\loop\slots\5\wt\Cargo.toml -p truck-certified --locked --test kernel_selfint
13:29:16 DONE exit=0 in 43s: cargo test --manifest-path C:\Users\stefa\look\loop\slots\5\wt\Cargo.toml -p truck-certified --locked --test kernel_selfint
13:29:22 START cargo test --manifest-path C:\Users\stefa\look\loop\slots\5\wt\Cargo.toml -p truck-certified --locked
13:29:58 DONE exit=101 in 36s: cargo test --manifest-path C:\Users\stefa\look\loop\slots\5\wt\Cargo.toml -p truck-certified --locked
13:30:22 START cargo clippy --manifest-path C:\Users\stefa\look\loop\slots\5\wt\Cargo.toml -p truck-certified --locked --tests
13:30:42 DONE exit=101 in 19s: cargo clippy --manifest-path C:\Users\stefa\look\loop\slots\5\wt\Cargo.toml -p truck-certified --locked --tests
13:33:54 START cargo clippy --manifest-path C:\Users\stefa\look\loop\slots\5\wt\Cargo.toml -p truck-certified --locked --tests
13:34:09 DONE exit=101 in 15s: cargo clippy --manifest-path C:\Users\stefa\look\loop\slots\5\wt\Cargo.toml -p truck-certified --locked --tests
13:34:16 START cargo test --manifest-path C:\Users\stefa\look\loop\slots\5\wt\Cargo.toml -p truck-certified --locked --test kernel_selfint
13:34:21 DONE exit=0 in 4s: cargo test --manifest-path C:\Users\stefa\look\loop\slots\5\wt\Cargo.toml -p truck-certified --locked --test kernel_selfint
13:34:34 START cargo fmt --manifest-path C:\Users\stefa\look\loop\slots\5\wt\Cargo.toml -p truck-certified -- --check
13:34:35 DONE exit=0 in 0s: cargo fmt --manifest-path C:\Users\stefa\look\loop\slots\5\wt\Cargo.toml -p truck-certified -- --check
13:34:40 START cargo test --manifest-path C:\Users\stefa\look\loop\slots\5\wt\Cargo.toml -p truck-certified --locked
13:34:56 DONE exit=101 in 16s: cargo test --manifest-path C:\Users\stefa\look\loop\slots\5\wt\Cargo.toml -p truck-certified --locked
13:55:49 START cargo metadata --no-deps --format-version 1
13:55:50 DONE exit=0 in 0s: cargo metadata --no-deps --format-version 1
13:56:14 START cargo test -p truck-certified --test scratch_reach -- --nocapture --test-threads=1
14:08:24 DONE exit=0 in 729s: cargo test -p truck-certified --test scratch_reach -- --nocapture --test-threads=1
14:10:07 START cargo test -p truck-certified --test scratch_reach -- --nocapture --test-threads=1
14:10:12 DONE exit=0 in 5s: cargo test -p truck-certified --test scratch_reach -- --nocapture --test-threads=1
14:12:48 START cargo test -p truck-certified --test scratch_reach -- --nocapture --test-threads=1
14:13:00 DONE exit=0 in 11s: cargo test -p truck-certified --test scratch_reach -- --nocapture --test-threads=1
14:13:56 START cargo test -p truck-certified --test scratch_reach -- --nocapture --test-threads=1
14:13:56 DONE exit=101 in 0s: cargo test -p truck-certified --test scratch_reach -- --nocapture --test-threads=1
14:14:09 START cargo test -p truck-certified --test scratch_reach -- --nocapture --test-threads=1
14:14:10 DONE exit=0 in 0s: cargo test -p truck-certified --test scratch_reach -- --nocapture --test-threads=1
14:17:34 START cargo test -p truck-certified --test scratch_reach -- --nocapture --test-threads=1
14:17:35 DONE exit=0 in 0s: cargo test -p truck-certified --test scratch_reach -- --nocapture --test-threads=1
14:21:29 START cargo check -p truck-certified --lib
14:21:46 DONE exit=101 in 17s: cargo check -p truck-certified --lib
14:22:06 START cargo check -p truck-certified --lib
14:22:09 DONE exit=0 in 3s: cargo check -p truck-certified --lib
14:23:34 START cargo test -p truck-certified --test scratch_reach -- --nocapture --test-threads=1
14:23:56 DONE exit=0 in 21s: cargo test -p truck-certified --test scratch_reach -- --nocapture --test-threads=1
14:24:47 START cargo test -p truck-certified --no-run
14:25:41 DONE exit=0 in 53s: cargo test -p truck-certified --no-run
14:26:41 START cargo test -p truck-certified --test scratch_reach -- --nocapture --test-threads=1
14:26:45 DONE exit=0 in 4s: cargo test -p truck-certified --test scratch_reach -- --nocapture --test-threads=1
14:26:56 START cargo test -p truck-certified --test scratch_reach scratch_kappa -- --nocapture --test-threads=1
14:26:56 DONE exit=0 in 0s: cargo test -p truck-certified --test scratch_reach scratch_kappa -- --nocapture --test-threads=1
14:27:23 START cargo test -p truck-certified --test scratch_reach scratch_kappa -- --nocapture --test-threads=1
14:27:24 DONE exit=0 in 0s: cargo test -p truck-certified --test scratch_reach scratch_kappa -- --nocapture --test-threads=1
14:28:13 START cargo test -p truck-certified --test scratch_reach scratch_kappa -- --nocapture --test-threads=1
14:28:14 DONE exit=101 in 0s: cargo test -p truck-certified --test scratch_reach scratch_kappa -- --nocapture --test-threads=1
14:28:18 START cargo test -p truck-certified --test scratch_reach scratch_kappa -- --nocapture --test-threads=1
14:28:18 DONE exit=101 in 0s: cargo test -p truck-certified --test scratch_reach scratch_kappa -- --nocapture --test-threads=1
14:28:27 START cargo test -p truck-certified --test scratch_reach scratch_kappa -- --nocapture --test-threads=1
14:28:28 DONE exit=0 in 0s: cargo test -p truck-certified --test scratch_reach scratch_kappa -- --nocapture --test-threads=1
14:29:35 START cargo test -p truck-certified --test kernel_engine --no-run
14:29:36 DONE exit=101 in 0s: cargo test -p truck-certified --test kernel_engine --no-run
14:29:51 START cargo test -p truck-certified --test kernel_engine --no-run
14:29:52 DONE exit=0 in 1s: cargo test -p truck-certified --test kernel_engine --no-run
14:30:03 START cargo test -p truck-certified --test kernel_engine -- --nocapture --test-threads=1
14:30:11 DONE exit=101 in 8s: cargo test -p truck-certified --test kernel_engine -- --nocapture --test-threads=1
14:30:21 START cargo test -p truck-certified --test kernel_engine
14:30:33 DONE exit=0 in 11s: cargo test -p truck-certified --test kernel_engine
14:31:00 START cargo test -p truck-certified --lib --tests --no-fail-fast
14:31:16 DONE exit=101 in 15s: cargo test -p truck-certified --lib --tests --no-fail-fast
14:31:25 START cargo fmt -p truck-certified -- --check
14:31:26 DONE exit=1 in 1s: cargo fmt -p truck-certified -- --check
14:31:30 START cargo fmt -p truck-certified
14:31:31 DONE exit=0 in 0s: cargo fmt -p truck-certified
14:31:36 START cargo fmt -p truck-certified -- --check
14:31:37 DONE exit=0 in 0s: cargo fmt -p truck-certified -- --check
14:31:43 START cargo clippy -p truck-certified --all-targets
14:32:14 DONE exit=101 in 31s: cargo clippy -p truck-certified --all-targets
14:32:50 START cargo clippy -p truck-certified --lib
14:32:59 DONE exit=101 in 8s: cargo clippy -p truck-certified --lib
14:33:07 START cargo clippy -p truck-certified --all-targets
14:33:28 DONE exit=101 in 20s: cargo clippy -p truck-certified --all-targets
14:33:36 START cargo fmt -p truck-certified
14:33:37 DONE exit=0 in 1s: cargo fmt -p truck-certified
14:33:38 START cargo fmt -p truck-certified -- --check
14:33:39 DONE exit=0 in 0s: cargo fmt -p truck-certified -- --check
14:33:47 START cargo test -p truck-certified --lib --tests --no-fail-fast
14:34:36 DONE exit=101 in 48s: cargo test -p truck-certified --lib --tests --no-fail-fast
14:34:45 START cargo check --workspace --all-targets --locked
14:37:37 DONE exit=101 in 171s: cargo check --workspace --all-targets --locked
14:37:47 START cargo check --workspace --all-targets --locked
14:38:21 DONE exit=101 in 34s: cargo check --workspace --all-targets --locked
14:38:43 START cargo check --workspace --all-targets --locked
14:40:09 DONE exit=101 in 85s: cargo check --workspace --all-targets --locked
14:40:33 START cargo check --workspace --all-targets --locked
14:41:00 DONE exit=101 in 26s: cargo check --workspace --all-targets --locked
14:41:41 START cargo metadata --manifest-path C:\Users\stefa\look\loop\slots\0\wt\Cargo.toml --no-deps --format-version 1
14:41:41 DONE exit=0 in 0s: cargo metadata --manifest-path C:\Users\stefa\look\loop\slots\0\wt\Cargo.toml --no-deps --format-version 1
14:41:48 START cargo metadata --manifest-path C:\Users\stefa\look\loop\slots\0\wt\Cargo.toml --no-deps --format-version 1
14:41:49 DONE exit=0 in 0s: cargo metadata --manifest-path C:\Users\stefa\look\loop\slots\0\wt\Cargo.toml --no-deps --format-version 1
14:41:56 START cargo metadata --manifest-path C:\Users\stefa\look\loop\slots\0\wt\Cargo.toml --no-deps --format-version 1
14:41:56 DONE exit=0 in 0s: cargo metadata --manifest-path C:\Users\stefa\look\loop\slots\0\wt\Cargo.toml --no-deps --format-version 1
14:42:18 START cargo check --manifest-path C:\Users\stefa\look\loop\slots\0\wt\Cargo.toml --workspace --all-targets --locked
14:46:55 DONE exit=0 in 276s: cargo check --manifest-path C:\Users\stefa\look\loop\slots\0\wt\Cargo.toml --workspace --all-targets --locked
14:46:55 START cargo check --locked -p truck-certified --lib
14:46:56 DONE exit=0 in 0s: cargo check --locked -p truck-certified --lib
14:47:08 START cargo check --locked -p truck-certified --all-targets
14:47:09 DONE exit=0 in 0s: cargo check --locked -p truck-certified --all-targets
14:47:17 START cargo check --locked -p truck-certified --lib
14:47:18 DONE exit=0 in 0s: cargo check --locked -p truck-certified --lib
14:47:20 START cargo test --manifest-path C:\Users\stefa\look\loop\slots\0\wt\Cargo.toml -p truck-certified --lib --tests --no-fail-fast
14:48:47 DONE exit=101 in 87s: cargo test --manifest-path C:\Users\stefa\look\loop\slots\0\wt\Cargo.toml -p truck-certified --lib --tests --no-fail-fast
14:48:47 START cargo clean -p truck-certified
14:48:48 DONE exit=0 in 0s: cargo clean -p truck-certified
14:48:49 START cargo check --locked -p truck-certified --lib
14:48:57 DONE exit=0 in 8s: cargo check --locked -p truck-certified --lib
14:49:56 START cargo fmt -p truck-certified
14:49:58 DONE exit=0 in 2s: cargo fmt -p truck-certified
14:49:59 START cargo check --manifest-path C:\Users\stefa\look\loop\slots\0\wt\Cargo.toml -p truck-certified --lib
14:50:36 DONE exit=0 in 37s: cargo check --manifest-path C:\Users\stefa\look\loop\slots\0\wt\Cargo.toml -p truck-certified --lib
14:50:47 START cargo test --manifest-path C:\Users\stefa\look\loop\slots\0\wt\Cargo.toml -p truck-certified --lib --test kernel_engine
14:52:36 DONE exit=0 in 108s: cargo test --manifest-path C:\Users\stefa\look\loop\slots\0\wt\Cargo.toml -p truck-certified --lib --test kernel_engine
14:52:36 START cargo test --locked -p truck-certified --test kernel_trimclip --no-run
14:52:59 DONE exit=3221226505 in 23s: cargo test --locked -p truck-certified --test kernel_trimclip --no-run
14:53:08 START cargo test --locked -p truck-certified --test kernel_trimclip --no-run
14:53:09 DONE exit=101 in 0s: cargo test --locked -p truck-certified --test kernel_trimclip --no-run
14:53:31 START cargo test --locked -p truck-certified --test kernel_trimclip --no-run
14:53:32 DONE exit=101 in 0s: cargo test --locked -p truck-certified --test kernel_trimclip --no-run
14:53:42 START cargo test --locked -p truck-certified --no-run -- --list
14:54:34 DONE exit=0 in 52s: cargo test --locked -p truck-certified --no-run -- --list
14:54:55 START cargo test --locked -p truck-certified --no-run -- --list
14:54:55 DONE exit=0 in 0s: cargo test --locked -p truck-certified --no-run -- --list
14:55:16 START cargo test --locked -p truck-certified --test kernel_trimclip --no-run
14:55:16 DONE exit=101 in 0s: cargo test --locked -p truck-certified --test kernel_trimclip --no-run
14:55:49 START cargo --version
14:55:49 DONE exit=0 in 0s: cargo --version
14:56:18 START cargo test --locked -p truck-certified --test kernel_tier2 --no-run
14:56:19 DONE exit=0 in 0s: cargo test --locked -p truck-certified --test kernel_tier2 --no-run
14:56:34 START cargo test --locked --all-targets --no-run
14:58:05 DONE exit=101 in 91s: cargo test --locked --all-targets --no-run
14:58:05 START cargo locate-project --message-format plain
14:58:05 DONE exit=0 in 0s: cargo locate-project --message-format plain
15:01:13 START cargo qtest -p truck-certified --test kernel_tracer --no-fail-fast
15:04:46 DONE exit=101 in 213s: cargo qtest -p truck-certified --test kernel_tracer --no-fail-fast
15:04:52 START cargo qtest -p truck-certified --test kernel_tracer --no-fail-fast
15:04:56 DONE exit=101 in 4s: cargo qtest -p truck-certified --test kernel_tracer --no-fail-fast
15:05:56 START cargo qtest -p truck-certified --test kernel_tracer --no-fail-fast escalation_routes_isolated_r2_to_the_contact_future dtau_grows_on_success_and_halves_on_failure high_order_singularity_refuses
15:05:56 DONE exit=1 in 0s: cargo qtest -p truck-certified --test kernel_tracer --no-fail-fast escalation_routes_isolated_r2_to_the_contact_future dtau_grows_on_success_and_halves_on_failure high_order_singularity_refuses
15:06:02 START cargo qtest -p truck-certified --test kernel_tracer --no-fail-fast high_order_singularity_refuses
15:06:03 DONE exit=101 in 1s: cargo qtest -p truck-certified --test kernel_tracer --no-fail-fast high_order_singularity_refuses
15:06:28 START cargo qtest -p truck-certified --test kernel_tracer --no-fail-fast escalation_routes_isolated_r2_to_the_contact_future
15:06:30 DONE exit=101 in 2s: cargo qtest -p truck-certified --test kernel_tracer --no-fail-fast escalation_routes_isolated_r2_to_the_contact_future
15:06:40 START cargo qtest -p truck-certified --test kernel_tracer --no-fail-fast dtau_grows_on_success_and_halves_on_failure
15:06:43 DONE exit=101 in 2s: cargo qtest -p truck-certified --test kernel_tracer --no-fail-fast dtau_grows_on_success_and_halves_on_failure
15:17:22 START cargo qcheck -p truck-certified --lib
15:17:38 DONE exit=0 in 16s: cargo qcheck -p truck-certified --lib
15:17:43 START cargo qtest -p truck-certified --test kernel_engine --no-fail-fast
15:17:51 DONE exit=101 in 8s: cargo qtest -p truck-certified --test kernel_engine --no-fail-fast
15:18:01 START cargo test --profile quick --locked -p truck-certified --test kernel_engine --no-fail-fast
15:18:01 DONE exit=0 in 0s: cargo test --profile quick --locked -p truck-certified --test kernel_engine --no-fail-fast
15:19:07 START cargo check -p truck-certified --locked
15:19:14 DONE exit=0 in 6s: cargo check -p truck-certified --locked
15:19:42 START cargo metadata --no-deps --format-version 1
15:19:42 DONE exit=0 in 0s: cargo metadata --no-deps --format-version 1
15:20:14 START cargo metadata --manifest-path C:\Users\stefa\look\loop\slots\2\wt\Cargo.toml --no-deps --format-version 1
15:20:14 DONE exit=0 in 0s: cargo metadata --manifest-path C:\Users\stefa\look\loop\slots\2\wt\Cargo.toml --no-deps --format-version 1
15:20:37 START cargo check --manifest-path C:\Users\stefa\look\loop\slots\2\wt\Cargo.toml -p truck-certified --locked
15:21:08 DONE exit=101 in 31s: cargo check --manifest-path C:\Users\stefa\look\loop\slots\2\wt\Cargo.toml -p truck-certified --locked
15:21:08 START cargo fmt -- vendor/truck/truck-certified/src/kernel/engine.rs vendor/truck/truck-certified/tests/kernel_engine.rs
15:21:12 DONE exit=0 in 3s: cargo fmt -- vendor/truck/truck-certified/src/kernel/engine.rs vendor/truck/truck-certified/tests/kernel_engine.rs
15:21:16 START cargo test --profile quick --locked -p truck-certified --test kernel_engine --no-fail-fast
15:21:20 DONE exit=0 in 3s: cargo test --profile quick --locked -p truck-certified --test kernel_engine --no-fail-fast
15:21:25 START cargo check --manifest-path C:\Users\stefa\look\loop\slots\2\wt\Cargo.toml -p truck-certified --locked
15:21:30 DONE exit=0 in 5s: cargo check --manifest-path C:\Users\stefa\look\loop\slots\2\wt\Cargo.toml -p truck-certified --locked
15:21:54 START cargo check --manifest-path C:\Users\stefa\look\loop\slots\2\wt\Cargo.toml -p truck-certified --locked
15:21:55 DONE exit=0 in 1s: cargo check --manifest-path C:\Users\stefa\look\loop\slots\2\wt\Cargo.toml -p truck-certified --locked
15:21:59 START cargo test --profile quick --locked -p truck-certified --test kernel_engine --no-fail-fast
15:21:59 DONE exit=0 in 0s: cargo test --profile quick --locked -p truck-certified --test kernel_engine --no-fail-fast
15:22:04 START cargo test --profile quick --locked -p truck-certified --test kernel_engine --no-fail-fast
15:22:04 DONE exit=0 in 0s: cargo test --profile quick --locked -p truck-certified --test kernel_engine --no-fail-fast
15:22:43 START cargo metadata --no-deps --format-version 1
15:22:43 DONE exit=0 in 0s: cargo metadata --no-deps --format-version 1
15:23:18 START cargo check --manifest-path C:\Users\stefa\look\loop\slots\2\wt\Cargo.toml -p truck-certified --locked
15:23:19 DONE exit=101 in 0s: cargo check --manifest-path C:\Users\stefa\look\loop\slots\2\wt\Cargo.toml -p truck-certified --locked
15:23:28 START cargo check --manifest-path C:\Users\stefa\look\loop\slots\2\wt\Cargo.toml -p truck-certified --locked
15:23:29 DONE exit=0 in 1s: cargo check --manifest-path C:\Users\stefa\look\loop\slots\2\wt\Cargo.toml -p truck-certified --locked
15:24:29 START cargo test --manifest-path C:\Users\stefa\look\loop\slots\2\wt\Cargo.toml -p truck-certified --locked --test kernel_atlas
15:25:29 DONE exit=101 in 59s: cargo test --manifest-path C:\Users\stefa\look\loop\slots\2\wt\Cargo.toml -p truck-certified --locked --test kernel_atlas
15:25:37 START cargo test --manifest-path C:\Users\stefa\look\loop\slots\2\wt\Cargo.toml -p truck-certified --locked --test kernel_atlas
15:25:38 DONE exit=101 in 1s: cargo test --manifest-path C:\Users\stefa\look\loop\slots\2\wt\Cargo.toml -p truck-certified --locked --test kernel_atlas
15:26:20 START cargo test --manifest-path C:\Users\stefa\look\loop\slots\2\wt\Cargo.toml -p truck-certified --locked --test kernel_atlas sphere_pole_chart_switches_and_continues_the_arc -- --nocapture
15:26:21 DONE exit=101 in 1s: cargo test --manifest-path C:\Users\stefa\look\loop\slots\2\wt\Cargo.toml -p truck-certified --locked --test kernel_atlas sphere_pole_chart_switches_and_continues_the_arc -- --nocapture
15:26:41 START cargo test --manifest-path C:\Users\stefa\look\loop\slots\2\wt\Cargo.toml -p truck-certified --locked --test kernel_atlas sphere_pole_chart_switches_and_continues_the_arc -- --nocapture
15:26:43 DONE exit=101 in 2s: cargo test --manifest-path C:\Users\stefa\look\loop\slots\2\wt\Cargo.toml -p truck-certified --locked --test kernel_atlas sphere_pole_chart_switches_and_continues_the_arc -- --nocapture
15:27:04 START cargo test --manifest-path C:\Users\stefa\look\loop\slots\2\wt\Cargo.toml -p truck-certified --locked --test kernel_atlas sphere_pole_chart_switches_and_continues_the_arc -- --nocapture
15:27:07 DONE exit=101 in 2s: cargo test --manifest-path C:\Users\stefa\look\loop\slots\2\wt\Cargo.toml -p truck-certified --locked --test kernel_atlas sphere_pole_chart_switches_and_continues_the_arc -- --nocapture
15:27:45 START cargo test --manifest-path C:\Users\stefa\look\loop\slots\2\wt\Cargo.toml -p truck-certified --locked --test kernel_atlas
15:27:48 DONE exit=0 in 2s: cargo test --manifest-path C:\Users\stefa\look\loop\slots\2\wt\Cargo.toml -p truck-certified --locked --test kernel_atlas
15:27:54 START cargo test --manifest-path C:\Users\stefa\look\loop\slots\2\wt\Cargo.toml -p truck-certified --locked
15:28:49 DONE exit=101 in 54s: cargo test --manifest-path C:\Users\stefa\look\loop\slots\2\wt\Cargo.toml -p truck-certified --locked
15:28:55 START cargo test --manifest-path C:\Users\stefa\look\loop\slots\2\wt\Cargo.toml -p truck-certified --locked --test kernel_tracer
15:28:55 DONE exit=101 in 0s: cargo test --manifest-path C:\Users\stefa\look\loop\slots\2\wt\Cargo.toml -p truck-certified --locked --test kernel_tracer
15:29:01 START cargo test --manifest-path C:\Users\stefa\look\loop\slots\2\wt\Cargo.toml -p truck-certified --locked --test kernel_tracer
15:29:15 DONE exit=101 in 13s: cargo test --manifest-path C:\Users\stefa\look\loop\slots\2\wt\Cargo.toml -p truck-certified --locked --test kernel_tracer
15:29:24 START cargo test --manifest-path C:\Users\stefa\look\loop\slots\2\wt\Cargo.toml -p truck-certified --locked
15:30:03 DONE exit=101 in 38s: cargo test --manifest-path C:\Users\stefa\look\loop\slots\2\wt\Cargo.toml -p truck-certified --locked
15:30:51 START cargo test --manifest-path C:\Users\stefa\look\loop\slots\2\wt\Cargo.toml -p truck-certified --locked --test kernel_atlas
15:31:01 DONE exit=0 in 9s: cargo test --manifest-path C:\Users\stefa\look\loop\slots\2\wt\Cargo.toml -p truck-certified --locked --test kernel_atlas
15:55:01 SERVER START port=8231 cargo=C:\Users\stefa\.cargo\bin\cargo.exe
15:55:27 START [cwd=C:\Users\stefa\look] cargo metadata --no-deps --format-version 1
15:55:27 DONE exit=0 in 0s: cargo metadata --no-deps --format-version 1
15:56:55 START [cwd=C:\Users\stefa\look] cargo metadata --no-deps --format-version 1
15:56:55 DONE exit=0 in 0s: cargo metadata --no-deps --format-version 1
15:57:56 SERVER START port=8231 cargo=C:\Users\stefa\.cargo\bin\cargo.exe
15:57:59 START [cwd=C:\Users\stefa\AppData\Local\Temp\cargoq-cwd-test] cargo metadata --no-deps --format-version 1
15:58:00 DONE exit=0 in 0s: cargo metadata --no-deps --format-version 1
16:21:27 START [cwd=C:\Users\stefa\AppData\Local\Temp\cargoq-cwd-test] cargo metadata --no-deps --format-version 1
16:21:27 DONE exit=0 in 0s: cargo metadata --no-deps --format-version 1
16:21:27 START [cwd=C:\Users\stefa\look] cargo metadata --no-deps --format-version 1
16:21:27 DONE exit=0 in 0s: cargo metadata --no-deps --format-version 1
16:45:28 START [cwd=C:\Users\stefa\look] cargo check --locked -p truck-certified
16:46:07 DONE exit=0 in 38s: cargo check --locked -p truck-certified
16:48:40 START [cwd=C:\Users\stefa\look] cargo check --locked -p look --example nop_geo_probe
16:50:35 DONE exit=0 in 115s: cargo check --locked -p look --example nop_geo_probe
16:52:32 START [cwd=C:\Users\stefa\look] cargo check --locked -p look --example nop_geo_probe
16:52:32 DONE exit=0 in 0s: cargo check --locked -p look --example nop_geo_probe
16:52:56 START [cwd=C:\Users\stefa\look\loop\slots\0\wt] cargo test -p truck-certified --test kernel_tracer --no-fail-fast
16:53:45 DONE exit=101 in 48s: cargo test -p truck-certified --test kernel_tracer --no-fail-fast
16:53:45 START [cwd=C:\Users\stefa\look] cargo check --workspace --all-targets --locked --manifest-path C:\Users\stefa\look\loop\slots\0\wt\Cargo.toml
16:56:25 DONE exit=0 in 160s: cargo check --workspace --all-targets --locked --manifest-path C:\Users\stefa\look\loop\slots\0\wt\Cargo.toml
17:03:22 START [cwd=C:\Users\stefa\look\loop\slots\0\wt] cargo check -p truck-certified --lib
17:03:38 DONE exit=0 in 16s: cargo check -p truck-certified --lib
17:04:00 START [cwd=C:\Users\stefa\look\loop\slots\0\wt] cargo check -p truck-certified --lib
17:04:02 DONE exit=0 in 1s: cargo check -p truck-certified --lib
17:04:09 START [cwd=C:\Users\stefa\look\loop\slots\0\wt] cargo test -p truck-certified --test kernel_engine --test kernel_tracer --no-fail-fast
17:04:16 DONE exit=101 in 7s: cargo test -p truck-certified --test kernel_engine --test kernel_tracer --no-fail-fast
17:06:46 START [cwd=C:\Users\stefa\look] cargo clippy --manifest-path C:\Users\stefa\look\loop\slots\2\wt\Cargo.toml --locked -p truck-certified --all-targets --no-deps -- -D warnings
19:36:18 TIMEOUT after 2400s: cargo clippy --manifest-path C:\Users\stefa\look\loop\slots\2\wt\Cargo.toml --locked -p truck-certified --all-targets --no-deps -- -D warnings
19:36:18 START [cwd=C:\Users\stefa\look\loop\slots\0\wt] cargo test -p truck-certified --test kernel_engine --no-fail-fast -- --nocapture
19:36:25 DONE exit=101 in 6s: cargo test -p truck-certified --test kernel_engine --no-fail-fast -- --nocapture
19:36:25 START [cwd=C:\Users\stefa\look] cargo fmt --manifest-path C:\Users\stefa\look\loop\slots\2\wt\Cargo.toml -p truck-certified -- --check
19:36:26 DONE exit=0 in 1s: cargo fmt --manifest-path C:\Users\stefa\look\loop\slots\2\wt\Cargo.toml -p truck-certified -- --check
19:37:19 START [cwd=C:\Users\stefa\look\loop\slots\0\wt] cargo test -p truck-certified --test kernel_engine frame_two_pass_orthonormality_near_degenerate_seeds -- --nocapture
19:37:21 DONE exit=101 in 2s: cargo test -p truck-certified --test kernel_engine frame_two_pass_orthonormality_near_degenerate_seeds -- --nocapture
19:38:12 START [cwd=C:\Users\stefa\look\loop\slots\0\wt] cargo test -p truck-certified --test kernel_engine --no-fail-fast -- --nocapture
19:38:14 DONE exit=0 in 2s: cargo test -p truck-certified --test kernel_engine --no-fail-fast -- --nocapture
19:38:43 START [cwd=C:\Users\stefa\look\loop\slots\0\wt] cargo test -p truck-certified --test kernel_engine --no-fail-fast
19:38:44 DONE exit=0 in 1s: cargo test -p truck-certified --test kernel_engine --no-fail-fast
19:39:15 START [cwd=C:\Users\stefa\look\loop\slots\0\wt] cargo test -p truck-certified --lib --tests --no-fail-fast
19:39:50 DONE exit=101 in 34s: cargo test -p truck-certified --lib --tests --no-fail-fast
19:40:02 START [cwd=C:\Users\stefa\look\loop\slots\0\wt] cargo clippy -p truck-certified --all-targets --message-format=short
19:40:21 DONE exit=101 in 18s: cargo clippy -p truck-certified --all-targets --message-format=short
19:42:38 START [cwd=C:\Users\stefa\look\loop\slots\0\wt] cargo clippy -p truck-certified --all-targets --message-format=short
19:42:46 DONE exit=101 in 8s: cargo clippy -p truck-certified --all-targets --message-format=short
19:43:49 START [cwd=C:\Users\stefa\look\loop\slots\0\wt] cargo test -p truck-certified --test kernel_engine --no-fail-fast
19:43:56 DONE exit=0 in 6s: cargo test -p truck-certified --test kernel_engine --no-fail-fast
19:43:58 START [cwd=C:\Users\stefa\look\loop\slots\0\wt] cargo check --workspace --all-targets
19:47:07 DONE exit=0 in 188s: cargo check --workspace --all-targets
22:05:38 START [cwd=C:\Users\stefa\look] cargo check --locked -p truck-certified --manifest-path C:\Users\stefa\look\loop\slots\2\wt\Cargo.toml
22:06:11 DONE exit=0 in 33s: cargo check --locked -p truck-certified --manifest-path C:\Users\stefa\look\loop\slots\2\wt\Cargo.toml
22:06:11 START [cwd=C:\Users\stefa\look] cargo test --locked -p truck-certified --test kernel_atlas --manifest-path C:\Users\stefa\look\loop\slots\2\wt\Cargo.toml
22:07:17 DONE exit=0 in 65s: cargo test --locked -p truck-certified --test kernel_atlas --manifest-path C:\Users\stefa\look\loop\slots\2\wt\Cargo.toml
22:09:38 START [cwd=C:\Users\stefa\look] cargo check --locked -p truck-certified
22:10:06 DONE exit=0 in 28s: cargo check --locked -p truck-certified
22:10:08 START [cwd=C:\Users\stefa\look] cargo test --locked -p truck-certified --test kernel_atlas --test kernel_trimclip
22:11:29 DONE exit=0 in 81s: cargo test --locked -p truck-certified --test kernel_atlas --test kernel_trimclip
22:28:40 START [cwd=C:\Users\stefa\look] cargo check --locked -p truck-certified --manifest-path C:\Users\stefa\look\loop\slots\0\wt\Cargo.toml
22:29:14 DONE exit=0 in 34s: cargo check --locked -p truck-certified --manifest-path C:\Users\stefa\look\loop\slots\0\wt\Cargo.toml
22:29:15 START [cwd=C:\Users\stefa\look] cargo test --locked -p truck-certified --test kernel_engine --manifest-path C:\Users\stefa\look\loop\slots\0\wt\Cargo.toml
22:30:07 DONE exit=0 in 51s: cargo test --locked -p truck-certified --test kernel_engine --manifest-path C:\Users\stefa\look\loop\slots\0\wt\Cargo.toml
22:34:21 START [cwd=C:\Users\stefa\look] cargo check --locked -p truck-certified
22:34:27 DONE exit=0 in 5s: cargo check --locked -p truck-certified
22:37:17 START [cwd=C:\Users\stefa\look\loop\slots\0\wt] cargo --version
22:37:17 DONE exit=0 in 0s: cargo --version
22:39:25 START [cwd=C:\Users\stefa\look\loop\slots\0\wt] cargo test -p truck-certified --lib --test kernel_engine --no-fail-fast
22:41:15 DONE exit=0 in 110s: cargo test -p truck-certified --lib --test kernel_engine --no-fail-fast
22:41:22 START [cwd=C:\Users\stefa\look\loop\slots\0\wt] cargo test -p truck-certified --test kernel_engine tube_reach_envelope_measured_and_published -- --nocapture --exact
22:41:22 DONE exit=0 in 0s: cargo test -p truck-certified --test kernel_engine tube_reach_envelope_measured_and_published -- --nocapture --exact
22:52:03 START [cwd=C:\Users\stefa\look\loop\slots\2\wt] cargo check -p truck-geometry --tests
22:52:40 DONE exit=0 in 37s: cargo check -p truck-geometry --tests
22:53:19 START [cwd=C:\Users\stefa\look\loop\slots\1\wt] cargo fmt --all
22:53:43 DONE exit=0 in 23s: cargo fmt --all
22:53:47 START [cwd=C:\Users\stefa\look\loop\slots\1\wt] cargo check --profile quick -p truck-certified --all-targets --locked
22:54:33 DONE exit=0 in 45s: cargo check --profile quick -p truck-certified --all-targets --locked
22:54:44 START [cwd=C:\Users\stefa\look\loop\slots\1\wt] cargo fmt --all
22:54:47 DONE exit=0 in 3s: cargo fmt --all
22:54:47 START [cwd=C:\Users\stefa\look\loop\slots\1\wt] cargo test --profile quick -p truck-certified --test kernel_promote --locked
22:56:36 DONE exit=0 in 108s: cargo test --profile quick -p truck-certified --test kernel_promote --locked
22:56:36 START [cwd=C:\Users\stefa\look\loop\slots\2\wt] cargo test -p truck-modeling --test scratch_vol
22:57:36 DONE exit=101 in 60s: cargo test -p truck-modeling --test scratch_vol
22:57:36 START [cwd=C:\Users\stefa\look\loop\slots\1\wt] cargo fmt --all -- --check
22:57:39 DONE exit=0 in 2s: cargo fmt --all -- --check
22:57:40 START [cwd=C:\Users\stefa\look\loop\slots\1\wt] cargo check --locked -p truck-certified --all-targets
22:58:23 DONE exit=0 in 43s: cargo check --locked -p truck-certified --all-targets
22:58:23 START [cwd=C:\Users\stefa\look\loop\slots\2\wt] cargo test -p truck-modeling --test scratch_vol
22:58:24 DONE exit=101 in 0s: cargo test -p truck-modeling --test scratch_vol
22:58:30 START [cwd=C:\Users\stefa\look\loop\slots\1\wt] cargo test --profile quick -p truck-certified --tests --locked
22:59:50 DONE exit=101 in 80s: cargo test --profile quick -p truck-certified --tests --locked
22:59:50 START [cwd=C:\Users\stefa\look\loop\slots\2\wt] cargo test -p truck-modeling --test scratch_vol
22:59:51 DONE exit=101 in 0s: cargo test -p truck-modeling --test scratch_vol
22:59:56 START [cwd=C:\Users\stefa\look\loop\slots\2\wt] cargo test -p truck-modeling --test scratch_vol
22:59:56 DONE exit=101 in 0s: cargo test -p truck-modeling --test scratch_vol
22:59:59 START [cwd=C:\Users\stefa\look\loop\slots\1\wt] cargo test --locked -p truck-certified --test kernel_promote
23:00:57 DONE exit=0 in 58s: cargo test --locked -p truck-certified --test kernel_promote
23:01:30 START [cwd=C:\Users\stefa\look\loop\slots\1\wt] cargo clippy --profile quick -p truck-certified --lib --tests --locked
23:02:12 DONE exit=101 in 41s: cargo clippy --profile quick -p truck-certified --lib --tests --locked
23:02:12 START [cwd=C:\Users\stefa\look\loop\slots\2\wt] cargo check -p truck-geometry --test scratch_spine
23:02:12 DONE exit=101 in 0s: cargo check -p truck-geometry --test scratch_spine
23:03:14 START [cwd=C:\Users\stefa\look\loop\slots\1\wt] cargo fmt --all
23:03:17 DONE exit=0 in 3s: cargo fmt --all
23:03:17 START [cwd=C:\Users\stefa\look\loop\slots\1\wt] cargo clippy --profile quick -p truck-certified --lib --locked
23:03:26 DONE exit=101 in 8s: cargo clippy --profile quick -p truck-certified --lib --locked
23:03:43 START [cwd=C:\Users\stefa\look\loop\slots\2\wt] cargo test -p truck-modeling --test scratch_vol
23:03:44 DONE exit=101 in 0s: cargo test -p truck-modeling --test scratch_vol
23:03:48 START [cwd=C:\Users\stefa\look\loop\slots\2\wt] cargo test -p truck-modeling --test scratch_vol
23:03:48 DONE exit=101 in 0s: cargo test -p truck-modeling --test scratch_vol
23:03:52 START [cwd=C:\Users\stefa\look\loop\slots\1\wt] cargo test --profile quick -p truck-certified --test kernel_promote --locked
23:03:54 DONE exit=0 in 2s: cargo test --profile quick -p truck-certified --test kernel_promote --locked
23:03:57 START [cwd=C:\Users\stefa\look\loop\slots\2\wt] cargo test -p truck-modeling --test scratch_vol
23:03:58 DONE exit=101 in 0s: cargo test -p truck-modeling --test scratch_vol
23:04:01 START [cwd=C:\Users\stefa\look\loop\slots\2\wt] cargo test -p truck-modeling --test scratch_vol
23:04:02 DONE exit=101 in 0s: cargo test -p truck-modeling --test scratch_vol
23:04:12 START [cwd=C:\Users\stefa\look\loop\slots\2\wt] cargo test -p truck-modeling --test scratch_vol
23:04:13 DONE exit=101 in 1s: cargo test -p truck-modeling --test scratch_vol
23:08:53 START [cwd=C:\Users\stefa\look\loop\slots\2\wt] cargo test -p truck-modeling --test spine_sweep_conformance
23:08:57 DONE exit=0 in 3s: cargo test -p truck-modeling --test spine_sweep_conformance
23:11:01 START [cwd=C:\Users\stefa\look\loop\slots\3\wt] cargo check -p truck-certified --profile quick --locked
23:12:09 DONE exit=101 in 67s: cargo check -p truck-certified --profile quick --locked
23:12:41 START [cwd=C:\Users\stefa\look\loop\slots\3\wt] cargo check -p truck-certified --profile quick --locked
23:12:50 DONE exit=0 in 9s: cargo check -p truck-certified --profile quick --locked
23:14:38 START [cwd=C:\Users\stefa\look\loop\slots\3\wt] cargo check -p truck-certified --profile quick --locked
23:14:40 DONE exit=0 in 1s: cargo check -p truck-certified --profile quick --locked
23:14:56 START [cwd=C:\Users\stefa\look] cargo check --locked -p truck-certified --manifest-path C:\Users\stefa\look\loop\slots\1\wt\Cargo.toml
23:16:05 DONE exit=0 in 69s: cargo check --locked -p truck-certified --manifest-path C:\Users\stefa\look\loop\slots\1\wt\Cargo.toml
23:16:05 START [cwd=C:\Users\stefa\look\loop\slots\3\wt] cargo test --profile quick -p truck-certified --test kernel_claims --no-run --locked
23:18:59 DONE exit=101 in 173s: cargo test --profile quick -p truck-certified --test kernel_claims --no-run --locked
23:18:59 START [cwd=C:\Users\stefa\look] cargo test --locked -p truck-certified --test kernel_promote --manifest-path C:\Users\stefa\look\loop\slots\1\wt\Cargo.toml
23:20:35 DONE exit=0 in 96s: cargo test --locked -p truck-certified --test kernel_promote --manifest-path C:\Users\stefa\look\loop\slots\1\wt\Cargo.toml
23:20:35 START [cwd=C:\Users\stefa\look\loop\slots\0\wt] cargo check -p truck-certified --lib
23:21:04 DONE exit=101 in 29s: cargo check -p truck-certified --lib
23:21:04 START [cwd=C:\Users\stefa\look\loop\slots\0\wt] cargo check -p truck-certified --lib
23:21:10 DONE exit=101 in 6s: cargo check -p truck-certified --lib
23:21:10 START [cwd=C:\Users\stefa\look\loop\slots\3\wt] cargo test --profile quick -p truck-certified --test kernel_claims --no-run --locked
23:21:11 DONE exit=0 in 0s: cargo test --profile quick -p truck-certified --test kernel_claims --no-run --locked
23:21:17 START [cwd=C:\Users\stefa\look\loop\slots\3\wt] cargo test --profile quick -p truck-certified --test kernel_claims --locked
23:21:17 DONE exit=101 in 0s: cargo test --profile quick -p truck-certified --test kernel_claims --locked
23:22:14 START [cwd=C:\Users\stefa\look\loop\slots\0\wt] cargo check -p truck-certified --lib
23:22:29 DONE exit=0 in 14s: cargo check -p truck-certified --lib
23:22:37 START [cwd=C:\Users\stefa\look\loop\slots\0\wt] cargo check -p truck-certified --lib
23:22:38 DONE exit=0 in 0s: cargo check -p truck-certified --lib
23:24:19 START [cwd=C:\Users\stefa\look\loop\slots\0\wt] cargo check -p truck-certified --lib
23:24:19 DONE exit=0 in 0s: cargo check -p truck-certified --lib
23:26:41 START [cwd=C:\Users\stefa\look\loop\slots\3\wt] cargo test --profile quick -p truck-certified --test kernel_claims --locked
23:26:44 DONE exit=101 in 3s: cargo test --profile quick -p truck-certified --test kernel_claims --locked
23:27:15 START [cwd=C:\Users\stefa\look\loop\slots\3\wt] cargo test --profile quick -p truck-certified --test kernel_claims_dbg --locked -- --nocapture
23:27:16 DONE exit=101 in 0s: cargo test --profile quick -p truck-certified --test kernel_claims_dbg --locked -- --nocapture
23:27:30 START [cwd=C:\Users\stefa\look\loop\slots\3\wt] cargo test --profile quick -p truck-certified --test kernel_claims_dbg --locked -- --nocapture
23:27:31 DONE exit=101 in 0s: cargo test --profile quick -p truck-certified --test kernel_claims_dbg --locked -- --nocapture
23:27:41 START [cwd=C:\Users\stefa\look\loop\slots\3\wt] cargo test --profile quick -p truck-certified --test kernel_claims_dbg --locked -- --nocapture
23:27:42 DONE exit=0 in 1s: cargo test --profile quick -p truck-certified --test kernel_claims_dbg --locked -- --nocapture
23:28:53 START [cwd=C:\Users\stefa\look\loop\slots\3\wt] cargo test --profile quick -p truck-certified --test kernel_claims_dbg --locked -- --nocapture
23:28:54 DONE exit=0 in 0s: cargo test --profile quick -p truck-certified --test kernel_claims_dbg --locked -- --nocapture
23:29:54 START [cwd=C:\Users\stefa\look\loop\slots\3\wt] cargo test --profile quick -p truck-certified --test kernel_claims_dbg --locked -- --nocapture
23:29:55 DONE exit=0 in 0s: cargo test --profile quick -p truck-certified --test kernel_claims_dbg --locked -- --nocapture
23:31:25 START [cwd=C:\Users\stefa\look\loop\slots\3\wt] cargo test --profile quick -p truck-certified --test kernel_claims --locked
23:31:29 DONE exit=101 in 3s: cargo test --profile quick -p truck-certified --test kernel_claims --locked
23:31:31 START [cwd=C:\Users\stefa\look\loop\slots\0\wt] cargo test -p truck-certified --test kernel_canal --no-run
23:32:03 DONE exit=101 in 31s: cargo test -p truck-certified --test kernel_canal --no-run
23:32:03 START [cwd=C:\Users\stefa\look\loop\slots\3\wt] cargo test --profile quick -p truck-certified --test kernel_claims_dbg --locked -- --nocapture
23:32:04 DONE exit=0 in 0s: cargo test --profile quick -p truck-certified --test kernel_claims_dbg --locked -- --nocapture
23:32:53 START [cwd=C:\Users\stefa\look\loop\slots\0\wt] cargo test -p truck-certified --test kernel_canal --no-run
23:32:55 DONE exit=0 in 1s: cargo test -p truck-certified --test kernel_canal --no-run
23:33:03 START [cwd=C:\Users\stefa\look\loop\slots\0\wt] cargo test -p truck-certified --test kernel_canal
23:33:04 DONE exit=101 in 0s: cargo test -p truck-certified --test kernel_canal
23:33:53 START [cwd=C:\Users\stefa\look\loop\slots\0\wt] cargo test -p truck-certified --test kernel_canal ball_center
23:33:54 DONE exit=101 in 1s: cargo test -p truck-certified --test kernel_canal ball_center
23:34:03 START [cwd=C:\Users\stefa\look\loop\slots\3\wt] cargo test --profile quick -p truck-certified --test kernel_claims --locked
23:34:05 DONE exit=101 in 2s: cargo test --profile quick -p truck-certified --test kernel_claims --locked
23:34:51 START [cwd=C:\Users\stefa\look\loop\slots\3\wt] cargo test --profile quick -p truck-certified --test kernel_claims_dbg --locked -- --nocapture
23:34:52 DONE exit=0 in 0s: cargo test --profile quick -p truck-certified --test kernel_claims_dbg --locked -- --nocapture
23:36:20 START [cwd=C:\Users\stefa\look\loop\slots\3\wt] cargo test --profile quick -p truck-certified --test kernel_claims --locked
23:36:21 DONE exit=0 in 0s: cargo test --profile quick -p truck-certified --test kernel_claims --locked
23:36:25 START [cwd=C:\Users\stefa\look\loop\slots\0\wt] cargo test -p truck-certified --test kernel_canal ball_center
23:36:28 DONE exit=101 in 3s: cargo test -p truck-certified --test kernel_canal ball_center
23:36:32 START [cwd=C:\Users\stefa\look\loop\slots\3\wt] cargo fmt --all -- --check
23:36:47 DONE exit=1 in 15s: cargo fmt --all -- --check
23:36:47 START [cwd=C:\Users\stefa\look\loop\slots\0\wt] cargo test -p truck-certified --test kernel_canal ball_center -- --nocapture
23:36:47 DONE exit=101 in 0s: cargo test -p truck-certified --test kernel_canal ball_center -- --nocapture
23:36:54 START [cwd=C:\Users\stefa\look\loop\slots\0\wt] cargo test -p truck-certified --test kernel_canal ball_center -- --nocapture
23:36:54 DONE exit=101 in 0s: cargo test -p truck-certified --test kernel_canal ball_center -- --nocapture
23:36:55 START [cwd=C:\Users\stefa\look\loop\slots\3\wt] cargo fmt --all -- --check
23:36:57 DONE exit=1 in 2s: cargo fmt --all -- --check
23:37:07 START [cwd=C:\Users\stefa\look\loop\slots\3\wt] cargo fmt -p truck-certified
23:37:08 DONE exit=0 in 0s: cargo fmt -p truck-certified
23:37:16 START [cwd=C:\Users\stefa\look\loop\slots\0\wt] cargo test -p truck-certified --test kernel_canal ball_center -- --nocapture
23:37:18 DONE exit=101 in 2s: cargo test -p truck-certified --test kernel_canal ball_center -- --nocapture
23:37:18 START [cwd=C:\Users\stefa\look\loop\slots\3\wt] cargo check -p truck-certified --all-targets --profile quick --locked
23:37:41 DONE exit=0 in 22s: cargo check -p truck-certified --all-targets --profile quick --locked
23:37:48 START [cwd=C:\Users\stefa\look\loop\slots\3\wt] cargo test -p truck-certified --profile quick --locked
23:39:20 DONE exit=101 in 92s: cargo test -p truck-certified --profile quick --locked
23:39:20 START [cwd=C:\Users\stefa\look] cargo test --locked -p truck-certified --test kernel_promote --manifest-path C:\Users\stefa\look\loop\slots\1\wt\Cargo.toml
23:39:20 DONE exit=0 in 0s: cargo test --locked -p truck-certified --test kernel_promote --manifest-path C:\Users\stefa\look\loop\slots\1\wt\Cargo.toml
23:39:20 START [cwd=C:\Users\stefa\look\loop\slots\0\wt] cargo test -p truck-certified --test kernel_canal ball_center -- --nocapture
23:39:25 DONE exit=101 in 4s: cargo test -p truck-certified --test kernel_canal ball_center -- --nocapture
23:39:35 START [cwd=C:\Users\stefa\look\loop\slots\3\wt] cargo test -p truck-certified --profile quick --test kernel_claims --locked
23:39:36 DONE exit=0 in 0s: cargo test -p truck-certified --profile quick --test kernel_claims --locked
23:39:37 START [cwd=C:\Users\stefa\look] cargo check --locked -p truck-certified
23:40:04 DONE exit=0 in 27s: cargo check --locked -p truck-certified
23:40:04 START [cwd=C:\Users\stefa\look\loop\slots\0\wt] cargo test -p truck-certified --test kernel_canal ball_center -- --nocapture
23:40:06 DONE exit=0 in 1s: cargo test -p truck-certified --test kernel_canal ball_center -- --nocapture
23:40:23 START [cwd=C:\Users\stefa\look\loop\slots\3\wt] cargo fmt -p truck-certified
23:40:24 DONE exit=0 in 0s: cargo fmt -p truck-certified
23:40:31 START [cwd=C:\Users\stefa\look\loop\slots\3\wt] cargo test -p truck-certified --profile quick --test kernel_claims --locked
23:40:32 DONE exit=0 in 0s: cargo test -p truck-certified --profile quick --test kernel_claims --locked
23:40:53 START [cwd=C:\Users\stefa\look\loop\slots\0\wt] cargo test -p truck-certified --test kernel_canal
23:40:56 DONE exit=0 in 2s: cargo test -p truck-certified --test kernel_canal
23:41:13 START [cwd=C:\Users\stefa\look\loop\slots\0\wt] cargo check -p truck-certified --lib
23:41:15 DONE exit=0 in 1s: cargo check -p truck-certified --lib
23:41:20 START [cwd=C:\Users\stefa\look\loop\slots\0\wt] cargo check -p truck-certified --tests
23:41:39 DONE exit=0 in 18s: cargo check -p truck-certified --tests
23:42:12 START [cwd=C:\Users\stefa\look\loop\slots\0\wt] cargo fmt -p truck-certified
23:42:13 DONE exit=0 in 0s: cargo fmt -p truck-certified
23:42:23 START [cwd=C:\Users\stefa\look\loop\slots\0\wt] cargo fmt -p truck-certified -- --check
23:42:24 DONE exit=0 in 0s: cargo fmt -p truck-certified -- --check
23:42:33 START [cwd=C:\Users\stefa\look\loop\slots\0\wt] cargo test -p truck-certified --test kernel_canal
23:42:36 DONE exit=0 in 3s: cargo test -p truck-certified --test kernel_canal
23:43:15 START [cwd=C:\Users\stefa\look\loop\slots\0\wt] cargo test -p truck-certified --lib
23:43:35 DONE exit=0 in 19s: cargo test -p truck-certified --lib
23:43:59 START [cwd=C:\Users\stefa\look] cargo check --locked -p truck-certified --manifest-path C:\Users\stefa\look\loop\slots\3\wt\Cargo.toml
23:44:47 DONE exit=0 in 47s: cargo check --locked -p truck-certified --manifest-path C:\Users\stefa\look\loop\slots\3\wt\Cargo.toml
23:44:48 START [cwd=C:\Users\stefa\look] cargo test --locked -p truck-certified --test kernel_claims --manifest-path C:\Users\stefa\look\loop\slots\3\wt\Cargo.toml
23:46:06 DONE exit=0 in 78s: cargo test --locked -p truck-certified --test kernel_claims --manifest-path C:\Users\stefa\look\loop\slots\3\wt\Cargo.toml
23:46:06 START [cwd=C:\Users\stefa\look\loop\slots\0\wt] cargo fmt --all -- --check
23:46:24 DONE exit=1 in 17s: cargo fmt --all -- --check
23:46:24 START [cwd=C:\Users\stefa\look] cargo check --locked -p truck-certified
23:46:29 DONE exit=0 in 5s: cargo check --locked -p truck-certified
23:47:16 START [cwd=C:\Users\stefa\look\loop\slots\0\wt] cargo clippy -p truck-certified --tests
23:47:56 DONE exit=101 in 40s: cargo clippy -p truck-certified --tests
23:51:04 START [cwd=C:\Users\stefa\look\loop\slots\0\wt] cargo clippy -p truck-certified --tests
23:51:38 DONE exit=101 in 34s: cargo clippy -p truck-certified --tests
23:51:58 START [cwd=C:\Users\stefa\look\loop\slots\0\wt] cargo test -p truck-certified --test kernel_canal
23:52:03 DONE exit=0 in 5s: cargo test -p truck-certified --test kernel_canal
23:52:11 START [cwd=C:\Users\stefa\look\loop\slots\0\wt] cargo fmt -p truck-certified -- --check
23:52:12 DONE exit=0 in 0s: cargo fmt -p truck-certified -- --check
23:52:36 START [cwd=C:\Users\stefa\look\loop\slots\0\wt] cargo test -p truck-certified
23:53:10 DONE exit=101 in 33s: cargo test -p truck-certified
23:53:57 START [cwd=C:\Users\stefa\look\loop\slots\2\wt] cargo check --locked -p truck-geometry
23:54:08 DONE exit=101 in 10s: cargo check --locked -p truck-geometry
23:54:15 START [cwd=C:\Users\stefa\look\loop\slots\2\wt] cargo check --locked -p truck-geometry
23:54:18 DONE exit=101 in 3s: cargo check --locked -p truck-geometry
23:54:53 START [cwd=C:\Users\stefa\look\loop\slots\0\wt] cargo test -p truck-certified --test kernel_canal
23:54:54 DONE exit=0 in 1s: cargo test -p truck-certified --test kernel_canal
23:55:02 START [cwd=C:\Users\stefa\look\loop\slots\2\wt] cargo check --locked -p truck-geometry
23:55:06 DONE exit=0 in 3s: cargo check --locked -p truck-geometry
23:55:16 START [cwd=C:\Users\stefa\look\loop\slots\2\wt] cargo check --locked -p truck-geometry
23:55:17 DONE exit=0 in 1s: cargo check --locked -p truck-geometry
23:55:22 START [cwd=C:\Users\stefa\look\loop\slots\2\wt] cargo check --locked -p truck-geometry --tests
23:55:28 DONE exit=101 in 6s: cargo check --locked -p truck-geometry --tests
23:55:43 START [cwd=C:\Users\stefa\look\loop\slots\2\wt] cargo check --locked -p truck-geometry --tests
23:55:44 DONE exit=0 in 1s: cargo check --locked -p truck-geometry --tests
23:56:34 START [cwd=C:\Users\stefa\look\loop\slots\0\wt] cargo clippy -p truck-certified --tests
23:57:06 DONE exit=101 in 32s: cargo clippy -p truck-certified --tests
23:57:06 START [cwd=C:\Users\stefa\look\loop\slots\2\wt] cargo check --locked -p truck-modeling -p truck-shapeops -p truck-stepio
23:58:33 DONE exit=0 in 87s: cargo check --locked -p truck-modeling -p truck-shapeops -p truck-stepio
23:58:33 START [cwd=C:\Users\stefa\look\loop\slots\0\wt] cargo clippy -p truck-certified --tests
00:00:36 DONE exit=101 in 123s: cargo clippy -p truck-certified --tests
00:00:36 START [cwd=C:\Users\stefa\look\loop\slots\2\wt] cargo check --locked -p truck-modeling -p truck-shapeops -p truck-stepio
00:00:37 DONE exit=0 in 0s: cargo check --locked -p truck-modeling -p truck-shapeops -p truck-stepio
00:00:55 START [cwd=C:\Users\stefa\look\loop\slots\2\wt] cargo check --locked -p truck-geometry -p truck-modeling -p truck-shapeops -p truck-stepio --tests
00:02:43 DONE exit=0 in 108s: cargo check --locked -p truck-geometry -p truck-modeling -p truck-shapeops -p truck-stepio --tests
00:02:43 START [cwd=C:\Users\stefa\look\loop\slots\0\wt] cargo fmt -p truck-certified -- --check
00:02:51 DONE exit=0 in 7s: cargo fmt -p truck-certified -- --check
00:02:51 START [cwd=C:\Users\stefa\look\loop\slots\2\wt] cargo test --locked -p truck-geometry --test spine_frame_brep --test constructive_spine_enum
00:03:23 DONE exit=0 in 31s: cargo test --locked -p truck-geometry --test spine_frame_brep --test constructive_spine_enum
00:03:26 START [cwd=C:\Users\stefa\look\loop\slots\2\wt] cargo test --locked -p truck-modeling --test spine_sweep_conformance
00:03:44 DONE exit=0 in 18s: cargo test --locked -p truck-modeling --test spine_sweep_conformance
00:03:44 START [cwd=C:\Users\stefa\look\loop\slots\0\wt] cargo test -p truck-certified --test zz_fd_probe -- --nocapture
00:04:02 DONE exit=0 in 18s: cargo test -p truck-certified --test zz_fd_probe -- --nocapture
00:04:50 START [cwd=C:\Users\stefa\look\loop\slots\0\wt] cargo fmt -p truck-certified
00:04:51 DONE exit=0 in 0s: cargo fmt -p truck-certified
00:04:51 START [cwd=C:\Users\stefa\look\loop\slots\0\wt] cargo test -p truck-certified --test kernel_canal
00:04:52 DONE exit=0 in 0s: cargo test -p truck-certified --test kernel_canal
00:05:53 START [cwd=C:\Users\stefa\look\loop\slots\0\wt] cargo check -p truck-certified --all-targets --locked
00:05:58 DONE exit=0 in 5s: cargo check -p truck-certified --all-targets --locked
00:06:52 START [cwd=C:\Users\stefa\look\loop\slots\2\wt] cargo check --locked -p truck-modeling --lib --tests
00:06:59 DONE exit=101 in 6s: cargo check --locked -p truck-modeling --lib --tests
00:07:08 START [cwd=C:\Users\stefa\look\loop\slots\2\wt] cargo check --locked -p truck-modeling --lib --tests
00:07:09 DONE exit=101 in 1s: cargo check --locked -p truck-modeling --lib --tests
00:07:13 START [cwd=C:\Users\stefa\look\loop\slots\2\wt] cargo check --locked -p truck-modeling --lib --tests
00:07:14 DONE exit=101 in 1s: cargo check --locked -p truck-modeling --lib --tests
00:07:17 START [cwd=C:\Users\stefa\look\loop\slots\0\wt] cargo test -p truck-certified --test zz_delta_probe -- --nocapture
00:07:19 DONE exit=0 in 2s: cargo test -p truck-certified --test zz_delta_probe -- --nocapture
00:07:19 START [cwd=C:\Users\stefa\look\loop\slots\2\wt] cargo check --locked -p truck-modeling --lib --tests
00:07:21 DONE exit=101 in 1s: cargo check --locked -p truck-modeling --lib --tests
00:07:52 START [cwd=C:\Users\stefa\look\loop\slots\2\wt] cargo check --locked -p truck-modeling --lib --tests
00:07:53 DONE exit=101 in 1s: cargo check --locked -p truck-modeling --lib --tests
00:07:57 START [cwd=C:\Users\stefa\look\loop\slots\0\wt] cargo fmt -p truck-certified -- --check
00:07:58 DONE exit=0 in 0s: cargo fmt -p truck-certified -- --check
00:07:58 START [cwd=C:\Users\stefa\look\loop\slots\0\wt] cargo test -p truck-certified --test kernel_canal
00:07:59 DONE exit=0 in 0s: cargo test -p truck-certified --test kernel_canal
00:08:01 START [cwd=C:\Users\stefa\look\loop\slots\2\wt] cargo check --locked -p truck-modeling --lib --tests
00:08:02 DONE exit=0 in 1s: cargo check --locked -p truck-modeling --lib --tests
00:08:06 START [cwd=C:\Users\stefa\look\loop\slots\2\wt] cargo test --locked -p truck-modeling --lib
00:08:11 DONE exit=0 in 5s: cargo test --locked -p truck-modeling --lib
00:08:53 START [cwd=C:\Users\stefa\look\loop\slots\2\wt] cargo test --locked -p truck-geometry --test constructive_sweep_surface
00:08:54 DONE exit=101 in 0s: cargo test --locked -p truck-geometry --test constructive_sweep_surface
00:08:58 START [cwd=C:\Users\stefa\look\loop\slots\2\wt] cargo test --locked -p truck-geometry --test constructive_sweep_surface
00:08:58 DONE exit=101 in 0s: cargo test --locked -p truck-geometry --test constructive_sweep_surface
00:09:11 START [cwd=C:\Users\stefa\look\loop\slots\2\wt] cargo test --locked -p truck-geometry --test constructive_sweep_surface
00:09:12 DONE exit=0 in 1s: cargo test --locked -p truck-geometry --test constructive_sweep_surface
00:09:17 START [cwd=C:\Users\stefa\look\loop\slots\2\wt] cargo fmt --all
00:09:20 DONE exit=0 in 2s: cargo fmt --all
00:09:25 START [cwd=C:\Users\stefa\look\loop\slots\0\wt] cargo check -p truck-certified --tests
00:09:29 DONE exit=0 in 3s: cargo check -p truck-certified --tests
00:09:29 START [cwd=C:\Users\stefa\look\loop\slots\2\wt] cargo fmt --check -p truck-geometry -p truck-modeling -p truck-shapeops -p truck-stepio
00:09:30 DONE exit=0 in 1s: cargo fmt --check -p truck-geometry -p truck-modeling -p truck-shapeops -p truck-stepio
00:09:36 START [cwd=C:\Users\stefa\look\loop\slots\2\wt] cargo test --locked -p truck-geometry --lib --tests
00:10:34 DONE exit=0 in 57s: cargo test --locked -p truck-geometry --lib --tests
00:10:38 START [cwd=C:\Users\stefa\look\loop\slots\2\wt] cargo test --locked -p truck-modeling --lib --tests
00:10:51 DONE exit=0 in 13s: cargo test --locked -p truck-modeling --lib --tests
00:10:55 START [cwd=C:\Users\stefa\look\loop\slots\2\wt] cargo test --locked -p truck-shapeops --lib --tests
00:14:33 DONE exit=101 in 217s: cargo test --locked -p truck-shapeops --lib --tests
00:14:33 START [cwd=C:\Users\stefa\look\loop\slots\0\wt] cargo fmt -p truck-certified -- --check
00:14:34 DONE exit=0 in 0s: cargo fmt -p truck-certified -- --check
00:14:34 START [cwd=C:\Users\stefa\look\loop\slots\0\wt] cargo check -p truck-certified --tests --locked
00:14:35 DONE exit=0 in 0s: cargo check -p truck-certified --tests --locked
00:14:50 START [cwd=C:\Users\stefa\look\loop\slots\2\wt] cargo test --locked -p truck-stepio --lib --tests
00:18:18 DONE exit=101 in 207s: cargo test --locked -p truck-stepio --lib --tests
00:18:18 START [cwd=C:\Users\stefa\look\loop\slots\0\wt] cargo test -p truck-certified --test kernel_canal
00:18:18 DONE exit=0 in 0s: cargo test -p truck-certified --test kernel_canal
00:18:19 START [cwd=C:\Users\stefa\look\loop\slots\0\wt] cargo test -p truck-certified --lib
00:18:24 DONE exit=0 in 5s: cargo test -p truck-certified --lib
00:19:16 START [cwd=C:\Users\stefa\AppData\Local\Temp\opencode\wt-base] cargo test --locked -p truck-stepio --lib geom_impls::builder
00:24:39 DONE exit=101 in 323s: cargo test --locked -p truck-stepio --lib geom_impls::builder
00:25:15 START [cwd=C:\Users\stefa\look\loop\slots\2\wt] cargo clippy --locked -p truck-geometry --all-targets --no-deps --message-format=short
00:25:26 DONE exit=0 in 10s: cargo clippy --locked -p truck-geometry --all-targets --no-deps --message-format=short
00:26:43 START [cwd=C:\Users\stefa\look\loop\slots\2\wt] cargo fmt -p truck-geometry
00:26:44 DONE exit=0 in 0s: cargo fmt -p truck-geometry
00:26:44 START [cwd=C:\Users\stefa\look\loop\slots\2\wt] cargo clippy --locked -p truck-geometry --all-targets --no-deps --message-format=short
00:26:45 DONE exit=0 in 0s: cargo clippy --locked -p truck-geometry --all-targets --no-deps --message-format=short
00:26:54 START [cwd=C:\Users\stefa\look\loop\slots\2\wt] cargo clippy --locked -p truck-modeling --all-targets --no-deps --message-format=short
00:27:02 DONE exit=0 in 8s: cargo clippy --locked -p truck-modeling --all-targets --no-deps --message-format=short
00:27:11 START [cwd=C:\Users\stefa\look\loop\slots\2\wt] cargo clippy --locked -p truck-stepio --all-targets --no-deps --message-format=short
00:27:33 DONE exit=101 in 21s: cargo clippy --locked -p truck-stepio --all-targets --no-deps --message-format=short
00:27:38 START [cwd=C:\Users\stefa\look\loop\slots\2\wt] cargo test --locked -p truck-geometry --test constructive_sweep_surface
00:27:44 DONE exit=0 in 6s: cargo test --locked -p truck-geometry --test constructive_sweep_surface
00:28:11 START [cwd=C:\Users\stefa\look\loop\slots\2\wt] cargo test --locked -p truck-topology -p truck-evidence --lib --tests --no-fail-fast
00:36:19 DONE exit=0 in 487s: cargo test --locked -p truck-topology -p truck-evidence --lib --tests --no-fail-fast
00:36:28 START [cwd=C:\Users\stefa\look\loop\slots\2\wt] cargo check --locked -p truck-certified -p truck-meshalgo --all-targets
00:36:45 DONE exit=0 in 16s: cargo check --locked -p truck-certified -p truck-meshalgo --all-targets
00:37:01 START [cwd=C:\Users\stefa\look\loop\slots\2\wt] cargo fmt --check -p truck-geometry -p truck-modeling -p truck-shapeops -p truck-stepio
00:37:02 DONE exit=0 in 0s: cargo fmt --check -p truck-geometry -p truck-modeling -p truck-shapeops -p truck-stepio
00:37:05 START [cwd=C:\Users\stefa\look\loop\slots\2\wt] cargo fmt --check -p truck-geometry -p truck-modeling -p truck-shapeops -p truck-stepio
00:37:06 DONE exit=0 in 1s: cargo fmt --check -p truck-geometry -p truck-modeling -p truck-shapeops -p truck-stepio
00:37:54 START [cwd=C:\Users\stefa\look\loop\slots\2\wt] cargo check --locked -p look --all-targets
00:40:29 DONE exit=0 in 154s: cargo check --locked -p look --all-targets
00:40:39 START [cwd=C:\Users\stefa\look\loop\slots\2\wt] cargo test --locked -p truck-stepio --tests --no-fail-fast
00:41:06 DONE exit=101 in 26s: cargo test --locked -p truck-stepio --tests --no-fail-fast
00:41:19 START [cwd=C:\Users\stefa\look\loop\slots\2\wt] cargo test --locked -p truck-shapeops --tests --no-fail-fast
00:42:00 DONE exit=101 in 41s: cargo test --locked -p truck-shapeops --tests --no-fail-fast
00:42:13 START [cwd=C:\Users\stefa\look\loop\slots\2\wt] cargo test --locked -p truck-shapeops --lib --tests healing::tests::step_import
00:42:14 DONE exit=101 in 0s: cargo test --locked -p truck-shapeops --lib --tests healing::tests::step_import
00:42:19 START [cwd=C:\Users\stefa\look\loop\slots\2\wt] cargo test --locked -p truck-shapeops --test fillet complex_surface
00:42:20 DONE exit=101 in 1s: cargo test --locked -p truck-shapeops --test fillet complex_surface
00:42:31 START [cwd=C:\Users\stefa\look\loop\slots\2\wt] cargo check --locked --all-targets
00:42:31 DONE exit=0 in 0s: cargo check --locked --all-targets
07:56:04 START [cwd=C:\Users\stefa\look] cargo test --locked -p truck-geometry --test constructive_spine_enum --manifest-path C:\Users\stefa\look\loop\slots\2\wt\Cargo.toml
07:56:44 DONE exit=0 in 40s: cargo test --locked -p truck-geometry --test constructive_spine_enum --manifest-path C:\Users\stefa\look\loop\slots\2\wt\Cargo.toml
07:57:28 START [cwd=C:\Users\stefa\look] cargo check --locked -p truck-certified -p truck-geometry -p truck-modeling
07:58:10 DONE exit=0 in 41s: cargo check --locked -p truck-certified -p truck-geometry -p truck-modeling
08:26:18 START [cwd=C:\Users\stefa\look] cargo clippy --locked -p truck-certified --all-targets --no-deps
08:26:43 DONE exit=101 in 25s: cargo clippy --locked -p truck-certified --all-targets --no-deps
08:27:07 START [cwd=C:\Users\stefa\look] cargo clippy --locked -p truck-certified --all-targets --no-deps
08:27:07 DONE exit=101 in 0s: cargo clippy --locked -p truck-certified --all-targets --no-deps
08:28:00 START [cwd=C:\Users\stefa\look] cargo clippy --locked -p truck-certified --all-targets --no-deps
08:28:42 DONE exit=101 in 42s: cargo clippy --locked -p truck-certified --all-targets --no-deps
08:28:43 START [cwd=C:\Users\stefa\look] cargo test --locked -p truck-certified --test kernel_claims --test kernel_engine --test kernel_tier2
08:30:05 DONE exit=0 in 82s: cargo test --locked -p truck-certified --test kernel_claims --test kernel_engine --test kernel_tier2
09:22:54 START [cwd=C:\Users\stefa\look] cargo test --locked -p look --test geometry_fingerprint
09:25:46 DONE exit=101 in 171s: cargo test --locked -p look --test geometry_fingerprint
09:26:06 START [cwd=C:\Users\stefa\look] cargo test --locked -p look --test geometry_fingerprint bracket_tessellates -- --nocapture
09:26:07 DONE exit=101 in 1s: cargo test --locked -p look --test geometry_fingerprint bracket_tessellates -- --nocapture
09:27:09 START [cwd=C:\Users\stefa\look] cargo test --locked -p look --test geometry_fingerprint bracket_tessellates --manifest-path C:\Users\stefa\look\tmp_base_check\Cargo.toml
09:33:00 DONE exit=101 in 350s: cargo test --locked -p look --test geometry_fingerprint bracket_tessellates --manifest-path C:\Users\stefa\look\tmp_base_check\Cargo.toml
10:33:36 START [cwd=C:\Users\stefa\look\loop\slots\0\wt] cargo check -p truck-certified
10:34:15 DONE exit=101 in 39s: cargo check -p truck-certified
10:34:23 START [cwd=C:\Users\stefa\look\loop\slots\0\wt] cargo check -p truck-certified
10:34:33 DONE exit=0 in 9s: cargo check -p truck-certified
10:34:37 START [cwd=C:\Users\stefa\look\loop\slots\0\wt] cargo test -p truck-certified --test construct_contract
10:35:51 DONE exit=101 in 73s: cargo test -p truck-certified --test construct_contract
10:36:07 START [cwd=C:\Users\stefa\look\loop\slots\0\wt] cargo test -p truck-certified --test construct_contract
10:36:09 DONE exit=101 in 1s: cargo test -p truck-certified --test construct_contract
10:36:24 START [cwd=C:\Users\stefa\look\loop\slots\0\wt] cargo test -p truck-certified --test construct_contract
10:36:26 DONE exit=0 in 1s: cargo test -p truck-certified --test construct_contract
10:36:59 START [cwd=C:\Users\stefa\look\loop\slots\0\wt] cargo check -p truck-certified
10:37:01 DONE exit=0 in 1s: cargo check -p truck-certified
10:37:06 START [cwd=C:\Users\stefa\look\loop\slots\0\wt] cargo test -p truck-certified --test construct_contract
10:37:09 DONE exit=0 in 2s: cargo test -p truck-certified --test construct_contract
10:38:11 START [cwd=C:\Users\stefa\look\loop\slots\0\wt] cargo check -p truck-certified
10:38:12 DONE exit=0 in 1s: cargo check -p truck-certified
10:38:13 START [cwd=C:\Users\stefa\look\loop\slots\0\wt] cargo test -p truck-certified --test construct_contract
10:38:15 DONE exit=0 in 2s: cargo test -p truck-certified --test construct_contract
10:42:48 START [cwd=C:\Users\stefa\look\loop\slots\0\wt] cargo check -p truck-certified
10:42:48 DONE exit=0 in 0s: cargo check -p truck-certified
10:42:57 START [cwd=C:\Users\stefa\look\loop\slots\0\wt] cargo test -p truck-certified --test construct_contract
10:42:57 DONE exit=0 in 0s: cargo test -p truck-certified --test construct_contract
10:44:52 START [cwd=C:\Users\stefa\look\loop\slots\1\wt\vendor\truck] cargo check -p truck-base --locked
10:45:23 DONE exit=0 in 31s: cargo check -p truck-base --locked
10:45:27 START [cwd=C:\Users\stefa\look\loop\slots\1\wt\vendor\truck] cargo check -p truck-evidence --locked
10:45:52 DONE exit=0 in 24s: cargo check -p truck-evidence --locked
10:45:57 START [cwd=C:\Users\stefa\look\loop\slots\1\wt\vendor\truck] cargo test -p truck-base --test bvh_distance --locked
10:46:40 DONE exit=0 in 42s: cargo test -p truck-base --test bvh_distance --locked
10:46:44 START [cwd=C:\Users\stefa\look\loop\slots\1\wt\vendor\truck] cargo test -p truck-evidence --test clear --locked
10:47:35 DONE exit=0 in 51s: cargo test -p truck-evidence --test clear --locked
10:47:40 START [cwd=C:\Users\stefa\look\loop\slots\1\wt\vendor\truck] cargo fmt --all -- --check
10:48:08 DONE exit=1 in 28s: cargo fmt --all -- --check
10:48:22 START [cwd=C:\Users\stefa\look\loop\slots\1\wt\vendor\truck] cargo fmt -- truck-base/src/bvh.rs truck-base/tests/bvh_distance.rs truck-evidence/src/clear.rs truck-evidence/tests/clear.rs
10:48:22 DONE exit=1 in 0s: cargo fmt -- truck-base/src/bvh.rs truck-base/tests/bvh_distance.rs truck-evidence/src/clear.rs truck-evidence/tests/clear.rs
10:48:57 START [cwd=C:\Users\stefa\look\loop\slots\1\wt\vendor\truck] cargo test -p truck-base --test bvh_distance --locked
10:48:59 DONE exit=0 in 2s: cargo test -p truck-base --test bvh_distance --locked
10:49:00 START [cwd=C:\Users\stefa\look\loop\slots\1\wt\vendor\truck] cargo test -p truck-evidence --test clear --locked
10:49:03 DONE exit=0 in 3s: cargo test -p truck-evidence --test clear --locked
10:49:27 START [cwd=C:\Users\stefa\look\loop\slots\1\wt\vendor\truck] cargo check -p truck-base --locked
10:49:27 DONE exit=0 in 0s: cargo check -p truck-base --locked
10:49:28 START [cwd=C:\Users\stefa\look\loop\slots\1\wt\vendor\truck] cargo check -p truck-evidence --locked
10:49:30 DONE exit=0 in 2s: cargo check -p truck-evidence --locked
10:50:39 START [cwd=C:\Users\stefa\look\loop\slots\1\wt\vendor\truck] cargo test -p truck-base --test bvh_distance --locked
10:50:40 DONE exit=0 in 1s: cargo test -p truck-base --test bvh_distance --locked
10:50:41 START [cwd=C:\Users\stefa\look\loop\slots\1\wt\vendor\truck] cargo test -p truck-evidence --test clear --locked
10:50:41 DONE exit=0 in 0s: cargo test -p truck-evidence --test clear --locked
11:15:43 START [cwd=C:\Users\stefa\look\loop\slots\1\wt] cargo test -p truck-base --test bvh_distance
11:15:45 DONE exit=0 in 1s: cargo test -p truck-base --test bvh_distance
11:15:45 START [cwd=C:\Users\stefa\look\loop\slots\1\wt] cargo test -p truck-evidence --test clear
11:15:46 DONE exit=0 in 0s: cargo test -p truck-evidence --test clear
11:16:00 START [cwd=C:\Users\stefa\look\loop\slots\1\wt] cargo test -p truck-base --test bvh_distance
11:16:00 DONE exit=0 in 0s: cargo test -p truck-base --test bvh_distance
11:16:00 START [cwd=C:\Users\stefa\look\loop\slots\1\wt] cargo test -p truck-evidence --test clear
11:16:01 DONE exit=0 in 0s: cargo test -p truck-evidence --test clear
11:24:03 START [cwd=C:\Users\stefa\look\loop\slots\0\wt] cargo check -p truck-certified
11:24:10 DONE exit=0 in 7s: cargo check -p truck-certified
11:24:15 START [cwd=C:\Users\stefa\look\loop\slots\0\wt] cargo test -p truck-certified --test construct_banded
11:24:39 DONE exit=101 in 23s: cargo test -p truck-certified --test construct_banded
11:24:46 START [cwd=C:\Users\stefa\look\loop\slots\0\wt] cargo test -p truck-certified --test construct_banded
11:24:47 DONE exit=101 in 1s: cargo test -p truck-certified --test construct_banded
11:25:18 START [cwd=C:\Users\stefa\look\loop\slots\0\wt] cargo test -p truck-certified --test construct_banded
11:25:19 DONE exit=101 in 1s: cargo test -p truck-certified --test construct_banded
11:26:31 START [cwd=C:\Users\stefa\look\loop\slots\0\wt] cargo test -p truck-certified --test construct_banded
11:26:32 DONE exit=0 in 1s: cargo test -p truck-certified --test construct_banded
11:26:39 START [cwd=C:\Users\stefa\look\loop\slots\0\wt] cargo check -p truck-certified --tests
11:27:06 DONE exit=0 in 26s: cargo check -p truck-certified --tests
11:27:29 START [cwd=C:\Users\stefa\look\loop\slots\0\wt] cargo fmt -p truck-certified -- --check
11:27:30 DONE exit=1 in 1s: cargo fmt -p truck-certified -- --check
11:27:47 START [cwd=C:\Users\stefa\look\loop\slots\0\wt] cargo test -p truck-certified --test construct_banded
11:27:48 DONE exit=0 in 1s: cargo test -p truck-certified --test construct_banded
11:28:50 START [cwd=C:\Users\stefa\look\loop\slots\2\wt] cargo check -p truck-certified --locked
11:29:26 DONE exit=0 in 36s: cargo check -p truck-certified --locked
11:29:26 START [cwd=C:\Users\stefa\look\loop\slots\0\wt] cargo check -p truck-certified
11:29:26 DONE exit=0 in 0s: cargo check -p truck-certified
11:29:27 START [cwd=C:\Users\stefa\look\loop\slots\0\wt] cargo test -p truck-certified --test construct_banded
11:29:28 DONE exit=0 in 0s: cargo test -p truck-certified --test construct_banded
11:29:29 START [cwd=C:\Users\stefa\look\loop\slots\2\wt] cargo test -p truck-certified --test construct_argmin --locked
11:30:43 DONE exit=0 in 74s: cargo test -p truck-certified --test construct_argmin --locked
11:30:46 START [cwd=C:\Users\stefa\look\loop\slots\2\wt] cargo test -p truck-certified --test construct_argmin --locked
11:30:46 DONE exit=0 in 0s: cargo test -p truck-certified --test construct_argmin --locked
11:30:50 START [cwd=C:\Users\stefa\look\loop\slots\2\wt] cargo fmt -p truck-certified -- --check
11:30:51 DONE exit=1 in 0s: cargo fmt -p truck-certified -- --check
11:30:54 START [cwd=C:\Users\stefa\look\loop\slots\2\wt] cargo fmt -p truck-certified -- --check
11:30:55 DONE exit=1 in 0s: cargo fmt -p truck-certified -- --check
11:30:59 START [cwd=C:\Users\stefa\look\loop\slots\2\wt] cargo fmt -p truck-certified -- --check
11:31:00 DONE exit=1 in 0s: cargo fmt -p truck-certified -- --check
11:31:09 START [cwd=C:\Users\stefa\look\loop\slots\2\wt] cargo fmt -p truck-certified -- --check
11:31:10 DONE exit=1 in 0s: cargo fmt -p truck-certified -- --check
11:31:12 START [cwd=C:\Users\stefa\look\loop\slots\2\wt] cargo test -p truck-certified --test construct_argmin --locked
11:31:13 DONE exit=0 in 0s: cargo test -p truck-certified --test construct_argmin --locked
11:48:40 START [cwd=C:\Users\stefa\look\loop\slots\0\wt] cargo test -p truck-certified --test construct_banded
11:48:41 DONE exit=0 in 0s: cargo test -p truck-certified --test construct_banded
11:48:41 START [cwd=C:\Users\stefa\look\loop\slots\2\wt] cargo test -p truck-certified --test construct_argmin
11:48:41 DONE exit=0 in 0s: cargo test -p truck-certified --test construct_argmin
11:49:49 START [cwd=C:\Users\stefa\look] cargo check -p truck-certified
11:50:43 DONE exit=0 in 54s: cargo check -p truck-certified
12:09:42 START [cwd=C:\Users\stefa\look\loop\slots\2\wt] cargo check -p truck-certified --locked
12:10:08 DONE exit=0 in 26s: cargo check -p truck-certified --locked
12:10:12 START [cwd=C:\Users\stefa\look\loop\slots\2\wt] cargo test -p truck-certified --test construct_loft --locked
12:10:32 DONE exit=101 in 20s: cargo test -p truck-certified --test construct_loft --locked
12:10:51 START [cwd=C:\Users\stefa\look\loop\slots\2\wt] cargo test -p truck-certified --test dbg_loft --locked -- --nocapture
12:10:52 DONE exit=0 in 0s: cargo test -p truck-certified --test dbg_loft --locked -- --nocapture
12:11:21 START [cwd=C:\Users\stefa\look\loop\slots\2\wt] cargo test -p truck-certified --test construct_loft --locked
12:11:22 DONE exit=0 in 1s: cargo test -p truck-certified --test construct_loft --locked
12:11:27 START [cwd=C:\Users\stefa\look\loop\slots\2\wt] cargo fmt -p truck-certified -- --check
12:11:29 DONE exit=1 in 1s: cargo fmt -p truck-certified -- --check
12:11:54 START [cwd=C:\Users\stefa\look\loop\slots\2\wt] cargo fmt -p truck-certified -- --check
12:11:55 DONE exit=1 in 0s: cargo fmt -p truck-certified -- --check
12:11:59 START [cwd=C:\Users\stefa\look\loop\slots\2\wt] cargo check -p truck-certified --locked
12:11:59 DONE exit=0 in 0s: cargo check -p truck-certified --locked
12:12:03 START [cwd=C:\Users\stefa\look\loop\slots\2\wt] cargo test -p truck-certified --test construct_loft --locked
12:12:03 DONE exit=0 in 0s: cargo test -p truck-certified --test construct_loft --locked
12:35:59 START [cwd=C:\Users\stefa\look\loop\slots\2\wt] cargo test -p truck-certified --test construct_loft
12:36:00 DONE exit=0 in 0s: cargo test -p truck-certified --test construct_loft
12:36:28 START [cwd=C:\Users\stefa\look] cargo test -p truck-certified --test construct_loft
12:37:47 DONE exit=0 in 79s: cargo test -p truck-certified --test construct_loft
13:56:50 START [cwd=C:\Users\stefa\look\loop\slots\0\wt] cargo check -p truck-certified --locked
13:57:03 DONE exit=0 in 13s: cargo check -p truck-certified --locked
13:57:03 START [cwd=C:\Users\stefa\look\loop\slots\1\wt] cargo check -p truck-certified
13:57:22 DONE exit=0 in 18s: cargo check -p truck-certified
13:57:22 START [cwd=C:\Users\stefa\look\loop\slots\0\wt] cargo test -p truck-certified --test construct_gordon --locked -- --nocapture
13:57:43 DONE exit=101 in 21s: cargo test -p truck-certified --test construct_gordon --locked -- --nocapture
13:57:43 START [cwd=C:\Users\stefa\look\loop\slots\1\wt] cargo test -p truck-certified --test construct_injectivity
13:58:14 DONE exit=101 in 30s: cargo test -p truck-certified --test construct_injectivity
13:58:14 START [cwd=C:\Users\stefa\look\loop\slots\0\wt] cargo test -p truck-certified --test construct_gordon --locked -- --nocapture
13:58:15 DONE exit=0 in 1s: cargo test -p truck-certified --test construct_gordon --locked -- --nocapture
13:58:37 START [cwd=C:\Users\stefa\look\loop\slots\0\wt] cargo check -p truck-certified --locked
13:58:39 DONE exit=0 in 1s: cargo check -p truck-certified --locked
13:58:39 START [cwd=C:\Users\stefa\look\loop\slots\0\wt] cargo test -p truck-certified --test construct_gordon --locked
13:58:42 DONE exit=0 in 3s: cargo test -p truck-certified --test construct_gordon --locked
13:59:33 START [cwd=C:\Users\stefa\look\loop\slots\1\wt] cargo test -p truck-certified --test construct_injectivity
13:59:36 DONE exit=0 in 3s: cargo test -p truck-certified --test construct_injectivity
13:59:48 START [cwd=C:\Users\stefa\look\loop\slots\1\wt] cargo test -p truck-certified --test zz_injectivity_scratch -- --nocapture
13:59:49 DONE exit=0 in 0s: cargo test -p truck-certified --test zz_injectivity_scratch -- --nocapture
14:00:12 START [cwd=C:\Users\stefa\look\loop\slots\1\wt] cargo check -p truck-certified --locked
14:00:14 DONE exit=0 in 1s: cargo check -p truck-certified --locked
14:00:15 START [cwd=C:\Users\stefa\look\loop\slots\1\wt] cargo test -p truck-certified --test construct_injectivity --locked
14:00:19 DONE exit=0 in 4s: cargo test -p truck-certified --test construct_injectivity --locked
14:00:23 START [cwd=C:\Users\stefa\look\loop\slots\1\wt] cargo clippy -p truck-certified --all-targets --no-deps --message-format=short
14:00:48 DONE exit=101 in 24s: cargo clippy -p truck-certified --all-targets --no-deps --message-format=short
14:12:12 START [cwd=C:\Users\stefa\look\loop\slots\0\wt] cargo test -p truck-certified --test construct_gordon
14:12:12 DONE exit=0 in 0s: cargo test -p truck-certified --test construct_gordon
14:15:54 START [cwd=C:\Users\stefa\look\loop\slots\1\wt] cargo clippy -p truck-certified --all-targets --no-deps --message-format=short
14:16:19 DONE exit=101 in 25s: cargo clippy -p truck-certified --all-targets --no-deps --message-format=short
14:16:25 START [cwd=C:\Users\stefa\look\loop\slots\1\wt] cargo clippy -p truck-certified --all-targets --no-deps --message-format=short
14:16:44 DONE exit=101 in 19s: cargo clippy -p truck-certified --all-targets --no-deps --message-format=short
14:16:53 START [cwd=C:\Users\stefa\look\loop\slots\1\wt] cargo test -p truck-certified --lib --tests --no-fail-fast
14:17:58 DONE exit=101 in 65s: cargo test -p truck-certified --lib --tests --no-fail-fast
14:18:06 START [cwd=C:\Users\stefa\look\loop\slots\1\wt] cargo test -p truck-certified --test kernel_tracer dtau_grows_on_success_and_halves_on_failure escalation_routes_isolated_r2_to_the_contact_future high_order_singularity_refuses
14:18:06 DONE exit=1 in 0s: cargo test -p truck-certified --test kernel_tracer dtau_grows_on_success_and_halves_on_failure escalation_routes_isolated_r2_to_the_contact_future high_order_singularity_refuses
14:18:11 START [cwd=C:\Users\stefa\look\loop\slots\1\wt] cargo test -p truck-certified --test kernel_tracer -- dtau_grows_on_success_and_halves_on_failure
14:18:11 DONE exit=101 in 0s: cargo test -p truck-certified --test kernel_tracer -- dtau_grows_on_success_and_halves_on_failure
14:18:12 START [cwd=C:\Users\stefa\look\loop\slots\1\wt] cargo test -p truck-certified --test kernel_tracer -- high_order_singularity_refuses
14:18:12 DONE exit=101 in 0s: cargo test -p truck-certified --test kernel_tracer -- high_order_singularity_refuses
14:18:31 START [cwd=C:\Users\stefa\look\loop\slots\1\wt] cargo test -p truck-certified --test kernel_tracer -- dtau_grows
14:18:31 DONE exit=101 in 0s: cargo test -p truck-certified --test kernel_tracer -- dtau_grows
14:18:32 START [cwd=C:\Users\stefa\look\loop\slots\1\wt] cargo test -p truck-certified --test kernel_tracer -- dtau_grows
14:18:32 DONE exit=101 in 0s: cargo test -p truck-certified --test kernel_tracer -- dtau_grows
14:18:33 START [cwd=C:\Users\stefa\look\loop\slots\1\wt] cargo test -p truck-certified --test kernel_tracer -- dtau_grows
14:18:33 DONE exit=101 in 0s: cargo test -p truck-certified --test kernel_tracer -- dtau_grows
14:18:34 START [cwd=C:\Users\stefa\look\loop\slots\1\wt] cargo test -p truck-certified --test kernel_tracer -- escalation_routes_isolated
14:18:34 DONE exit=101 in 0s: cargo test -p truck-certified --test kernel_tracer -- escalation_routes_isolated
14:18:35 START [cwd=C:\Users\stefa\look\loop\slots\1\wt] cargo test -p truck-certified --test kernel_tracer -- escalation_routes_isolated
14:18:35 DONE exit=101 in 0s: cargo test -p truck-certified --test kernel_tracer -- escalation_routes_isolated
14:18:35 START [cwd=C:\Users\stefa\look\loop\slots\1\wt] cargo test -p truck-certified --test kernel_tracer -- escalation_routes_isolated
14:18:36 DONE exit=101 in 0s: cargo test -p truck-certified --test kernel_tracer -- escalation_routes_isolated
14:18:36 START [cwd=C:\Users\stefa\look\loop\slots\1\wt] cargo test -p truck-certified --test kernel_tracer -- high_order_singularity
14:18:37 DONE exit=101 in 0s: cargo test -p truck-certified --test kernel_tracer -- high_order_singularity
14:18:37 START [cwd=C:\Users\stefa\look\loop\slots\1\wt] cargo test -p truck-certified --test kernel_tracer -- high_order_singularity
14:18:38 DONE exit=101 in 0s: cargo test -p truck-certified --test kernel_tracer -- high_order_singularity
14:18:38 START [cwd=C:\Users\stefa\look\loop\slots\1\wt] cargo test -p truck-certified --test kernel_tracer -- high_order_singularity
14:18:39 DONE exit=101 in 0s: cargo test -p truck-certified --test kernel_tracer -- high_order_singularity
14:18:49 START [cwd=C:\Users\stefa\AppData\Local\Temp\opencode\cc002-base] cargo test -p truck-certified --test kernel_tracer -- dtau_grows
14:20:14 DONE exit=101 in 85s: cargo test -p truck-certified --test kernel_tracer -- dtau_grows
14:20:15 START [cwd=C:\Users\stefa\AppData\Local\Temp\opencode\cc002-base] cargo test -p truck-certified --test kernel_tracer -- escalation_routes_isolated
14:20:15 DONE exit=101 in 0s: cargo test -p truck-certified --test kernel_tracer -- escalation_routes_isolated
14:20:16 START [cwd=C:\Users\stefa\AppData\Local\Temp\opencode\cc002-base] cargo test -p truck-certified --test kernel_tracer -- high_order_singularity
14:20:16 DONE exit=101 in 0s: cargo test -p truck-certified --test kernel_tracer -- high_order_singularity
14:20:29 START [cwd=C:\Users\stefa\look\loop\slots\1\wt] cargo test -p truck-certified --test construct_injectivity
14:20:30 DONE exit=0 in 0s: cargo test -p truck-certified --test construct_injectivity
14:21:12 START [cwd=C:\Users\stefa\look\loop\slots\1\wt] cargo fmt --check -p truck-certified
14:21:13 DONE exit=1 in 1s: cargo fmt --check -p truck-certified
14:23:24 START [cwd=C:\Users\stefa\look\loop\slots\1\wt] cargo test -p truck-certified --test construct_injectivity
14:23:25 DONE exit=0 in 0s: cargo test -p truck-certified --test construct_injectivity
14:46:57 START [cwd=C:\Users\stefa\look\loop\slots\1\wt] cargo check -p truck-certified --locked
14:46:59 DONE exit=0 in 2s: cargo check -p truck-certified --locked
14:47:02 START [cwd=C:\Users\stefa\look\loop\slots\1\wt] cargo test -p truck-certified --test construct_canal --locked
14:47:16 DONE exit=0 in 13s: cargo test -p truck-certified --test construct_canal --locked
14:47:25 START [cwd=C:\Users\stefa\look\loop\slots\1\wt] cargo fmt -p truck-certified -- --check
14:47:26 DONE exit=1 in 0s: cargo fmt -p truck-certified -- --check
14:47:30 START [cwd=C:\Users\stefa\look\loop\slots\1\wt] cargo clippy -p truck-certified --all-targets --no-deps --message-format=short
14:48:08 DONE exit=101 in 37s: cargo clippy -p truck-certified --all-targets --no-deps --message-format=short
19:32:18 START [cwd=C:\Users\stefa\look\loop\slots\1\wt] cargo check -p truck-certified
19:32:43 DONE exit=0 in 25s: cargo check -p truck-certified
19:32:48 START [cwd=C:\Users\stefa\look\loop\slots\1\wt] cargo check -p truck-certified
19:32:49 DONE exit=0 in 1s: cargo check -p truck-certified
19:33:44 START [cwd=C:\Users\stefa\look\loop\slots\1\wt] cargo test -p truck-certified --test construct_contact3
19:34:12 DONE exit=101 in 27s: cargo test -p truck-certified --test construct_contact3
19:34:53 START [cwd=C:\Users\stefa\look\loop\slots\1\wt] cargo test -p truck-certified --test _scratch_contact3 -- --nocapture
19:34:54 DONE exit=101 in 0s: cargo test -p truck-certified --test _scratch_contact3 -- --nocapture
19:35:03 START [cwd=C:\Users\stefa\look\loop\slots\1\wt] cargo test -p truck-certified --test _scratch_contact3 -- --nocapture
19:35:04 DONE exit=0 in 0s: cargo test -p truck-certified --test _scratch_contact3 -- --nocapture
19:35:20 START [cwd=C:\Users\stefa\look\loop\slots\1\wt] cargo test -p truck-certified --test _scratch_contact3 -- --nocapture
19:35:20 DONE exit=101 in 0s: cargo test -p truck-certified --test _scratch_contact3 -- --nocapture
19:35:26 START [cwd=C:\Users\stefa\look\loop\slots\1\wt] cargo test -p truck-certified --test _scratch_contact3 -- --nocapture
19:35:27 DONE exit=0 in 0s: cargo test -p truck-certified --test _scratch_contact3 -- --nocapture
19:36:11 START [cwd=C:\Users\stefa\look\loop\slots\1\wt] cargo test -p truck-certified --test construct_contact3
19:36:12 DONE exit=0 in 0s: cargo test -p truck-certified --test construct_contact3
19:36:22 START [cwd=C:\Users\stefa\look\loop\slots\1\wt] cargo clippy -p truck-certified --all-targets --message-format=short --no-deps
19:36:55 DONE exit=101 in 33s: cargo clippy -p truck-certified --all-targets --message-format=short --no-deps
19:37:02 START [cwd=C:\Users\stefa\look\loop\slots\1\wt] cargo clippy -p truck-certified --all-targets --message-format=short --no-deps
19:37:35 DONE exit=101 in 32s: cargo clippy -p truck-certified --all-targets --message-format=short --no-deps
19:37:59 START [cwd=C:\Users\stefa\look\loop\slots\1\wt] cargo clippy -p truck-certified --all-targets --message-format=short --no-deps
19:38:16 DONE exit=101 in 17s: cargo clippy -p truck-certified --all-targets --message-format=short --no-deps
19:38:23 START [cwd=C:\Users\stefa\look\loop\slots\1\wt] cargo clippy -p truck-certified --all-targets --message-format=short --no-deps
19:38:57 DONE exit=101 in 33s: cargo clippy -p truck-certified --all-targets --message-format=short --no-deps
19:39:02 START [cwd=C:\Users\stefa\look\loop\slots\1\wt] cargo check -p truck-certified
19:39:03 DONE exit=0 in 1s: cargo check -p truck-certified
19:39:04 START [cwd=C:\Users\stefa\look\loop\slots\1\wt] cargo test -p truck-certified --test construct_contact3
19:39:07 DONE exit=0 in 2s: cargo test -p truck-certified --test construct_contact3
19:39:11 START [cwd=C:\Users\stefa\look\loop\slots\1\wt] cargo fmt --check -p truck-certified
19:39:12 DONE exit=1 in 1s: cargo fmt --check -p truck-certified
19:39:30 START [cwd=C:\Users\stefa\look\loop\slots\1\wt] cargo test -p truck-certified --lib --tests --no-fail-fast
19:40:09 DONE exit=101 in 38s: cargo test -p truck-certified --lib --tests --no-fail-fast
19:40:52 START [cwd=C:\Users\stefa\look\loop\slots\1\wt] cargo fmt --check -p truck-certified
19:40:53 DONE exit=1 in 1s: cargo fmt --check -p truck-certified
19:40:57 START [cwd=C:\Users\stefa\look\loop\slots\1\wt] cargo clippy -p truck-certified --all-targets --message-format=short --no-deps
19:41:31 DONE exit=101 in 33s: cargo clippy -p truck-certified --all-targets --message-format=short --no-deps
20:53:07 SERVER START port=8231 cargo=C:\Users\stefa\.cargo\bin\cargo.exe
20:55:25 SERVER START port=8231 cargo=C:\Users\stefa\.cargo\bin\cargo.exe
21:15:27 START [cwd=C:\Users\stefa\look\loop\slots\0\wt] cargo check -p truck-certified --locked
21:15:59 DONE exit=0 in 31s: cargo check -p truck-certified --locked
21:16:02 START [cwd=C:\Users\stefa\look\loop\slots\0\wt] cargo test -p truck-certified --test construct_loft_weights --locked
21:16:38 DONE exit=0 in 36s: cargo test -p truck-certified --test construct_loft_weights --locked
21:16:56 START [cwd=C:\Users\stefa\look\loop\slots\0\wt] cargo fmt --all -- --check
21:16:59 DONE exit=1 in 3s: cargo fmt --all -- --check
21:17:41 START [cwd=C:\Users\stefa\look\loop\slots\0\wt] cargo check -p truck-certified --release --locked
21:18:07 DONE exit=0 in 25s: cargo check -p truck-certified --release --locked
21:18:11 START [cwd=C:\Users\stefa\look\loop\slots\0\wt] cargo test -p truck-certified --release --test construct_loft_weights --locked
21:19:00 DONE exit=0 in 48s: cargo test -p truck-certified --release --test construct_loft_weights --locked
21:30:27 SERVER START port=8231 cargo=C:\Users\stefa\.cargo\bin\cargo.exe
21:56:08 START [cwd=C:\Users\stefa\look\loop\slots\2\wt] cargo check -p truck-certified
21:56:37 DONE exit=0 in 29s: cargo check -p truck-certified
21:58:00 START [cwd=C:\Users\stefa\look\loop\slots\3\wt] cargo --version
21:58:00 DONE exit=0 in 0s: cargo --version
21:58:18 START [cwd=C:\Users\stefa\look\loop\slots\2\wt] cargo test -p truck-certified --test construct_loft_strips
21:58:51 DONE exit=101 in 33s: cargo test -p truck-certified --test construct_loft_strips
21:59:03 START [cwd=C:\Users\stefa\look\loop\slots\2\wt] cargo test -p truck-certified --test construct_loft_strips
21:59:04 DONE exit=0 in 0s: cargo test -p truck-certified --test construct_loft_strips
21:59:14 START [cwd=C:\Users\stefa\look\loop\slots\2\wt] cargo test -p truck-certified --test construct_loft_strips adjacent_strip_boundaries_agree_bitwise
21:59:17 DONE exit=101 in 2s: cargo test -p truck-certified --test construct_loft_strips adjacent_strip_boundaries_agree_bitwise
21:59:27 START [cwd=C:\Users\stefa\look\loop\slots\2\wt] cargo test -p truck-certified --test construct_loft_strips
21:59:30 DONE exit=0 in 2s: cargo test -p truck-certified --test construct_loft_strips
21:59:30 START [cwd=C:\Users\stefa\look\loop\slots\2\wt] cargo fmt --all -- --check
21:59:33 DONE exit=1 in 3s: cargo fmt --all -- --check
21:59:40 START [cwd=C:\Users\stefa\look\loop\slots\2\wt] cargo fmt --all -- --check
21:59:43 DONE exit=1 in 2s: cargo fmt --all -- --check
21:59:57 START [cwd=C:\Users\stefa\look\loop\slots\2\wt] cargo fmt --all -- --check
22:00:00 DONE exit=1 in 2s: cargo fmt --all -- --check
22:00:04 START [cwd=C:\Users\stefa\look\loop\slots\2\wt] cargo clippy -p truck-certified --all-targets --no-deps --message-format=short
22:00:19 DONE exit=101 in 15s: cargo clippy -p truck-certified --all-targets --no-deps --message-format=short
22:00:28 START [cwd=C:\Users\stefa\look\loop\slots\2\wt] cargo clippy -p truck-certified --all-targets --no-deps --message-format=short
22:00:37 DONE exit=101 in 8s: cargo clippy -p truck-certified --all-targets --no-deps --message-format=short
22:00:42 START [cwd=C:\Users\stefa\look\loop\slots\2\wt] cargo check -p truck-certified
22:00:43 DONE exit=0 in 1s: cargo check -p truck-certified
22:00:46 START [cwd=C:\Users\stefa\look\loop\slots\2\wt] cargo test -p truck-certified --test construct_loft_strips
22:00:49 DONE exit=0 in 2s: cargo test -p truck-certified --test construct_loft_strips
22:00:49 START [cwd=C:\Users\stefa\look\loop\slots\2\wt] cargo fmt --all -- --check
22:00:52 DONE exit=1 in 2s: cargo fmt --all -- --check
22:09:18 START [cwd=C:\Users\stefa\look\loop\slots\3\wt] cargo check -p truck-certified
22:10:04 DONE exit=101 in 46s: cargo check -p truck-certified
22:10:49 START [cwd=C:\Users\stefa\look\loop\slots\3\wt] cargo check -p truck-certified
22:10:58 DONE exit=0 in 9s: cargo check -p truck-certified
22:13:58 START [cwd=C:\Users\stefa\look\loop\slots\3\wt] cargo test -p truck-certified --test construct_blend --no-run
22:14:31 DONE exit=101 in 33s: cargo test -p truck-certified --test construct_blend --no-run
22:14:51 START [cwd=C:\Users\stefa\look\loop\slots\3\wt] cargo test -p truck-certified --test construct_blend --no-run
22:14:53 DONE exit=0 in 1s: cargo test -p truck-certified --test construct_blend --no-run
22:14:56 START [cwd=C:\Users\stefa\look\loop\slots\3\wt] cargo test -p truck-certified --test construct_blend
22:14:57 DONE exit=101 in 0s: cargo test -p truck-certified --test construct_blend
22:15:29 START [cwd=C:\Users\stefa\look\loop\slots\3\wt] cargo test -p truck-certified --test construct_blend
22:15:32 DONE exit=0 in 2s: cargo test -p truck-certified --test construct_blend
22:15:39 START [cwd=C:\Users\stefa\look\loop\slots\3\wt] cargo fmt --all -- --check
22:15:46 DONE exit=1 in 6s: cargo fmt --all -- --check
22:15:49 START [cwd=C:\Users\stefa\look\loop\slots\3\wt] cargo fmt --all -- --check
22:15:52 DONE exit=1 in 2s: cargo fmt --all -- --check
22:16:00 START [cwd=C:\Users\stefa\look\loop\slots\3\wt] cargo check -p truck-certified
22:16:01 DONE exit=0 in 1s: cargo check -p truck-certified
22:16:04 START [cwd=C:\Users\stefa\look\loop\slots\3\wt] cargo test -p truck-certified --test construct_blend
22:16:04 DONE exit=0 in 0s: cargo test -p truck-certified --test construct_blend
22:17:29 START [cwd=C:\Users\stefa\look\loop\slots\3\wt] cargo test -p truck-certified --test construct_blend
22:17:29 DONE exit=0 in 0s: cargo test -p truck-certified --test construct_blend
22:27:22 START [cwd=C:\Users\stefa\AppData\Local\Temp\cc030] cargo test -p truck-certified --test construct_blend
22:28:18 DONE exit=0 in 55s: cargo test -p truck-certified --test construct_blend
22:30:42 START [cwd=C:\Users\stefa\look\loop\slots\2\wt] cargo check -p truck-certified --locked
22:31:15 DONE exit=0 in 33s: cargo check -p truck-certified --locked
22:32:03 START [cwd=C:\Users\stefa\look\loop\slots\2\wt] cargo test -p truck-certified --test construct_shell --locked zz_probe -- --nocapture
22:32:43 DONE exit=101 in 40s: cargo test -p truck-certified --test construct_shell --locked zz_probe -- --nocapture
22:32:49 START [cwd=C:\Users\stefa\look\loop\slots\2\wt] cargo test -p truck-certified --test construct_shell --locked zz_probe -- --nocapture
22:32:50 DONE exit=0 in 1s: cargo test -p truck-certified --test construct_shell --locked zz_probe -- --nocapture
22:32:53 START [cwd=C:\Users\stefa\look\loop\slots\2\wt] cargo test -p truck-certified --test construct_shell --locked zz_probe -- --nocapture
22:32:54 DONE exit=0 in 0s: cargo test -p truck-certified --test construct_shell --locked zz_probe -- --nocapture
22:33:43 START [cwd=C:\Users\stefa\look\loop\slots\2\wt] cargo test -p truck-certified --test construct_shell --locked zz_probe_cube_wedges -- --nocapture
22:33:44 DONE exit=0 in 1s: cargo test -p truck-certified --test construct_shell --locked zz_probe_cube_wedges -- --nocapture
22:34:34 START [cwd=C:\Users\stefa\look\loop\slots\2\wt] cargo test -p truck-certified --test construct_shell --locked zz_probe_cube_wedges -- --nocapture
22:34:45 DONE exit=0 in 11s: cargo test -p truck-certified --test construct_shell --locked zz_probe_cube_wedges -- --nocapture
22:35:52 START [cwd=C:\Users\stefa\look\loop\slots\2\wt] cargo test -p truck-certified --test construct_shell --locked zz_probe_cube_wedges -- --nocapture
22:35:53 DONE exit=0 in 1s: cargo test -p truck-certified --test construct_shell --locked zz_probe_cube_wedges -- --nocapture
22:36:36 START [cwd=C:\Users\stefa\look\loop\slots\2\wt] cargo test -p truck-certified --test construct_shell --locked zz_probe_cube_wedges -- --nocapture
22:36:37 DONE exit=0 in 0s: cargo test -p truck-certified --test construct_shell --locked zz_probe_cube_wedges -- --nocapture
22:37:47 START [cwd=C:\Users\stefa\look\loop\slots\3\wt] cargo check -p truck-geometry
22:37:50 DONE exit=101 in 2s: cargo check -p truck-geometry
22:38:02 START [cwd=C:\Users\stefa\look\loop\slots\2\wt] cargo test -p truck-certified --test construct_shell --locked zz_probe_prism_certifies -- --nocapture
22:38:03 DONE exit=0 in 1s: cargo test -p truck-certified --test construct_shell --locked zz_probe_prism_certifies -- --nocapture
22:38:04 START [cwd=C:\Users\stefa\look\loop\slots\3\wt] cargo check -p truck-geometry
22:38:05 DONE exit=101 in 1s: cargo check -p truck-geometry
22:38:14 START [cwd=C:\Users\stefa\look\loop\slots\3\wt] cargo check -p truck-geometry
22:38:15 DONE exit=0 in 1s: cargo check -p truck-geometry
22:38:19 START [cwd=C:\Users\stefa\look\loop\slots\3\wt] cargo check -p truck-modeling
22:38:31 DONE exit=0 in 11s: cargo check -p truck-modeling
22:38:55 START [cwd=C:\Users\stefa\look\loop\slots\2\wt] cargo test -p truck-certified --test construct_shell --locked zz_probe_prism_certifies -- --nocapture
22:38:56 DONE exit=101 in 0s: cargo test -p truck-certified --test construct_shell --locked zz_probe_prism_certifies -- --nocapture
22:38:59 START [cwd=C:\Users\stefa\look\loop\slots\2\wt] cargo test -p truck-certified --test construct_shell --locked zz_probe_prism_certifies -- --nocapture
22:38:59 DONE exit=101 in 0s: cargo test -p truck-certified --test construct_shell --locked zz_probe_prism_certifies -- --nocapture
22:39:05 START [cwd=C:\Users\stefa\look\loop\slots\2\wt] cargo test -p truck-certified --test construct_shell --locked zz_probe_prism_certifies -- --nocapture
22:39:06 DONE exit=0 in 1s: cargo test -p truck-certified --test construct_shell --locked zz_probe_prism_certifies -- --nocapture
22:39:43 START [cwd=C:\Users\stefa\look\loop\slots\2\wt] cargo test -p truck-certified --test construct_shell --locked zz_probe_prism_certifies -- --nocapture
22:39:45 DONE exit=0 in 1s: cargo test -p truck-certified --test construct_shell --locked zz_probe_prism_certifies -- --nocapture
22:40:12 START [cwd=C:\Users\stefa\look\loop\slots\3\wt] cargo test -p truck-geometry --test zz_probe_interpole -- --nocapture
22:40:29 DONE exit=0 in 16s: cargo test -p truck-geometry --test zz_probe_interpole -- --nocapture
22:40:45 START [cwd=C:\Users\stefa\look\loop\slots\2\wt] cargo test -p truck-certified --test construct_shell --locked zz_probe_prism_certifies -- --nocapture
22:40:47 DONE exit=0 in 1s: cargo test -p truck-certified --test construct_shell --locked zz_probe_prism_certifies -- --nocapture
22:40:53 START [cwd=C:\Users\stefa\look\loop\slots\3\wt] cargo test -p truck-geometry --test zz_probe_interpole -- --nocapture
22:40:54 DONE exit=0 in 0s: cargo test -p truck-geometry --test zz_probe_interpole -- --nocapture
22:40:59 START [cwd=C:\Users\stefa\look\loop\slots\2\wt] cargo test -p truck-certified --test construct_shell --locked zz_probe_prism_certifies -- --nocapture
22:41:01 DONE exit=101 in 1s: cargo test -p truck-certified --test construct_shell --locked zz_probe_prism_certifies -- --nocapture
22:41:05 START [cwd=C:\Users\stefa\look\loop\slots\2\wt] cargo test -p truck-certified --test construct_shell --locked zz_probe_prism_certifies -- --nocapture
22:41:06 DONE exit=101 in 1s: cargo test -p truck-certified --test construct_shell --locked zz_probe_prism_certifies -- --nocapture
22:41:08 START [cwd=C:\Users\stefa\look\loop\slots\3\wt] cargo test -p truck-geometry --test zz_probe_interpole -- --nocapture
22:41:08 DONE exit=101 in 0s: cargo test -p truck-geometry --test zz_probe_interpole -- --nocapture
22:41:12 START [cwd=C:\Users\stefa\look\loop\slots\2\wt] cargo test -p truck-certified --test construct_shell --locked zz_probe_prism_certifies -- --nocapture
22:41:17 DONE exit=0 in 4s: cargo test -p truck-certified --test construct_shell --locked zz_probe_prism_certifies -- --nocapture
22:41:17 START [cwd=C:\Users\stefa\look\loop\slots\3\wt] cargo test -p truck-geometry --test zz_probe_interpole -- --nocapture
22:41:17 DONE exit=0 in 0s: cargo test -p truck-geometry --test zz_probe_interpole -- --nocapture
22:41:55 START [cwd=C:\Users\stefa\look\loop\slots\2\wt] cargo test -p truck-certified --test construct_shell --locked zz_probe_prism_certifies -- --nocapture
22:41:57 DONE exit=0 in 1s: cargo test -p truck-certified --test construct_shell --locked zz_probe_prism_certifies -- --nocapture
22:42:05 START [cwd=C:\Users\stefa\look\loop\slots\3\wt] cargo test -p truck-geometry --test zz_probe_interpole probe_sw_diag -- --nocapture
22:42:06 DONE exit=0 in 1s: cargo test -p truck-geometry --test zz_probe_interpole probe_sw_diag -- --nocapture
22:42:24 START [cwd=C:\Users\stefa\look\loop\slots\3\wt] cargo test -p truck-geometry --test zz_probe_interpole probe_overshoot_search -- --nocapture
22:42:27 DONE exit=0 in 3s: cargo test -p truck-geometry --test zz_probe_interpole probe_overshoot_search -- --nocapture
22:42:36 START [cwd=C:\Users\stefa\look\loop\slots\2\wt] cargo test -p truck-certified --test construct_shell --locked zz_probe_prism_certifies -- --nocapture
22:42:37 DONE exit=0 in 1s: cargo test -p truck-certified --test construct_shell --locked zz_probe_prism_certifies -- --nocapture
22:42:42 START [cwd=C:\Users\stefa\look\loop\slots\3\wt] cargo test -p truck-geometry --test zz_probe_interpole probe_sqrt16_cause -- --nocapture
22:42:43 DONE exit=0 in 1s: cargo test -p truck-geometry --test zz_probe_interpole probe_sqrt16_cause -- --nocapture
22:42:46 START [cwd=C:\Users\stefa\look\loop\slots\3\wt] cargo test -p truck-geometry --test zz_probe_interpole probe_sqrt16_cause -- --nocapture
22:42:47 DONE exit=0 in 0s: cargo test -p truck-geometry --test zz_probe_interpole probe_sqrt16_cause -- --nocapture
22:43:14 START [cwd=C:\Users\stefa\look\loop\slots\3\wt] cargo test -p truck-geometry --test zz_probe_interpole probe_knot_driven_overshoot -- --nocapture
22:43:16 DONE exit=0 in 1s: cargo test -p truck-geometry --test zz_probe_interpole probe_knot_driven_overshoot -- --nocapture
22:43:27 START [cwd=C:\Users\stefa\look\loop\slots\2\wt] cargo test -p truck-certified --test construct_shell --locked zz_probe_prism_certifies -- --nocapture
22:43:31 DONE exit=0 in 3s: cargo test -p truck-certified --test construct_shell --locked zz_probe_prism_certifies -- --nocapture
22:43:31 START [cwd=C:\Users\stefa\look\loop\slots\3\wt] cargo test -p truck-geometry --test zz_probe_interpole probe_neardup_avg -- --nocapture
22:43:32 DONE exit=0 in 1s: cargo test -p truck-geometry --test zz_probe_interpole probe_neardup_avg -- --nocapture
22:43:42 START [cwd=C:\Users\stefa\look\loop\slots\3\wt] cargo test -p truck-geometry --test zz_probe_interpole probe_middup_avg -- --nocapture
22:43:44 DONE exit=0 in 1s: cargo test -p truck-geometry --test zz_probe_interpole probe_middup_avg -- --nocapture
22:44:17 START [cwd=C:\Users\stefa\look\loop\slots\3\wt] cargo test -p truck-geometry --test zz_probe_interpole probe_sqrt32_details -- --nocapture
22:44:18 DONE exit=0 in 1s: cargo test -p truck-geometry --test zz_probe_interpole probe_sqrt32_details -- --nocapture
22:44:45 START [cwd=C:\Users\stefa\look\loop\slots\2\wt] cargo test -p truck-certified --test construct_shell --locked -- --nocapture
22:44:46 DONE exit=0 in 1s: cargo test -p truck-certified --test construct_shell --locked -- --nocapture
22:44:51 START [cwd=C:\Users\stefa\look\loop\slots\2\wt] cargo check -p truck-certified --locked
22:44:53 DONE exit=0 in 1s: cargo check -p truck-certified --locked
22:44:57 START [cwd=C:\Users\stefa\look\loop\slots\2\wt] cargo fmt -- vendor/truck/truck-certified/src/construct/shell.rs vendor/truck/truck-certified/src/construct/mod.rs vendor/truck/truck-certified/tests/construct_shell.rs
22:45:03 DONE exit=0 in 6s: cargo fmt -- vendor/truck/truck-certified/src/construct/shell.rs vendor/truck/truck-certified/src/construct/mod.rs vendor/truck/truck-certified/tests/construct_shell.rs
22:45:03 START [cwd=C:\Users\stefa\look\loop\slots\3\wt] cargo test -p truck-geometry --lib
22:45:13 DONE exit=0 in 9s: cargo test -p truck-geometry --lib
22:45:13 START [cwd=C:\Users\stefa\look\loop\slots\2\wt] cargo test -p truck-certified --test construct_shell --locked
22:45:17 DONE exit=0 in 4s: cargo test -p truck-certified --test construct_shell --locked
22:45:17 START [cwd=C:\Users\stefa\look\loop\slots\3\wt] cargo test -p truck-geometry --test constructive_frames --test constructive_interpole_bounds
22:45:18 DONE exit=101 in 1s: cargo test -p truck-geometry --test constructive_frames --test constructive_interpole_bounds
22:45:29 START [cwd=C:\Users\stefa\look\loop\slots\3\wt] cargo test -p truck-geometry --test constructive_frames --test constructive_interpole_bounds
22:45:31 DONE exit=0 in 1s: cargo test -p truck-geometry --test constructive_frames --test constructive_interpole_bounds
22:45:37 START [cwd=C:\Users\stefa\look\loop\slots\3\wt] cargo test -p truck-modeling --lib --test facet_sweep_conformance --test spine_sweep_conformance
22:45:54 DONE exit=101 in 17s: cargo test -p truck-modeling --lib --test facet_sweep_conformance --test spine_sweep_conformance
22:46:03 START [cwd=C:\Users\stefa\look\loop\slots\3\wt] cargo test -p truck-modeling --lib --test facet_sweep_conformance --test spine_sweep_conformance
22:46:11 DONE exit=0 in 7s: cargo test -p truck-modeling --lib --test facet_sweep_conformance --test spine_sweep_conformance
22:46:11 START [cwd=C:\Users\stefa\look\loop\slots\2\wt] cargo check -p truck-certified --locked
22:46:12 DONE exit=0 in 1s: cargo check -p truck-certified --locked
22:46:13 START [cwd=C:\Users\stefa\look\loop\slots\2\wt] cargo test -p truck-certified --test construct_shell --locked
22:46:16 DONE exit=0 in 3s: cargo test -p truck-certified --test construct_shell --locked
22:46:20 START [cwd=C:\Users\stefa\look\loop\slots\3\wt] cargo test -p truck-geometry --tests
22:46:47 DONE exit=101 in 26s: cargo test -p truck-geometry --tests
22:46:47 START [cwd=C:\Users\stefa\look\loop\slots\2\wt] cargo clippy -p truck-certified --no-deps --message-format=short
22:47:03 DONE exit=101 in 16s: cargo clippy -p truck-certified --no-deps --message-format=short
22:47:23 START [cwd=C:\Users\stefa\look\loop\slots\3\wt] cargo test -p truck-modeling --tests
22:47:29 DONE exit=0 in 6s: cargo test -p truck-modeling --tests
22:47:38 START [cwd=C:\Users\stefa\look\loop\slots\3\wt] cargo test -p truck-shapeops --test fillet
22:49:32 DONE exit=101 in 113s: cargo test -p truck-shapeops --test fillet
22:49:53 START [cwd=C:\Users\stefa\look] cargo test -p truck-shapeops --test fillet complex_surface -- --exact --nocapture
22:51:26 DONE exit=101 in 93s: cargo test -p truck-shapeops --test fillet complex_surface -- --exact --nocapture
22:51:33 START [cwd=C:\Users\stefa\look\loop\slots\3\wt] cargo test -p truck-geometry --test constructive_spine_enum spine_enum_dispatches_general_to_the_landed_spine_curve -- --exact --nocapture
22:51:35 DONE exit=101 in 1s: cargo test -p truck-geometry --test constructive_spine_enum spine_enum_dispatches_general_to_the_landed_spine_curve -- --exact --nocapture
22:51:38 START [cwd=C:\Users\stefa\look\loop\slots\3\wt] cargo test -p truck-geometry --test constructive_spine_enum general_spine_becomes_certifiedpatch_not_refused_for_promotion -- --exact --nocapture
22:51:38 DONE exit=101 in 0s: cargo test -p truck-geometry --test constructive_spine_enum general_spine_becomes_certifiedpatch_not_refused_for_promotion -- --exact --nocapture
22:51:47 START [cwd=C:\Users\stefa\look\loop\slots\3\wt] cargo fmt --all -- --check
22:51:52 DONE exit=1 in 5s: cargo fmt --all -- --check
22:52:30 START [cwd=C:\Users\stefa\look\loop\slots\3\wt] cargo fmt --all -- --check
22:52:34 DONE exit=1 in 3s: cargo fmt --all -- --check
22:52:41 START [cwd=C:\Users\stefa\look\loop\slots\3\wt] cargo fmt --all -- --check
22:52:44 DONE exit=1 in 3s: cargo fmt --all -- --check
22:52:53 START [cwd=C:\Users\stefa\look\loop\slots\3\wt] cargo fmt --all -- --check
22:52:56 DONE exit=1 in 2s: cargo fmt --all -- --check
22:53:04 START [cwd=C:\Users\stefa\look\loop\slots\3\wt] cargo test -p truck-geometry --lib --test constructive_frames --test constructive_interpole_bounds
22:53:12 DONE exit=0 in 7s: cargo test -p truck-geometry --lib --test constructive_frames --test constructive_interpole_bounds
22:53:15 START [cwd=C:\Users\stefa\look\loop\slots\3\wt] cargo test -p truck-modeling --lib
22:53:23 DONE exit=0 in 7s: cargo test -p truck-modeling --lib
22:53:44 START [cwd=C:\Users\stefa\look\loop\slots\3\wt] cargo check -p truck-geometry -p truck-modeling --locked
22:53:46 DONE exit=0 in 2s: cargo check -p truck-geometry -p truck-modeling --locked
23:01:11 START [cwd=C:\Users\stefa\look\loop\slots\0\wt] cargo check -p truck-certified --locked
23:01:43 DONE exit=0 in 32s: cargo check -p truck-certified --locked
23:02:13 START [cwd=C:\Users\stefa\look\loop\slots\0\wt] cargo check -p truck-certified --locked
23:02:15 DONE exit=0 in 1s: cargo check -p truck-certified --locked
23:07:09 START [cwd=C:\Users\stefa\look\loop\slots\0\wt] cargo check -p truck-certified --locked
23:07:12 DONE exit=0 in 3s: cargo check -p truck-certified --locked
23:08:42 START [cwd=C:\Users\stefa\look\loop\slots\0\wt] cargo check -p truck-certified --tests --locked
23:08:50 DONE exit=101 in 7s: cargo check -p truck-certified --tests --locked
23:08:58 START [cwd=C:\Users\stefa\look\loop\slots\0\wt] cargo check -p truck-certified --tests --locked
23:08:59 DONE exit=0 in 0s: cargo check -p truck-certified --tests --locked
23:09:02 START [cwd=C:\Users\stefa\look\loop\slots\0\wt] cargo test -p truck-certified --test construct_blend_varradius --locked
23:09:38 DONE exit=101 in 35s: cargo test -p truck-certified --test construct_blend_varradius --locked
23:11:36 START [cwd=C:\Users\stefa\look\loop\slots\0\wt] cargo test -p truck-certified --test construct_blend_varradius --locked
23:11:39 DONE exit=0 in 2s: cargo test -p truck-certified --test construct_blend_varradius --locked
23:11:57 START [cwd=C:\Users\stefa\look\loop\slots\0\wt] cargo fmt -p truck-certified -- --check
23:11:58 DONE exit=1 in 1s: cargo fmt -p truck-certified -- --check
23:12:05 START [cwd=C:\Users\stefa\look\loop\slots\4\wt] cargo check -p truck-certified --locked
23:12:35 DONE exit=101 in 30s: cargo check -p truck-certified --locked
23:12:51 START [cwd=C:\Users\stefa\look\loop\slots\4\wt] cargo check -p truck-certified --locked
23:12:56 DONE exit=0 in 4s: cargo check -p truck-certified --locked
23:13:01 START [cwd=C:\Users\stefa\look\loop\slots\4\wt] cargo check -p truck-certified --locked
23:13:01 DONE exit=0 in 0s: cargo check -p truck-certified --locked
23:13:06 START [cwd=C:\Users\stefa\look\loop\slots\0\wt] cargo check -p truck-certified --locked
23:13:08 DONE exit=0 in 1s: cargo check -p truck-certified --locked
23:13:21 START [cwd=C:\Users\stefa\look\loop\slots\0\wt] cargo test -p truck-certified --test construct_blend_varradius --locked
23:13:24 DONE exit=0 in 2s: cargo test -p truck-certified --test construct_blend_varradius --locked
23:13:31 START [cwd=C:\Users\stefa\look\loop\slots\0\wt] cargo test -p truck-certified --test construct_blend --test construct_canal --locked
23:13:33 DONE exit=0 in 1s: cargo test -p truck-certified --test construct_blend --test construct_canal --locked
23:13:37 START [cwd=C:\Users\stefa\look\loop\slots\0\wt] cargo check -p truck-certified --tests --locked
23:13:42 DONE exit=0 in 4s: cargo check -p truck-certified --tests --locked
23:16:20 START [cwd=C:\Users\stefa\look\loop\slots\4\wt] cargo check -p truck-certified --locked
23:16:24 DONE exit=0 in 3s: cargo check -p truck-certified --locked
23:18:03 START [cwd=C:\Users\stefa\look\loop\slots\4\wt] cargo test -p truck-certified --test construct_setback --locked
23:18:43 DONE exit=101 in 40s: cargo test -p truck-certified --test construct_setback --locked
23:50:08 START [cwd=C:\Users\stefa\look\loop\slots\4\wt] cargo check -p truck-certified
23:50:16 DONE exit=0 in 7s: cargo check -p truck-certified
23:50:31 START [cwd=C:\Users\stefa\look\loop\slots\4\wt] cargo test -p truck-certified --test construct_face_consumption -- --nocapture
23:50:48 DONE exit=101 in 17s: cargo test -p truck-certified --test construct_face_consumption -- --nocapture
23:50:54 START [cwd=C:\Users\stefa\look\loop\slots\4\wt] cargo test -p truck-certified --test construct_face_consumption -- --nocapture
23:50:55 DONE exit=101 in 0s: cargo test -p truck-certified --test construct_face_consumption -- --nocapture
23:51:04 START [cwd=C:\Users\stefa\look\loop\slots\4\wt] cargo test -p truck-certified --test construct_face_consumption -- --nocapture
23:51:05 DONE exit=0 in 1s: cargo test -p truck-certified --test construct_face_consumption -- --nocapture
23:51:25 START [cwd=C:\Users\stefa\look\loop\slots\4\wt] cargo test -p truck-certified --test construct_face_consumption -- --nocapture
23:51:27 DONE exit=0 in 1s: cargo test -p truck-certified --test construct_face_consumption -- --nocapture
23:55:17 START [cwd=C:\Users\stefa\look\loop\slots\4\wt] cargo test -p truck-certified --test construct_face_consumption
23:55:23 DONE exit=101 in 6s: cargo test -p truck-certified --test construct_face_consumption
23:55:34 START [cwd=C:\Users\stefa\look\loop\slots\4\wt] cargo test -p truck-certified --test construct_face_consumption
23:55:49 DONE exit=0 in 14s: cargo test -p truck-certified --test construct_face_consumption
23:56:01 START [cwd=C:\Users\stefa\look\loop\slots\4\wt] cargo test -p truck-certified --test construct_face_consumption
23:56:05 DONE exit=0 in 4s: cargo test -p truck-certified --test construct_face_consumption
23:56:11 START [cwd=C:\Users\stefa\look\loop\slots\4\wt] cargo check -p truck-certified
23:56:16 DONE exit=0 in 5s: cargo check -p truck-certified
23:56:40 START [cwd=C:\Users\stefa\look\loop\slots\4\wt] cargo fmt --all -- --check
23:56:51 DONE exit=1 in 11s: cargo fmt --all -- --check
23:57:12 START [cwd=C:\Users\stefa\look\loop\slots\4\wt] cargo test -p truck-certified --test construct_face_consumption
23:57:16 DONE exit=0 in 4s: cargo test -p truck-certified --test construct_face_consumption
23:57:49 START [cwd=C:\Users\stefa\look\loop\slots\4\wt] cargo check -p truck-certified
23:57:51 DONE exit=0 in 1s: cargo check -p truck-certified
23:57:52 START [cwd=C:\Users\stefa\look\loop\slots\4\wt] cargo test -p truck-certified --test construct_face_consumption
23:57:55 DONE exit=0 in 3s: cargo test -p truck-certified --test construct_face_consumption
00:01:14 START [cwd=C:\Users\stefa\look\loop\slots\2\wt] cargo check -p truck-certified --locked
00:01:33 DONE exit=0 in 19s: cargo check -p truck-certified --locked
00:01:40 START [cwd=C:\Users\stefa\look\loop\slots\2\wt] cargo check -p truck-certified --locked
00:01:42 DONE exit=0 in 2s: cargo check -p truck-certified --locked
00:01:47 START [cwd=C:\Users\stefa\look\loop\slots\1\wt] cargo check -p truck-certified --locked
00:02:33 DONE exit=0 in 46s: cargo check -p truck-certified --locked
00:02:38 START [cwd=C:\Users\stefa\look\loop\slots\1\wt] cargo test -p truck-certified --test construct_thickness --locked
00:03:25 DONE exit=101 in 46s: cargo test -p truck-certified --test construct_thickness --locked
00:03:41 START [cwd=C:\Users\stefa\look\loop\slots\2\wt] cargo check -p truck-certified --locked
00:03:43 DONE exit=0 in 1s: cargo check -p truck-certified --locked
00:04:38 START [cwd=C:\Users\stefa\look\loop\slots\3\wt] cargo check -p truck-geometry --locked
00:04:48 DONE exit=0 in 9s: cargo check -p truck-geometry --locked
00:04:48 START [cwd=C:\Users\stefa\look\loop\slots\1\wt] cargo test -p truck-certified --test construct_thickness thin_plate_t_safe_is_bounded_by_focal_term --locked -- --nocapture
00:04:52 DONE exit=101 in 4s: cargo test -p truck-certified --test construct_thickness thin_plate_t_safe_is_bounded_by_focal_term --locked -- --nocapture
00:04:53 START [cwd=C:\Users\stefa\look\loop\slots\3\wt] cargo check -p truck-geometry --locked
00:04:53 DONE exit=0 in 0s: cargo check -p truck-geometry --locked
00:04:56 START [cwd=C:\Users\stefa\look\loop\slots\3\wt] cargo check -p truck-shapeops --locked
00:05:38 DONE exit=101 in 41s: cargo check -p truck-shapeops --locked
00:05:38 START [cwd=C:\Users\stefa\look\loop\slots\2\wt] cargo test -p truck-certified --test construct_shell --locked
00:06:02 DONE exit=101 in 24s: cargo test -p truck-certified --test construct_shell --locked
00:06:02 START [cwd=C:\Users\stefa\look\loop\slots\1\wt] cargo test -p truck-certified --test construct_thickness thin_plate_t_safe_is_bounded_by_focal_term --locked -- --nocapture
00:06:06 DONE exit=101 in 3s: cargo test -p truck-certified --test construct_thickness thin_plate_t_safe_is_bounded_by_focal_term --locked -- --nocapture
00:06:06 START [cwd=C:\Users\stefa\look\loop\slots\3\wt] cargo check -p truck-shapeops --locked
00:06:08 DONE exit=101 in 1s: cargo check -p truck-shapeops --locked
00:06:19 START [cwd=C:\Users\stefa\look\loop\slots\2\wt] cargo test -p truck-certified --test construct_shell --locked
00:06:21 DONE exit=101 in 1s: cargo test -p truck-certified --test construct_shell --locked
00:06:25 START [cwd=C:\Users\stefa\look\loop\slots\3\wt] cargo check -p truck-shapeops --locked
00:06:27 DONE exit=0 in 2s: cargo check -p truck-shapeops --locked
00:06:32 START [cwd=C:\Users\stefa\look\loop\slots\3\wt] cargo test -p truck-shapeops --test cc024_offset_exact --locked
00:07:09 DONE exit=101 in 37s: cargo test -p truck-shapeops --test cc024_offset_exact --locked
00:07:09 START [cwd=C:\Users\stefa\look\loop\slots\1\wt] cargo test -p truck-certified --test construct_thickness thin_plate_t_safe_is_bounded_by_focal_term --locked -- --nocapture
00:07:14 DONE exit=101 in 4s: cargo test -p truck-certified --test construct_thickness thin_plate_t_safe_is_bounded_by_focal_term --locked -- --nocapture
00:07:14 START [cwd=C:\Users\stefa\look\loop\slots\2\wt] cargo test -p truck-certified --test construct_shell --locked
00:07:15 DONE exit=101 in 1s: cargo test -p truck-certified --test construct_shell --locked
00:07:31 START [cwd=C:\Users\stefa\look\loop\slots\2\wt] cargo test -p truck-certified --test construct_shell --locked dbg_seam_stars -- --nocapture
00:07:32 DONE exit=0 in 1s: cargo test -p truck-certified --test construct_shell --locked dbg_seam_stars -- --nocapture
00:07:40 START [cwd=C:\Users\stefa\look\loop\slots\1\wt] cargo test -p truck-certified --test construct_thickness thin_plate_t_safe_is_bounded_by_focal_term --locked -- --nocapture
00:07:44 DONE exit=101 in 3s: cargo test -p truck-certified --test construct_thickness thin_plate_t_safe_is_bounded_by_focal_term --locked -- --nocapture
00:08:00 START [cwd=C:\Users\stefa\look\loop\slots\5\wt] cargo check -p truck-certified
00:08:42 DONE exit=101 in 41s: cargo check -p truck-certified
00:08:42 START [cwd=C:\Users\stefa\look\loop\slots\1\wt] cargo test -p truck-certified --test construct_thickness thin_plate_t_safe_is_bounded_by_focal_term --locked -- --nocapture
00:08:46 DONE exit=101 in 3s: cargo test -p truck-certified --test construct_thickness thin_plate_t_safe_is_bounded_by_focal_term --locked -- --nocapture
00:08:46 START [cwd=C:\Users\stefa\look\loop\slots\2\wt] cargo test -p truck-certified --test construct_shell --locked dbg_cube_counts -- --nocapture
00:08:47 DONE exit=0 in 1s: cargo test -p truck-certified --test construct_shell --locked dbg_cube_counts -- --nocapture
00:09:10 START [cwd=C:\Users\stefa\look\loop\slots\5\wt] cargo check -p truck-certified
00:09:17 DONE exit=0 in 6s: cargo check -p truck-certified
00:09:24 START [cwd=C:\Users\stefa\look\loop\slots\3\wt] cargo test -p truck-shapeops --test cc024_offset_exact --locked
00:09:26 DONE exit=0 in 1s: cargo test -p truck-shapeops --test cc024_offset_exact --locked
00:09:57 START [cwd=C:\Users\stefa\look\loop\slots\2\wt] cargo test -p truck-certified --test construct_shell --locked dbg_zero_t -- --nocapture
00:09:58 DONE exit=101 in 0s: cargo test -p truck-certified --test construct_shell --locked dbg_zero_t -- --nocapture
00:10:01 START [cwd=C:\Users\stefa\look\loop\slots\3\wt] cargo test -p truck-shapeops --test cc024_offset_exact --locked
00:10:03 DONE exit=0 in 1s: cargo test -p truck-shapeops --test cc024_offset_exact --locked
00:10:11 START [cwd=C:\Users\stefa\look\loop\slots\2\wt] cargo test -p truck-certified --test construct_shell --locked dbg_zero_t -- --nocapture
00:10:11 DONE exit=101 in 0s: cargo test -p truck-certified --test construct_shell --locked dbg_zero_t -- --nocapture
00:10:16 START [cwd=C:\Users\stefa\look\loop\slots\3\wt] cargo check -p truck-geometry --locked
00:10:16 DONE exit=0 in 0s: cargo check -p truck-geometry --locked
00:10:17 START [cwd=C:\Users\stefa\look\loop\slots\3\wt] cargo check -p truck-shapeops --locked
00:10:17 DONE exit=0 in 0s: cargo check -p truck-shapeops --locked
00:10:29 START [cwd=C:\Users\stefa\look\loop\slots\2\wt] cargo test -p truck-certified --test construct_shell --locked dbg_zero_t -- --nocapture
00:10:30 DONE exit=0 in 1s: cargo test -p truck-certified --test construct_shell --locked dbg_zero_t -- --nocapture
00:10:36 START [cwd=C:\Users\stefa\look\loop\slots\3\wt] cargo check -p truck-geometry --locked
00:10:37 DONE exit=0 in 1s: cargo check -p truck-geometry --locked
00:10:38 START [cwd=C:\Users\stefa\look\loop\slots\3\wt] cargo test -p truck-shapeops --test cc024_offset_exact --locked
00:10:46 DONE exit=0 in 8s: cargo test -p truck-shapeops --test cc024_offset_exact --locked
00:10:50 START [cwd=C:\Users\stefa\look\loop\slots\3\wt] cargo check -p truck-shapeops --locked
00:10:55 DONE exit=0 in 5s: cargo check -p truck-shapeops --locked
00:11:08 START [cwd=C:\Users\stefa\look\loop\slots\5\wt] cargo test -p truck-certified --test construct_setback
00:12:08 DONE exit=101 in 59s: cargo test -p truck-certified --test construct_setback
00:12:08 START [cwd=C:\Users\stefa\look\loop\slots\2\wt] cargo test -p truck-certified --test construct_shell --locked dbg_find_consistent_cube -- --nocapture
00:12:12 DONE exit=0 in 4s: cargo test -p truck-certified --test construct_shell --locked dbg_find_consistent_cube -- --nocapture
00:12:15 START [cwd=C:\Users\stefa\look\loop\slots\5\wt] cargo test -p truck-certified --test construct_setback
00:12:16 DONE exit=101 in 1s: cargo test -p truck-certified --test construct_setback
00:12:18 START [cwd=C:\Users\stefa\look\loop\slots\1\wt] cargo test -p truck-certified --test construct_thickness --locked -- --nocapture
00:12:24 DONE exit=101 in 5s: cargo test -p truck-certified --test construct_thickness --locked -- --nocapture
00:12:32 START [cwd=C:\Users\stefa\look\loop\slots\5\wt] cargo test -p truck-certified --test construct_setback
00:12:35 DONE exit=101 in 2s: cargo test -p truck-certified --test construct_setback
00:12:44 START [cwd=C:\Users\stefa\look\loop\slots\1\wt] cargo test -p truck-certified --test construct_thickness thin_plate_t_safe_is_bounded_by_focal_term --locked -- --nocapture
00:12:47 DONE exit=101 in 2s: cargo test -p truck-certified --test construct_thickness thin_plate_t_safe_is_bounded_by_focal_term --locked -- --nocapture
00:12:47 START [cwd=C:\Users\stefa\look\loop\slots\2\wt] cargo test -p truck-certified --test construct_shell --locked
00:12:47 DONE exit=101 in 0s: cargo test -p truck-certified --test construct_shell --locked
00:12:58 START [cwd=C:\Users\stefa\look\loop\slots\2\wt] cargo test -p truck-certified --test construct_shell --locked
00:13:00 DONE exit=101 in 1s: cargo test -p truck-certified --test construct_shell --locked
00:13:06 START [cwd=C:\Users\stefa\look\loop\slots\5\wt] cargo test -p truck-certified --test construct_setback
00:13:11 DONE exit=101 in 4s: cargo test -p truck-certified --test construct_setback
00:13:18 START [cwd=C:\Users\stefa\look\loop\slots\2\wt] cargo test -p truck-certified --test construct_shell --locked dbg_dims_t -- --nocapture
00:13:19 DONE exit=0 in 1s: cargo test -p truck-certified --test construct_shell --locked dbg_dims_t -- --nocapture
00:13:24 START [cwd=C:\Users\stefa\look\loop\slots\2\wt] cargo test -p truck-certified --test construct_shell --locked dbg_dims_t -- --nocapture
00:13:25 DONE exit=0 in 0s: cargo test -p truck-certified --test construct_shell --locked dbg_dims_t -- --nocapture
00:13:48 START [cwd=C:\Users\stefa\look\loop\slots\5\wt] cargo test -p truck-certified --test construct_setback regularity_margin_holds_on_the_whole_patch -- --nocapture
00:13:52 DONE exit=101 in 3s: cargo test -p truck-certified --test construct_setback regularity_margin_holds_on_the_whole_patch -- --nocapture
00:13:52 START [cwd=C:\Users\stefa\look\loop\slots\1\wt] cargo test -p truck-certified --test construct_thickness unit_sphere_t_safe_is_the_whole_radius --locked -- --nocapture
00:13:52 DONE exit=101 in 0s: cargo test -p truck-certified --test construct_thickness unit_sphere_t_safe_is_the_whole_radius --locked -- --nocapture
00:14:04 START [cwd=C:\Users\stefa\look\loop\slots\2\wt] cargo test -p truck-certified --test construct_shell --locked dbg_dims_t -- --nocapture
00:14:05 DONE exit=0 in 1s: cargo test -p truck-certified --test construct_shell --locked dbg_dims_t -- --nocapture
00:14:27 START [cwd=C:\Users\stefa\look\loop\slots\2\wt] cargo test -p truck-certified --test construct_shell --locked dbg_flip_top -- --nocapture
00:14:29 DONE exit=0 in 1s: cargo test -p truck-certified --test construct_shell --locked dbg_flip_top -- --nocapture
00:14:37 START [cwd=C:\Users\stefa\look\loop\slots\5\wt] cargo test -p truck-certified --test construct_setback regularity_margin_holds_on_the_whole_patch -- --nocapture
00:14:40 DONE exit=101 in 3s: cargo test -p truck-certified --test construct_setback regularity_margin_holds_on_the_whole_patch -- --nocapture
00:14:44 START [cwd=C:\Users\stefa\look\loop\slots\1\wt] cargo test -p truck-certified --test construct_thickness --locked -- --nocapture
00:14:47 DONE exit=101 in 3s: cargo test -p truck-certified --test construct_thickness --locked -- --nocapture
00:14:47 START [cwd=C:\Users\stefa\look\loop\slots\5\wt] cargo test -p truck-certified --test construct_setback regularity_margin_holds_on_the_whole_patch -- --nocapture
00:14:47 DONE exit=101 in 0s: cargo test -p truck-certified --test construct_setback regularity_margin_holds_on_the_whole_patch -- --nocapture
00:15:16 START [cwd=C:\Users\stefa\look\loop\slots\1\wt] cargo test -p truck-certified --test construct_thickness --locked -- --nocapture
00:15:19 DONE exit=101 in 3s: cargo test -p truck-certified --test construct_thickness --locked -- --nocapture
00:15:30 START [cwd=C:\Users\stefa\look\loop\slots\1\wt] cargo test -p truck-certified --test construct_thickness unit_sphere_t_safe_is_the_whole_radius --locked -- --nocapture
00:15:30 DONE exit=0 in 0s: cargo test -p truck-certified --test construct_thickness unit_sphere_t_safe_is_the_whole_radius --locked -- --nocapture
00:15:30 START [cwd=C:\Users\stefa\look\loop\slots\2\wt] cargo test -p truck-certified --test construct_shell --locked
00:15:35 DONE exit=101 in 4s: cargo test -p truck-certified --test construct_shell --locked
00:15:37 START [cwd=C:\Users\stefa\look\loop\slots\5\wt] cargo test -p truck-certified --test construct_setback debug_net -- --nocapture
00:15:38 DONE exit=0 in 0s: cargo test -p truck-certified --test construct_setback debug_net -- --nocapture
00:15:45 START [cwd=C:\Users\stefa\look\loop\slots\1\wt] cargo test -p truck-certified --test construct_thickness --locked
00:15:47 DONE exit=0 in 1s: cargo test -p truck-certified --test construct_thickness --locked
00:16:04 START [cwd=C:\Users\stefa\look\loop\slots\5\wt] cargo test -p truck-certified --test construct_setback debug_hull -- --nocapture
00:16:04 DONE exit=0 in 0s: cargo test -p truck-certified --test construct_setback debug_hull -- --nocapture
00:16:14 START [cwd=C:\Users\stefa\look\loop\slots\5\wt] cargo test -p truck-certified --test construct_setback debug_hull2 -- --nocapture
00:16:15 DONE exit=0 in 0s: cargo test -p truck-certified --test construct_setback debug_hull2 -- --nocapture
00:16:16 START [cwd=C:\Users\stefa\look\loop\slots\1\wt] cargo fmt --all -- --check
00:16:19 DONE exit=1 in 3s: cargo fmt --all -- --check
00:16:27 START [cwd=C:\Users\stefa\look\loop\slots\1\wt] cargo fmt --all
00:16:30 DONE exit=0 in 2s: cargo fmt --all
00:16:30 START [cwd=C:\Users\stefa\look\loop\slots\2\wt] cargo test -p truck-certified --test construct_shell --locked
00:16:33 DONE exit=0 in 3s: cargo test -p truck-certified --test construct_shell --locked
00:16:40 START [cwd=C:\Users\stefa\look\loop\slots\2\wt] cargo check -p truck-certified --locked
00:16:42 DONE exit=0 in 1s: cargo check -p truck-certified --locked
00:16:53 START [cwd=C:\Users\stefa\look\loop\slots\2\wt] cargo fmt --all -- --check
00:17:01 DONE exit=1 in 7s: cargo fmt --all -- --check
00:17:06 START [cwd=C:\Users\stefa\look\loop\slots\2\wt] cargo fmt --all -- --check
00:17:09 DONE exit=1 in 2s: cargo fmt --all -- --check
00:17:09 START [cwd=C:\Users\stefa\look\loop\slots\1\wt] cargo test -p truck-certified --test construct_thickness --locked
00:17:12 DONE exit=0 in 2s: cargo test -p truck-certified --test construct_thickness --locked
00:17:17 START [cwd=C:\Users\stefa\look\loop\slots\1\wt] cargo check -p truck-certified --locked
00:17:20 DONE exit=0 in 3s: cargo check -p truck-certified --locked
00:17:33 START [cwd=C:\Users\stefa\look\loop\slots\2\wt] cargo test -p truck-certified --test construct_shell --locked
00:17:36 DONE exit=0 in 3s: cargo test -p truck-certified --test construct_shell --locked
00:17:52 START [cwd=C:\Users\stefa\look\loop\slots\1\wt] cargo check -p truck-certified --locked
00:17:52 DONE exit=0 in 0s: cargo check -p truck-certified --locked
00:18:20 START [cwd=C:\Users\stefa\look\loop\slots\2\wt] cargo clippy -p truck-certified --locked
00:18:27 DONE exit=101 in 6s: cargo clippy -p truck-certified --locked
00:18:34 START [cwd=C:\Users\stefa\look\loop\slots\5\wt] cargo test -p truck-certified --test construct_setback
00:18:40 DONE exit=101 in 5s: cargo test -p truck-certified --test construct_setback
00:18:59 START [cwd=C:\Users\stefa\look\loop\slots\5\wt] cargo test -p truck-certified --test construct_setback regularity_margin_holds_on_the_whole_patch -- --nocapture
00:19:02 DONE exit=101 in 3s: cargo test -p truck-certified --test construct_setback regularity_margin_holds_on_the_whole_patch -- --nocapture
00:19:13 START [cwd=C:\Users\stefa\look\loop\slots\2\wt] cargo check -p truck-certified --locked
00:19:15 DONE exit=0 in 1s: cargo check -p truck-certified --locked
00:19:17 START [cwd=C:\Users\stefa\look\loop\slots\1\wt] cargo test -p truck-certified --test construct_thickness --locked
00:19:17 DONE exit=0 in 0s: cargo test -p truck-certified --test construct_thickness --locked
00:19:24 START [cwd=C:\Users\stefa\look\loop\slots\5\wt] cargo test -p truck-certified --test construct_setback regularity_margin_holds_on_the_whole_patch -- --nocapture
00:19:27 DONE exit=101 in 2s: cargo test -p truck-certified --test construct_setback regularity_margin_holds_on_the_whole_patch -- --nocapture
00:19:40 START [cwd=C:\Users\stefa\look\loop\slots\5\wt] cargo test -p truck-certified --test construct_setback regularity_margin_holds_on_the_whole_patch -- --nocapture
00:19:43 DONE exit=101 in 2s: cargo test -p truck-certified --test construct_setback regularity_margin_holds_on_the_whole_patch -- --nocapture
00:21:27 START [cwd=C:\Users\stefa\look\loop\slots\5\wt] cargo test -p truck-certified --test construct_setback
00:21:31 DONE exit=101 in 3s: cargo test -p truck-certified --test construct_setback
00:24:15 START [cwd=C:\Users\stefa\look\loop\slots\5\wt] cargo test -p truck-certified --test construct_setback
00:24:20 DONE exit=101 in 4s: cargo test -p truck-certified --test construct_setback
00:24:24 START [cwd=C:\Users\stefa\look\loop\slots\5\wt] cargo test -p truck-certified --test construct_setback
00:24:27 DONE exit=101 in 2s: cargo test -p truck-certified --test construct_setback
00:24:36 START [cwd=C:\Users\stefa\look\loop\slots\5\wt] cargo test -p truck-certified --test construct_setback projection_exhaustion_falls_back_and_still_certifies_or_refuses -- --nocapture
00:24:39 DONE exit=101 in 2s: cargo test -p truck-certified --test construct_setback projection_exhaustion_falls_back_and_still_certifies_or_refuses -- --nocapture
00:25:51 START [cwd=C:\Users\stefa\look] cargo check -p truck-certified
00:26:07 DONE exit=0 in 15s: cargo check -p truck-certified
00:26:15 START [cwd=C:\Users\stefa\look] cargo test -p truck-certified --test construct_thickness
00:26:15 DONE exit=101 in 0s: cargo test -p truck-certified --test construct_thickness
00:26:55 START [cwd=C:\Users\stefa\look\loop\slots\5\wt] cargo test -p truck-certified --test construct_setback
00:27:00 DONE exit=101 in 4s: cargo test -p truck-certified --test construct_setback
00:27:30 START [cwd=C:\Users\stefa\look\loop\slots\5\wt] cargo test -p truck-certified --test construct_setback
00:27:31 DONE exit=0 in 0s: cargo test -p truck-certified --test construct_setback
00:27:32 START [cwd=C:\Users\stefa\look] cargo test -p truck-certified --test construct_thickness
00:27:45 DONE exit=101 in 12s: cargo test -p truck-certified --test construct_thickness
00:27:45 START [cwd=C:\Users\stefa\look\loop\slots\5\wt] cargo fmt --all
00:27:55 DONE exit=0 in 9s: cargo fmt --all
00:27:55 START [cwd=C:\Users\stefa\look] cargo test -p truck-certified --test construct_shell
00:27:55 DONE exit=101 in 0s: cargo test -p truck-certified --test construct_shell
00:27:56 START [cwd=C:\Users\stefa\look\loop\slots\5\wt] cargo check -p truck-certified
00:27:58 DONE exit=0 in 2s: cargo check -p truck-certified
00:28:24 START [cwd=C:\Users\stefa\look\loop\slots\5\wt] cargo check -p truck-certified
00:28:26 DONE exit=0 in 1s: cargo check -p truck-certified
00:28:27 START [cwd=C:\Users\stefa\look\loop\slots\5\wt] cargo test -p truck-certified --test construct_setback
00:28:30 DONE exit=0 in 2s: cargo test -p truck-certified --test construct_setback
00:28:33 START [cwd=C:\Users\stefa\look\loop\slots\5\wt] cargo clippy -p truck-certified --lib
00:28:39 DONE exit=101 in 6s: cargo clippy -p truck-certified --lib
00:28:44 START [cwd=C:\Users\stefa\look\loop\slots\5\wt] cargo clippy -p truck-certified --lib --no-deps
00:28:57 DONE exit=101 in 12s: cargo clippy -p truck-certified --lib --no-deps
00:29:03 START [cwd=C:\Users\stefa\look] cargo test -p truck-certified --test construct_thickness
00:29:03 DONE exit=101 in 0s: cargo test -p truck-certified --test construct_thickness
00:29:04 START [cwd=C:\Users\stefa\look] cargo test -p truck-certified --test construct_shell
00:29:08 DONE exit=101 in 4s: cargo test -p truck-certified --test construct_shell
00:29:37 START [cwd=C:\Users\stefa\look\loop\slots\5\wt] cargo test -p truck-certified --test construct_setback
00:29:38 DONE exit=0 in 0s: cargo test -p truck-certified --test construct_setback
00:29:38 START [cwd=C:\Users\stefa\look] cargo test -p truck-certified --test construct_thickness
00:29:52 DONE exit=0 in 14s: cargo test -p truck-certified --test construct_thickness
00:29:53 START [cwd=C:\Users\stefa\look\loop\slots\5\wt] cargo check -p truck-certified --release
00:30:21 DONE exit=0 in 27s: cargo check -p truck-certified --release
00:30:21 START [cwd=C:\Users\stefa\look] cargo test -p truck-certified --test construct_shell
00:30:25 DONE exit=0 in 3s: cargo test -p truck-certified --test construct_shell
00:30:46 START [cwd=C:\Users\stefa\look] cargo test -p truck-certified --test construct_shell
00:30:46 DONE exit=0 in 0s: cargo test -p truck-certified --test construct_shell
00:31:17 START [cwd=C:\Users\stefa\look\loop\slots\5\wt] cargo check -p truck-certified
00:31:17 DONE exit=0 in 0s: cargo check -p truck-certified
00:31:18 START [cwd=C:\Users\stefa\look\loop\slots\5\wt] cargo test -p truck-certified --test construct_setback
00:31:18 DONE exit=0 in 0s: cargo test -p truck-certified --test construct_setback
00:36:54 START [cwd=C:\Users\stefa\look] cargo test -p truck-certified --test construct_setback
00:36:54 DONE exit=101 in 0s: cargo test -p truck-certified --test construct_setback
00:37:05 START [cwd=C:\Users\stefa\look] cargo test -p truck-certified --test construct_setback
00:37:05 DONE exit=101 in 0s: cargo test -p truck-certified --test construct_setback
00:37:40 START [cwd=C:\Users\stefa\look] cargo test -p truck-certified --test construct_setback
00:38:06 DONE exit=0 in 25s: cargo test -p truck-certified --test construct_setback
00:38:16 START [cwd=C:\Users\stefa\look] cargo test -p truck-certified --test construct_setback
00:38:20 DONE exit=0 in 3s: cargo test -p truck-certified --test construct_setback
01:09:40 START [cwd=C:\Users\stefa\look\loop\slots\0\wt] cargo check -p truck-certified
01:10:13 DONE exit=101 in 32s: cargo check -p truck-certified
01:10:21 START [cwd=C:\Users\stefa\look\loop\slots\0\wt] cargo check -p truck-certified
01:10:31 DONE exit=0 in 9s: cargo check -p truck-certified
01:10:36 START [cwd=C:\Users\stefa\look\loop\slots\0\wt] cargo test -p truck-certified --test construct_loft_validity
01:11:38 DONE exit=101 in 62s: cargo test -p truck-certified --test construct_loft_validity
01:12:36 START [cwd=C:\Users\stefa\look\loop\slots\0\wt] cargo test -p truck-certified --test construct_loft_validity far_pair
01:12:41 DONE exit=101 in 4s: cargo test -p truck-certified --test construct_loft_validity far_pair
01:13:19 START [cwd=C:\Users\stefa\look\loop\slots\0\wt] cargo test -p truck-certified --test construct_loft_validity far_pair
01:13:31 DONE exit=101 in 11s: cargo test -p truck-certified --test construct_loft_validity far_pair
01:13:57 START [cwd=C:\Users\stefa\look\loop\slots\0\wt] cargo test -p truck-certified --test construct_loft_validity
01:14:30 DONE exit=0 in 33s: cargo test -p truck-certified --test construct_loft_validity
01:14:36 START [cwd=C:\Users\stefa\look\loop\slots\0\wt] cargo test -p truck-certified --lib loft_validity
01:15:12 DONE exit=101 in 36s: cargo test -p truck-certified --lib loft_validity
01:15:29 START [cwd=C:\Users\stefa\look\loop\slots\0\wt] cargo test -p truck-certified --lib loft_validity
01:15:44 DONE exit=101 in 15s: cargo test -p truck-certified --lib loft_validity
01:16:15 START [cwd=C:\Users\stefa\look\loop\slots\0\wt] cargo test -p truck-certified --lib loft_validity
01:16:18 DONE exit=0 in 3s: cargo test -p truck-certified --lib loft_validity
01:16:33 START [cwd=C:\Users\stefa\look\loop\slots\0\wt] cargo test -p truck-certified --test construct_loft_validity
01:16:37 DONE exit=0 in 3s: cargo test -p truck-certified --test construct_loft_validity
01:16:37 START [cwd=C:\Users\stefa\look\loop\slots\0\wt] cargo test -p truck-certified --lib loft_validity
01:16:40 DONE exit=0 in 2s: cargo test -p truck-certified --lib loft_validity
01:16:46 START [cwd=C:\Users\stefa\look\loop\slots\0\wt] cargo clippy -p truck-certified --all-targets --message-format=short --no-deps
01:17:22 DONE exit=101 in 36s: cargo clippy -p truck-certified --all-targets --message-format=short --no-deps
01:17:49 START [cwd=C:\Users\stefa\look\loop\slots\0\wt] cargo clippy -p truck-certified --all-targets --message-format=short --no-deps
01:18:28 DONE exit=101 in 38s: cargo clippy -p truck-certified --all-targets --message-format=short --no-deps
01:18:33 START [cwd=C:\Users\stefa\look\loop\slots\0\wt] cargo clippy -p truck-certified --all-targets --message-format=short --no-deps
01:18:54 DONE exit=101 in 20s: cargo clippy -p truck-certified --all-targets --message-format=short --no-deps
01:19:01 START [cwd=C:\Users\stefa\look\loop\slots\0\wt] cargo check -p truck-certified
01:19:03 DONE exit=0 in 1s: cargo check -p truck-certified
01:19:07 START [cwd=C:\Users\stefa\look\loop\slots\0\wt] cargo test -p truck-certified --test construct_loft_validity
01:19:10 DONE exit=0 in 2s: cargo test -p truck-certified --test construct_loft_validity
01:19:10 START [cwd=C:\Users\stefa\look\loop\slots\0\wt] cargo test -p truck-certified --lib loft_validity
01:19:13 DONE exit=0 in 2s: cargo test -p truck-certified --lib loft_validity
01:22:38 START [cwd=C:\Users\stefa\look\loop\slots\0\wt] cargo test -p truck-certified --test construct_loft_validity
01:22:41 DONE exit=0 in 2s: cargo test -p truck-certified --test construct_loft_validity
01:23:45 START [cwd=C:\Users\stefa\look] cargo test -p truck-certified --test construct_loft_validity
01:24:01 DONE exit=0 in 15s: cargo test -p truck-certified --test construct_loft_validity
01:35:25 SERVER START port=8231 cargo=C:\Users\stefa\.cargo\bin\cargo.exe
09:06:25 START [cwd=C:\Users\stefa\look\loop\slots\0\wt] cargo clippy -p truck-geometry --all-targets --no-deps
09:06:56 DONE exit=0 in 31s: cargo clippy -p truck-geometry --all-targets --no-deps
09:07:04 START [cwd=C:\Users\stefa\look\loop\slots\0\wt] cargo test -p truck-geometry --test constructive_interpole_bounds
09:07:28 DONE exit=0 in 24s: cargo test -p truck-geometry --test constructive_interpole_bounds
09:11:37 START [cwd=C:\Users\stefa\look] cargo clippy -p truck-geometry --all-targets --no-deps
09:11:58 DONE exit=0 in 20s: cargo clippy -p truck-geometry --all-targets --no-deps
09:13:17 START [cwd=C:\Users\stefa\look] cargo test --locked --workspace --all-targets
09:16:58 DONE exit=101 in 220s: cargo test --locked --workspace --all-targets
09:17:09 START [cwd=C:\Users\stefa\look] cargo test --locked --workspace --all-targets
09:17:33 DONE exit=101 in 24s: cargo test --locked --workspace --all-targets
09:17:34 START [cwd=C:\Users\stefa\look] cargo clippy --locked --workspace --all-targets --no-deps
09:17:48 DONE exit=101 in 14s: cargo clippy --locked --workspace --all-targets --no-deps
09:18:22 START [cwd=C:\Users\stefa\look] cargo clippy --locked --workspace --all-targets --no-deps
09:18:29 DONE exit=101 in 6s: cargo clippy --locked --workspace --all-targets --no-deps
09:18:47 START [cwd=C:\Users\stefa\look] cargo clippy --locked --workspace --all-targets --no-deps
09:18:55 DONE exit=101 in 7s: cargo clippy --locked --workspace --all-targets --no-deps
09:52:04 START [cwd=C:\Users\stefa\look\loop\slots\2\wt] cargo clippy -p truck-certified --all-targets --no-deps --message-format=short
09:53:25 DONE exit=101 in 80s: cargo clippy -p truck-certified --all-targets --no-deps --message-format=short
09:53:32 START [cwd=C:\Users\stefa\look\loop\slots\2\wt] cargo clippy -p truck-certified --all-targets --no-deps --message-format=short
09:54:12 DONE exit=101 in 39s: cargo clippy -p truck-certified --all-targets --no-deps --message-format=short
09:56:03 START [cwd=C:\Users\stefa\look\loop\slots\2\wt] cargo clippy -p truck-certified --all-targets --no-deps
09:56:50 DONE exit=101 in 47s: cargo clippy -p truck-certified --all-targets --no-deps
10:23:13 START [cwd=C:\Users\stefa\look\loop\slots\2\wt] cargo clippy -p truck-certified --all-targets --no-deps --message-format=short
10:23:59 DONE exit=101 in 46s: cargo clippy -p truck-certified --all-targets --no-deps --message-format=short
10:24:18 START [cwd=C:\Users\stefa\look\loop\slots\2\wt] cargo clippy -p truck-certified --all-targets --no-deps --message-format=short
10:24:56 DONE exit=101 in 38s: cargo clippy -p truck-certified --all-targets --no-deps --message-format=short
10:25:13 START [cwd=C:\Users\stefa\look\loop\slots\2\wt] cargo fmt -p truck-certified -- --check
10:25:16 DONE exit=1 in 2s: cargo fmt -p truck-certified -- --check
10:25:37 START [cwd=C:\Users\stefa\look\loop\slots\2\wt] cargo fmt -p truck-certified -- --check
10:25:38 DONE exit=1 in 1s: cargo fmt -p truck-certified -- --check
10:25:52 START [cwd=C:\Users\stefa\look\loop\slots\2\wt] cargo fmt -p truck-certified -- --check
10:25:53 DONE exit=1 in 1s: cargo fmt -p truck-certified -- --check
10:26:06 START [cwd=C:\Users\stefa\look\loop\slots\2\wt] cargo fmt -p truck-certified -- --check
10:26:07 DONE exit=1 in 1s: cargo fmt -p truck-certified -- --check
10:26:40 START [cwd=C:\Users\stefa\look\loop\slots\2\wt] cargo fmt -p truck-certified --manifest-path C:\Users\stefa\AppData\Local\Temp\opencode\fmtbase_wt\Cargo.toml -- --check
10:26:53 DONE exit=1 in 13s: cargo fmt -p truck-certified --manifest-path C:\Users\stefa\AppData\Local\Temp\opencode\fmtbase_wt\Cargo.toml -- --check
10:29:45 START [cwd=C:\Users\stefa\look\loop\slots\2\wt] cargo fmt -p truck-certified -- --check
10:29:46 DONE exit=1 in 1s: cargo fmt -p truck-certified -- --check
10:30:29 START [cwd=C:\Users\stefa\look\loop\slots\2\wt] cargo --version
10:30:29 DONE exit=0 in 0s: cargo --version
10:30:30 START [cwd=C:\Users\stefa\look\loop\slots\2\wt] cargo fmt -p truck-certified -- --check
10:30:31 DONE exit=1 in 1s: cargo fmt -p truck-certified -- --check
10:30:47 START [cwd=C:\Users\stefa\look\loop\slots\2\wt] cargo fmt -p truck-certified -- --check
10:30:48 DONE exit=1 in 1s: cargo fmt -p truck-certified -- --check
10:34:50 START [cwd=C:\Users\stefa\look\loop\slots\2\wt] cargo fmt -p truck-certified -- --check
10:34:51 DONE exit=1 in 1s: cargo fmt -p truck-certified -- --check
10:35:04 START [cwd=C:\Users\stefa\look\loop\slots\2\wt] cargo clippy -p truck-certified --all-targets --no-deps --message-format=short
10:35:17 DONE exit=101 in 12s: cargo clippy -p truck-certified --all-targets --no-deps --message-format=short
10:35:30 START [cwd=C:\Users\stefa\look\loop\slots\2\wt] cargo test -p truck-certified --test construct_loft_weights --test construct_offset_strata --test construct_blend --test construct_blend_varradius --test construct_face_consumption --test construct_setback --no-fail-fast
10:36:21 DONE exit=0 in 51s: cargo test -p truck-certified --test construct_loft_weights --test construct_offset_strata --test construct_blend --test construct_blend_varradius --test construct_face_consumption --test construct_setback --no-fail-fast
10:36:51 START [cwd=C:\Users\stefa\look\loop\slots\2\wt] cargo check -p truck-certified --all-targets
10:37:05 DONE exit=0 in 14s: cargo check -p truck-certified --all-targets
10:38:39 START [cwd=C:\Users\stefa\look\loop\slots\2\wt] cargo test -p truck-certified --test construct_loft_weights --test construct_offset_strata --test construct_blend --test construct_blend_varradius --test construct_face_consumption --test construct_setback --no-fail-fast
10:38:40 DONE exit=0 in 1s: cargo test -p truck-certified --test construct_loft_weights --test construct_offset_strata --test construct_blend --test construct_blend_varradius --test construct_face_consumption --test construct_setback --no-fail-fast
10:38:46 START [cwd=C:\Users\stefa\look\loop\slots\2\wt] cargo clippy -p truck-certified --all-targets --no-deps --message-format=short
10:39:35 DONE exit=101 in 48s: cargo clippy -p truck-certified --all-targets --no-deps --message-format=short
10:39:35 START [cwd=C:\Users\stefa\look\loop\slots\2\wt] cargo fmt -p truck-certified -- --check
10:39:36 DONE exit=1 in 1s: cargo fmt -p truck-certified -- --check
10:40:26 START [cwd=C:\Users\stefa\look\loop\slots\2\wt] cargo check --locked -p truck-certified
10:40:26 DONE exit=0 in 0s: cargo check --locked -p truck-certified
10:42:38 START [cwd=C:\Users\stefa\look\loop\slots\2\wt] cargo test -p truck-certified --lib --no-fail-fast
10:43:52 DONE exit=0 in 73s: cargo test -p truck-certified --lib --no-fail-fast
10:46:06 START [cwd=C:\Users\stefa\look\loop\slots\2\wt] cargo test -p truck-certified --test construct_loft_weights --no-fail-fast
10:46:06 DONE exit=0 in 0s: cargo test -p truck-certified --test construct_loft_weights --no-fail-fast
10:46:07 START [cwd=C:\Users\stefa\look\loop\slots\2\wt] cargo test -p truck-certified --test construct_offset_strata --no-fail-fast
10:46:07 DONE exit=0 in 0s: cargo test -p truck-certified --test construct_offset_strata --no-fail-fast
10:46:07 START [cwd=C:\Users\stefa\look\loop\slots\2\wt] cargo test -p truck-certified --test construct_blend --no-fail-fast
10:46:08 DONE exit=0 in 0s: cargo test -p truck-certified --test construct_blend --no-fail-fast
10:46:09 START [cwd=C:\Users\stefa\look\loop\slots\2\wt] cargo test -p truck-certified --test construct_blend_varradius --no-fail-fast
10:46:09 DONE exit=0 in 0s: cargo test -p truck-certified --test construct_blend_varradius --no-fail-fast
10:46:10 START [cwd=C:\Users\stefa\look\loop\slots\2\wt] cargo test -p truck-certified --test construct_face_consumption --no-fail-fast
10:46:10 DONE exit=0 in 0s: cargo test -p truck-certified --test construct_face_consumption --no-fail-fast
10:46:10 START [cwd=C:\Users\stefa\look\loop\slots\2\wt] cargo test -p truck-certified --test construct_setback --no-fail-fast
10:46:11 DONE exit=0 in 0s: cargo test -p truck-certified --test construct_setback --no-fail-fast
11:28:52 SERVER START port=8231 cargo=C:\Users\stefa\.cargo\bin\cargo.exe
12:12:55 START [cwd=C:\Users\stefa\AppData\Local\Temp\opencode\lockfix] cargo metadata --format-version 1
12:12:56 DONE exit=0 in 1s: cargo metadata --format-version 1
12:13:45 START [cwd=C:\Users\stefa\look] cargo metadata --format-version 1
12:13:45 DONE exit=0 in 0s: cargo metadata --format-version 1
12:14:00 START [cwd=C:\Users\stefa\look] cargo metadata --format-version 1
12:14:00 DONE exit=0 in 0s: cargo metadata --format-version 1
12:21:42 START [cwd=C:\Users\stefa\look\loop\slots\1\wt] cargo --version
12:21:43 DONE exit=0 in 0s: cargo --version
12:21:49 START [cwd=C:\Users\stefa\look\loop\slots\1\wt] cargo test -p truck-stepio --tests
12:24:14 DONE exit=101 in 144s: cargo test -p truck-stepio --tests
12:29:05 START [cwd=C:\Users\stefa\look\loop\slots\0\wt] cargo fmt -p truck-certified
12:29:06 DONE exit=0 in 1s: cargo fmt -p truck-certified
12:29:10 START [cwd=C:\Users\stefa\look\loop\slots\0\wt] cargo check -p truck-certified
12:29:40 DONE exit=101 in 29s: cargo check -p truck-certified
12:31:27 START [cwd=C:\Users\stefa\look\loop\slots\0\wt] cargo fmt -p truck-certified
12:31:28 DONE exit=0 in 1s: cargo fmt -p truck-certified
12:31:32 START [cwd=C:\Users\stefa\look\loop\slots\0\wt] cargo check -p truck-certified
12:31:36 DONE exit=0 in 4s: cargo check -p truck-certified
12:31:40 START [cwd=C:\Users\stefa\look\loop\slots\0\wt] cargo test -p truck-certified --lib
12:32:14 DONE exit=0 in 34s: cargo test -p truck-certified --lib
12:32:24 START [cwd=C:\Users\stefa\look\loop\slots\0\wt] cargo clippy -p truck-certified --all-targets -- -D warnings
12:32:40 DONE exit=101 in 16s: cargo clippy -p truck-certified --all-targets -- -D warnings
12:33:01 START [cwd=C:\Users\stefa\look\loop\slots\0\wt] cargo clippy --version
12:33:01 DONE exit=0 in 0s: cargo clippy --version
12:33:29 START [cwd=C:\Users\stefa\look\loop\slots\0\wt] cargo fmt -p truck-certified -- --check
12:33:29 DONE exit=0 in 0s: cargo fmt -p truck-certified -- --check
12:33:32 START [cwd=C:\Users\stefa\look\loop\slots\0\wt] cargo check --workspace --all-targets --locked
12:35:57 DONE exit=0 in 144s: cargo check --workspace --all-targets --locked
12:36:44 START [cwd=C:\Users\stefa\look\loop\slots\0\wt] cargo fmt -p truck-certified -- --check
12:36:45 DONE exit=1 in 1s: cargo fmt -p truck-certified -- --check
12:36:59 START [cwd=C:\Users\stefa\look\loop\slots\0\wt] cargo fmt -p truck-certified -- --check
12:37:00 DONE exit=1 in 0s: cargo fmt -p truck-certified -- --check
12:37:20 START [cwd=C:\Users\stefa\look\loop\slots\0\wt] cargo fmt -p truck-certified
12:37:21 DONE exit=0 in 0s: cargo fmt -p truck-certified
12:37:29 START [cwd=C:\Users\stefa\look\loop\slots\0\wt] cargo fmt -p truck-certified -- --check
12:37:30 DONE exit=1 in 1s: cargo fmt -p truck-certified -- --check
12:37:50 START [cwd=C:\Users\stefa\look\loop\slots\0\wt] cargo test -p truck-certified --lib construct::bie
12:37:52 DONE exit=0 in 2s: cargo test -p truck-certified --lib construct::bie
12:37:57 START [cwd=C:\Users\stefa\look\loop\slots\0\wt] cargo test -p truck-certified --lib
12:37:58 DONE exit=0 in 1s: cargo test -p truck-certified --lib
12:39:17 START [cwd=C:\Users\stefa\look\loop\slots\1\wt] cargo check -p truck-stepio --lib
12:39:46 DONE exit=101 in 28s: cargo check -p truck-stepio --lib
12:40:27 START [cwd=C:\Users\stefa\look\loop\slots\1\wt] cargo check -p truck-stepio --lib
12:40:31 DONE exit=0 in 3s: cargo check -p truck-stepio --lib
12:41:06 START [cwd=C:\Users\stefa\look\loop\slots\1\wt] cargo check -p truck-stepio --tests
12:41:37 DONE exit=0 in 31s: cargo check -p truck-stepio --tests
12:45:53 START [cwd=C:\Users\stefa\look\loop\slots\1\wt] cargo test -p truck-stepio --test zz_probe_scratch -- --nocapture
12:46:12 DONE exit=101 in 18s: cargo test -p truck-stepio --test zz_probe_scratch -- --nocapture
12:46:20 START [cwd=C:\Users\stefa\look\loop\slots\1\wt] cargo test -p truck-stepio --test zz_probe_scratch -- --nocapture
12:46:21 DONE exit=101 in 0s: cargo test -p truck-stepio --test zz_probe_scratch -- --nocapture
12:46:32 START [cwd=C:\Users\stefa\look\loop\slots\1\wt] cargo test -p truck-stepio --test zz_probe_scratch -- --nocapture
12:46:34 DONE exit=0 in 1s: cargo test -p truck-stepio --test zz_probe_scratch -- --nocapture
12:51:32 START [cwd=C:\Users\stefa\look\loop\slots\1\wt] cargo test -p truck-stepio --test occt_high_roi_cluster_001
12:51:41 DONE exit=0 in 8s: cargo test -p truck-stepio --test occt_high_roi_cluster_001
12:51:48 START [cwd=C:\Users\stefa\look\loop\slots\1\wt] cargo fmt -p truck-stepio
12:51:49 DONE exit=0 in 0s: cargo fmt -p truck-stepio
12:51:57 START [cwd=C:\Users\stefa\look\loop\slots\1\wt] cargo clippy -p truck-stepio --all-targets -- -D warnings
12:52:13 DONE exit=101 in 15s: cargo clippy -p truck-stepio --all-targets -- -D warnings
12:52:59 START [cwd=C:\Users\stefa\look\loop\slots\1\wt] cargo clippy -p truck-stepio --all-targets -- -D warnings
12:53:06 DONE exit=101 in 6s: cargo clippy -p truck-stepio --all-targets -- -D warnings
12:53:26 START [cwd=C:\Users\stefa\look\loop\slots\1\wt] cargo fmt -p truck-stepio
12:53:26 DONE exit=0 in 0s: cargo fmt -p truck-stepio
12:53:26 START [cwd=C:\Users\stefa\look\loop\slots\1\wt] cargo fmt --check -p truck-stepio
12:53:27 DONE exit=0 in 0s: cargo fmt --check -p truck-stepio
12:53:31 START [cwd=C:\Users\stefa\look\loop\slots\1\wt] cargo test -p truck-stepio --tests
12:54:01 DONE exit=101 in 30s: cargo test -p truck-stepio --tests
12:54:01 START [cwd=C:\Users\stefa\look\loop\slots\0\wt] cargo fmt -p truck-certified
12:54:02 DONE exit=0 in 0s: cargo fmt -p truck-certified
12:54:06 START [cwd=C:\Users\stefa\look\loop\slots\0\wt] cargo fmt --check -p truck-certified
12:54:07 DONE exit=0 in 1s: cargo fmt --check -p truck-certified
12:54:12 START [cwd=C:\Users\stefa\look\loop\slots\0\wt] cargo clippy -p truck-certified --all-targets -- -D warnings
12:54:27 DONE exit=101 in 14s: cargo clippy -p truck-certified --all-targets -- -D warnings
12:54:45 START [cwd=C:\Users\stefa\look\loop\slots\0\wt] cargo --version
12:54:45 DONE exit=0 in 0s: cargo --version
12:55:49 START [cwd=C:\Users\stefa\look\loop\slots\1\wt] cargo test -p truck-stepio --test tolerance_stepio
12:55:56 DONE exit=101 in 6s: cargo test -p truck-stepio --test tolerance_stepio
12:55:56 START [cwd=C:\Users\stefa\look\loop\slots\2\wt] cargo check -p truck-evidence
12:56:16 DONE exit=101 in 19s: cargo check -p truck-evidence
12:56:16 START [cwd=C:\Users\stefa\look\loop\slots\0\wt] cargo fmt -p truck-certified
12:56:17 DONE exit=0 in 0s: cargo fmt -p truck-certified
12:56:17 START [cwd=C:\Users\stefa\look\loop\slots\0\wt] cargo clippy -p truck-certified --all-targets -- -D warnings
12:56:27 DONE exit=101 in 9s: cargo clippy -p truck-certified --all-targets -- -D warnings
12:56:29 START [cwd=C:\Users\stefa\look\loop\slots\2\wt] cargo check -p truck-evidence
12:56:30 DONE exit=0 in 1s: cargo check -p truck-evidence
12:56:31 START [cwd=C:\Users\stefa\look\loop\slots\1\wt] cargo test -p truck-stepio --test tolerance_stepio
12:56:39 DONE exit=0 in 8s: cargo test -p truck-stepio --test tolerance_stepio
12:56:39 START [cwd=C:\Users\stefa\look\loop\slots\2\wt] cargo test -p truck-evidence --lib num
12:57:06 DONE exit=101 in 27s: cargo test -p truck-evidence --lib num
12:57:06 START [cwd=C:\Users\stefa\look\loop\slots\0\wt] cargo test -p truck-certified --lib
12:57:19 DONE exit=101 in 12s: cargo test -p truck-certified --lib
12:57:19 START [cwd=C:\Users\stefa\look\loop\slots\1\wt] cargo test -p truck-stepio --test occt_high_roi_cluster_001
12:57:21 DONE exit=0 in 1s: cargo test -p truck-stepio --test occt_high_roi_cluster_001
12:57:24 START [cwd=C:\Users\stefa\look\loop\slots\2\wt] cargo test -p truck-evidence --lib num
12:57:26 DONE exit=101 in 1s: cargo test -p truck-evidence --lib num
12:57:27 START [cwd=C:\Users\stefa\look\loop\slots\1\wt] cargo test -p truck-stepio --tests --no-fail-fast
12:57:46 DONE exit=101 in 19s: cargo test -p truck-stepio --tests --no-fail-fast
12:57:46 START [cwd=C:\Users\stefa\look\loop\slots\2\wt] cargo test -p truck-evidence --lib num
12:57:47 DONE exit=101 in 0s: cargo test -p truck-evidence --lib num
12:57:50 START [cwd=C:\Users\stefa\look\loop\slots\2\wt] cargo test -p truck-evidence --lib num::parallelotope
12:57:50 DONE exit=101 in 0s: cargo test -p truck-evidence --lib num::parallelotope
12:58:03 START [cwd=C:\Users\stefa\look\loop\slots\2\wt] cargo test -p truck-evidence --lib num
12:58:05 DONE exit=0 in 1s: cargo test -p truck-evidence --lib num
12:58:05 START [cwd=C:\Users\stefa\look\loop\slots\1\wt] cargo check -p look
12:59:07 DONE exit=0 in 62s: cargo check -p look
12:59:07 START [cwd=C:\Users\stefa\look\loop\slots\0\wt] cargo test -p truck-certified --lib interval::bounds::tests::debug_probe -- --nocapture
12:59:11 DONE exit=0 in 3s: cargo test -p truck-certified --lib interval::bounds::tests::debug_probe -- --nocapture
12:59:19 START [cwd=C:\Users\stefa\look\loop\slots\1\wt] cargo test -p truck-stepio --test zz_probe_bracket -- --nocapture
12:59:21 DONE exit=101 in 1s: cargo test -p truck-stepio --test zz_probe_bracket -- --nocapture
12:59:29 START [cwd=C:\Users\stefa\look\loop\slots\1\wt] cargo test -p truck-stepio --test zz_probe_bracket -- --nocapture
12:59:30 DONE exit=0 in 1s: cargo test -p truck-stepio --test zz_probe_bracket -- --nocapture
12:59:37 START [cwd=C:\Users\stefa\look\loop\slots\1\wt] cargo test -p truck-stepio --test zz_probe_bracket -- --nocapture probe_styled_bracket_parses
12:59:38 DONE exit=0 in 1s: cargo test -p truck-stepio --test zz_probe_bracket -- --nocapture probe_styled_bracket_parses
12:59:49 START [cwd=C:\Users\stefa\look\loop\slots\1\wt] cargo fmt -p truck-stepio
12:59:49 DONE exit=0 in 0s: cargo fmt -p truck-stepio
12:59:50 START [cwd=C:\Users\stefa\look\loop\slots\1\wt] cargo fmt --check -p truck-stepio
12:59:50 DONE exit=0 in 0s: cargo fmt --check -p truck-stepio
12:59:54 START [cwd=C:\Users\stefa\look\loop\slots\1\wt] cargo clippy -p truck-stepio --all-targets -- -D warnings
13:00:01 DONE exit=101 in 7s: cargo clippy -p truck-stepio --all-targets -- -D warnings
13:00:15 START [cwd=C:\Users\stefa\look\loop\slots\1\wt] cargo check -p look
13:00:16 DONE exit=0 in 0s: cargo check -p look
13:01:58 START [cwd=C:\Users\stefa\look\loop\slots\0\wt] cargo test -p truck-certified --lib interval::bounds::tests::debug_probe -- --nocapture
13:02:02 DONE exit=0 in 4s: cargo test -p truck-certified --lib interval::bounds::tests::debug_probe -- --nocapture
13:02:28 START [cwd=C:\Users\stefa\look\loop\slots\2\wt] cargo check -p truck-certified
13:02:41 DONE exit=101 in 12s: cargo check -p truck-certified
13:02:44 START [cwd=C:\Users\stefa\look\loop\slots\0\wt] cargo fmt -p truck-certified
13:02:45 DONE exit=0 in 0s: cargo fmt -p truck-certified
13:02:46 START [cwd=C:\Users\stefa\look\loop\slots\0\wt] cargo test -p truck-certified --lib
13:02:52 DONE exit=0 in 5s: cargo test -p truck-certified --lib
13:03:02 START [cwd=C:\Users\stefa\look\loop\slots\0\wt] cargo fmt --check -p truck-certified
13:03:12 DONE exit=0 in 10s: cargo fmt --check -p truck-certified
13:03:13 START [cwd=C:\Users\stefa\look\loop\slots\0\wt] cargo clippy -p truck-certified --all-targets -- -D warnings
13:03:42 DONE exit=101 in 28s: cargo clippy -p truck-certified --all-targets -- -D warnings
13:03:50 START [cwd=C:\Users\stefa\look\loop\slots\0\wt] cargo check -p truck-evidence
13:03:50 DONE exit=0 in 0s: cargo check -p truck-evidence
13:04:08 START [cwd=C:\Users\stefa\look\loop\slots\2\wt] cargo check -p truck-certified
13:04:25 DONE exit=101 in 16s: cargo check -p truck-certified
13:04:25 START [cwd=C:\Users\stefa\look\loop\slots\0\wt] cargo fmt --check -p truck-certified
13:04:26 DONE exit=1 in 1s: cargo fmt --check -p truck-certified
13:04:32 START [cwd=C:\Users\stefa\look\loop\slots\0\wt] cargo fmt --check -p truck-certified
13:04:33 DONE exit=1 in 0s: cargo fmt --check -p truck-certified
13:04:50 START [cwd=C:\Users\stefa\look\loop\slots\0\wt] cargo test -p truck-certified --lib
13:04:58 DONE exit=0 in 8s: cargo test -p truck-certified --lib
13:05:15 START [cwd=C:\Users\stefa\look\loop\slots\0\wt] cargo check -p truck-certified --all-targets
13:05:26 DONE exit=0 in 11s: cargo check -p truck-certified --all-targets
13:05:26 START [cwd=C:\Users\stefa\look\loop\slots\2\wt] cargo check -p truck-certified
13:05:31 DONE exit=101 in 5s: cargo check -p truck-certified
13:05:33 START [cwd=C:\Users\stefa\look\loop\slots\0\wt] cargo check -p truck-evidence
13:05:34 DONE exit=0 in 0s: cargo check -p truck-evidence
13:05:39 START [cwd=C:\Users\stefa\look\loop\slots\2\wt] cargo check -p truck-certified
13:05:44 DONE exit=101 in 4s: cargo check -p truck-certified
13:05:50 START [cwd=C:\Users\stefa\look\loop\slots\2\wt] cargo check -p truck-certified
13:05:56 DONE exit=0 in 6s: cargo check -p truck-certified
13:06:01 START [cwd=C:\Users\stefa\look\loop\slots\3\wt] cargo check -p truck-geometry --tests
13:06:30 DONE exit=101 in 29s: cargo check -p truck-geometry --tests
13:06:36 START [cwd=C:\Users\stefa\look\loop\slots\2\wt] cargo check -p truck-certified
13:06:38 DONE exit=0 in 2s: cargo check -p truck-certified
13:08:01 START [cwd=C:\Users\stefa\look\loop\slots\3\wt] cargo fmt -p truck-geometry -p truck-modeling -p truck-shapeops
13:08:05 DONE exit=0 in 3s: cargo fmt -p truck-geometry -p truck-modeling -p truck-shapeops
13:08:08 START [cwd=C:\Users\stefa\look\loop\slots\3\wt] cargo check -p truck-geometry --tests
13:08:13 DONE exit=0 in 5s: cargo check -p truck-geometry --tests
13:08:21 START [cwd=C:\Users\stefa\look\loop\slots\3\wt] cargo test -p truck-geometry --lib carrier_
13:08:42 DONE exit=101 in 21s: cargo test -p truck-geometry --lib carrier_
13:08:50 START [cwd=C:\Users\stefa\look\loop\slots\2\wt] cargo test -p truck-certified --lib
13:09:17 DONE exit=0 in 27s: cargo test -p truck-certified --lib
13:09:22 START [cwd=C:\Users\stefa\look\loop\slots\2\wt] cargo test -p truck-certified --lib
13:09:23 DONE exit=0 in 1s: cargo test -p truck-certified --lib
13:09:32 START [cwd=C:\Users\stefa\look\loop\slots\2\wt] cargo fmt -p truck-certified -p truck-evidence
13:09:35 DONE exit=0 in 2s: cargo fmt -p truck-certified -p truck-evidence
13:09:35 START [cwd=C:\Users\stefa\look\loop\slots\2\wt] cargo fmt --check -p truck-certified -p truck-evidence
13:09:37 DONE exit=0 in 1s: cargo fmt --check -p truck-certified -p truck-evidence
13:09:40 START [cwd=C:\Users\stefa\look\loop\slots\2\wt] cargo clippy -p truck-certified -p truck-evidence --all-targets -- -D warnings
13:09:49 DONE exit=101 in 8s: cargo clippy -p truck-certified -p truck-evidence --all-targets -- -D warnings
13:09:57 START [cwd=C:\Users\stefa\look\loop\slots\2\wt] cargo clippy -p truck-evidence --all-targets -- -D warnings
13:09:59 DONE exit=101 in 2s: cargo clippy -p truck-evidence --all-targets -- -D warnings
13:10:30 START [cwd=C:\Users\stefa\look\loop\slots\2\wt] cargo clippy -p truck-evidence --all-targets -- -D warnings
13:10:34 DONE exit=101 in 3s: cargo clippy -p truck-evidence --all-targets -- -D warnings
13:10:39 START [cwd=C:\Users\stefa\look\loop\slots\2\wt] cargo clippy -p truck-evidence --all-targets -- -D warnings
13:10:42 DONE exit=101 in 3s: cargo clippy -p truck-evidence --all-targets -- -D warnings
13:11:14 START [cwd=C:\Users\stefa\look\loop\slots\2\wt] cargo clippy -p truck-evidence --lib -- -D warnings
13:11:15 DONE exit=0 in 0s: cargo clippy -p truck-evidence --lib -- -D warnings
13:11:19 START [cwd=C:\Users\stefa\look\loop\slots\2\wt] cargo clippy -p truck-certified --all-targets -- -D warnings
13:11:29 DONE exit=101 in 9s: cargo clippy -p truck-certified --all-targets -- -D warnings
13:11:32 START [cwd=C:\Users\stefa\look\loop\slots\3\wt] cargo fmt -p truck-geometry
13:11:32 DONE exit=0 in 0s: cargo fmt -p truck-geometry
13:11:33 START [cwd=C:\Users\stefa\look\loop\slots\3\wt] cargo test -p truck-geometry --lib carrier_
13:11:36 DONE exit=0 in 3s: cargo test -p truck-geometry --lib carrier_
13:11:42 START [cwd=C:\Users\stefa\look\loop\slots\3\wt] cargo test -p truck-geometry --lib swept_face_span
13:11:42 DONE exit=0 in 0s: cargo test -p truck-geometry --lib swept_face_span
13:11:46 START [cwd=C:\Users\stefa\look\loop\slots\3\wt] cargo test -p truck-geometry --lib
13:11:46 DONE exit=0 in 0s: cargo test -p truck-geometry --lib
13:11:55 START [cwd=C:\Users\stefa\look\loop\slots\3\wt] cargo test -p truck-geometry --tests
13:12:30 DONE exit=101 in 34s: cargo test -p truck-geometry --tests
13:12:52 START [cwd=C:\Users\stefa\look\loop\slots\2\wt] cargo clippy -p truck-certified --lib -- -D warnings
13:12:58 DONE exit=101 in 6s: cargo clippy -p truck-certified --lib -- -D warnings
13:13:12 START [cwd=C:\Users\stefa\look\loop\slots\2\wt] cargo clippy -p truck-certified --lib -- -D warnings
13:13:18 DONE exit=101 in 6s: cargo clippy -p truck-certified --lib -- -D warnings
13:13:18 START [cwd=C:\Users\stefa\look\loop\slots\3\wt] cargo test -p truck-geometry --test constructive_spine_enum
13:13:25 DONE exit=101 in 6s: cargo test -p truck-geometry --test constructive_spine_enum
13:13:34 START [cwd=C:\Users\stefa\look\loop\slots\2\wt] cargo fmt -p truck-certified -p truck-evidence
13:13:35 DONE exit=0 in 1s: cargo fmt -p truck-certified -p truck-evidence
13:13:35 START [cwd=C:\Users\stefa\look\loop\slots\3\wt] cargo clippy -p truck-geometry --all-targets -- -D warnings
13:13:42 DONE exit=101 in 6s: cargo clippy -p truck-geometry --all-targets -- -D warnings
13:13:42 START [cwd=C:\Users\stefa\look\loop\slots\2\wt] cargo fmt --check -p truck-certified -p truck-evidence
13:13:43 DONE exit=0 in 1s: cargo fmt --check -p truck-certified -p truck-evidence
13:13:46 START [cwd=C:\Users\stefa\look\loop\slots\2\wt] cargo test -p truck-certified --lib
13:13:55 DONE exit=0 in 8s: cargo test -p truck-certified --lib
13:13:59 START [cwd=C:\Users\stefa\look\loop\slots\2\wt] cargo test -p truck-evidence --lib num
13:14:03 DONE exit=0 in 3s: cargo test -p truck-evidence --lib num
13:14:04 START [cwd=C:\Users\stefa\look\loop\slots\2\wt] cargo check -p truck-shapeops
13:14:52 DONE exit=0 in 48s: cargo check -p truck-shapeops
13:14:52 START [cwd=C:\Users\stefa\look\loop\slots\3\wt] cargo fmt -p truck-geometry
13:14:53 DONE exit=0 in 0s: cargo fmt -p truck-geometry
13:14:53 START [cwd=C:\Users\stefa\look\loop\slots\3\wt] cargo clippy -p truck-geometry --all-targets -- -D warnings
13:14:59 DONE exit=0 in 6s: cargo clippy -p truck-geometry --all-targets -- -D warnings
13:15:04 START [cwd=C:\Users\stefa\look\loop\slots\3\wt] cargo fmt --check -p truck-geometry
13:15:05 DONE exit=0 in 0s: cargo fmt --check -p truck-geometry
13:15:09 START [cwd=C:\Users\stefa\look\loop\slots\3\wt] cargo check -p truck-certified -p truck-shapeops -p truck-meshalgo
13:16:03 DONE exit=101 in 54s: cargo check -p truck-certified -p truck-shapeops -p truck-meshalgo
13:16:03 START [cwd=C:\Users\stefa\look\loop\slots\2\wt] cargo fmt --check -p truck-certified -p truck-evidence
13:16:04 DONE exit=0 in 1s: cargo fmt --check -p truck-certified -p truck-evidence
13:16:05 START [cwd=C:\Users\stefa\look\loop\slots\2\wt] cargo test -p truck-certified --lib
13:16:07 DONE exit=0 in 1s: cargo test -p truck-certified --lib
13:16:08 START [cwd=C:\Users\stefa\look\loop\slots\2\wt] cargo test -p truck-evidence --lib num
13:16:08 DONE exit=0 in 0s: cargo test -p truck-evidence --lib num
13:16:29 START [cwd=C:\Users\stefa\look\loop\slots\2\wt] cargo fmt --check -p truck-certified -p truck-evidence
13:16:31 DONE exit=1 in 1s: cargo fmt --check -p truck-certified -p truck-evidence
13:16:35 START [cwd=C:\Users\stefa\look\loop\slots\2\wt] cargo fmt --check -p truck-certified -p truck-evidence
13:16:36 DONE exit=1 in 1s: cargo fmt --check -p truck-certified -p truck-evidence
13:16:39 START [cwd=C:\Users\stefa\look\loop\slots\3\wt] cargo fmt --check -p truck-geometry
13:16:39 DONE exit=0 in 0s: cargo fmt --check -p truck-geometry
13:16:57 START [cwd=C:\Users\stefa\look\loop\slots\2\wt] cargo test -p truck-certified --lib continuation_tracks_known_curve -- --nocapture
13:17:00 DONE exit=0 in 3s: cargo test -p truck-certified --lib continuation_tracks_known_curve -- --nocapture
13:17:35 START [cwd=C:\Users\stefa\look\loop\slots\2\wt] cargo test -p truck-certified --lib
13:17:39 DONE exit=0 in 4s: cargo test -p truck-certified --lib
13:18:06 START [cwd=C:\Users\stefa\look\loop\slots\2\wt] cargo test -p truck-certified --lib
13:18:12 DONE exit=0 in 5s: cargo test -p truck-certified --lib
13:18:12 START [cwd=C:\Users\stefa\look\loop\slots\2\wt] cargo test -p truck-evidence --lib num
13:18:14 DONE exit=0 in 1s: cargo test -p truck-evidence --lib num
13:18:50 START [cwd=C:\Users\stefa\look\loop\slots\2\wt] cargo test -p truck-evidence --lib
13:19:29 DONE exit=0 in 39s: cargo test -p truck-evidence --lib
13:35:56 START [cwd=C:\Users\stefa\AppData\Local\Temp\opencode\base-check] cargo test -p truck-geometry --test constructive_spine_enum general_spine_becomes_certifiedpatch_not_refused_for_promotion spine_enum_dispatches_general_to_the_landed_spine_curve
13:35:56 DONE exit=1 in 0s: cargo test -p truck-geometry --test constructive_spine_enum general_spine_becomes_certifiedpatch_not_refused_for_promotion spine_enum_dispatches_general_to_the_landed_spine_curve
13:36:06 START [cwd=C:\Users\stefa\AppData\Local\Temp\opencode\base-check] cargo test -p truck-geometry --test constructive_spine_enum
13:37:22 DONE exit=101 in 75s: cargo test -p truck-geometry --test constructive_spine_enum
13:37:35 START [cwd=C:\Users\stefa\AppData\Local\Temp\opencode\base-check] cargo test -p truck-geometry --test constructive_spine_enum
13:37:35 DONE exit=101 in 0s: cargo test -p truck-geometry --test constructive_spine_enum
13:38:13 START [cwd=C:\Users\stefa\look] cargo check -p truck-geometry -p truck-modeling -p truck-shapeops -p truck-stepio
13:40:54 DONE exit=0 in 161s: cargo check -p truck-geometry -p truck-modeling -p truck-shapeops -p truck-stepio
13:46:32 START [cwd=C:\Users\stefa\look] cargo check -p showcases
13:46:34 DONE exit=0 in 1s: cargo check -p showcases
13:48:25 START [cwd=C:\Users\stefa\look\loop\slots\0\wt] cargo fmt -p truck-certified
13:48:26 DONE exit=0 in 1s: cargo fmt -p truck-certified
13:48:31 START [cwd=C:\Users\stefa\look\loop\slots\0\wt] cargo check -p truck-certified
13:48:54 DONE exit=101 in 22s: cargo check -p truck-certified
13:49:13 START [cwd=C:\Users\stefa\look\loop\slots\0\wt] cargo check -p truck-certified
13:49:18 DONE exit=0 in 4s: cargo check -p truck-certified
13:49:23 START [cwd=C:\Users\stefa\look\loop\slots\0\wt] cargo test -p truck-certified --lib --no-run
13:49:34 DONE exit=101 in 10s: cargo test -p truck-certified --lib --no-run
13:49:50 START [cwd=C:\Users\stefa\look\loop\slots\0\wt] cargo test -p truck-certified --lib --no-run
13:50:02 DONE exit=0 in 12s: cargo test -p truck-certified --lib --no-run
13:50:07 START [cwd=C:\Users\stefa\look\loop\slots\0\wt] cargo test -p truck-certified --lib closure::tests::slope_diagnostic_orders_escalation
13:50:08 DONE exit=0 in 0s: cargo test -p truck-certified --lib closure::tests::slope_diagnostic_orders_escalation
13:50:11 START [cwd=C:\Users\stefa\look\loop\slots\0\wt] cargo test -p truck-certified --lib closure::tests::retry_terminates_or_escalates
13:50:13 DONE exit=0 in 2s: cargo test -p truck-certified --lib closure::tests::retry_terminates_or_escalates
13:50:18 START [cwd=C:\Users\stefa\look\loop\slots\0\wt] cargo test -p truck-certified --lib closure::tests::polar_exclusion_disposes_known_loop
13:50:19 DONE exit=0 in 0s: cargo test -p truck-certified --lib closure::tests::polar_exclusion_disposes_known_loop
13:50:24 START [cwd=C:\Users\stefa\look\loop\slots\0\wt] cargo test -p truck-certified --lib closure::tests::no_loop_property_holds_on_every_cover
13:50:25 DONE exit=0 in 1s: cargo test -p truck-certified --lib closure::tests::no_loop_property_holds_on_every_cover
13:50:35 START [cwd=C:\Users\stefa\look\loop\slots\0\wt] cargo test -p truck-certified --lib
13:50:40 DONE exit=0 in 5s: cargo test -p truck-certified --lib
13:50:47 START [cwd=C:\Users\stefa\look\loop\slots\0\wt] cargo fmt --check -p truck-certified
13:50:49 DONE exit=0 in 1s: cargo fmt --check -p truck-certified
13:50:54 START [cwd=C:\Users\stefa\look\loop\slots\0\wt] cargo clippy -p truck-certified --all-targets -- -D warnings
13:51:23 DONE exit=101 in 29s: cargo clippy -p truck-certified --all-targets -- -D warnings
13:51:52 START [cwd=C:\Users\stefa\look\loop\slots\0\wt] cargo --version
13:51:52 DONE exit=0 in 0s: cargo --version
13:52:41 START [cwd=C:\Users\stefa\look\loop\slots\0\wt] cargo fmt -p truck-certified
13:52:42 DONE exit=0 in 1s: cargo fmt -p truck-certified
13:52:43 START [cwd=C:\Users\stefa\look\loop\slots\0\wt] cargo test -p truck-certified --lib closure::tests
13:52:50 DONE exit=0 in 6s: cargo test -p truck-certified --lib closure::tests
13:52:54 START [cwd=C:\Users\stefa\look\loop\slots\0\wt] cargo clippy -p truck-certified --all-targets -- -D warnings
13:53:04 DONE exit=101 in 10s: cargo clippy -p truck-certified --all-targets -- -D warnings
13:53:18 START [cwd=C:\Users\stefa\look\loop\slots\0\wt] cargo check -p truck-evidence -p truck-shapeops
13:53:40 DONE exit=0 in 21s: cargo check -p truck-evidence -p truck-shapeops
13:53:53 START [cwd=C:\Users\stefa\look\loop\slots\1\wt] cargo fmt -p truck-geometry
13:53:53 DONE exit=0 in 0s: cargo fmt -p truck-geometry
13:53:57 START [cwd=C:\Users\stefa\look\loop\slots\1\wt] cargo check -p truck-geometry
13:54:16 DONE exit=0 in 19s: cargo check -p truck-geometry
13:54:20 START [cwd=C:\Users\stefa\look\loop\slots\0\wt] cargo fmt --check -p truck-certified
13:54:21 DONE exit=1 in 1s: cargo fmt --check -p truck-certified
13:54:29 START [cwd=C:\Users\stefa\look\loop\slots\1\wt] cargo fmt -p truck-geometry
13:54:29 DONE exit=0 in 0s: cargo fmt -p truck-geometry
13:54:30 START [cwd=C:\Users\stefa\look\loop\slots\1\wt] cargo check -p truck-geometry
13:54:31 DONE exit=0 in 0s: cargo check -p truck-geometry
13:54:35 START [cwd=C:\Users\stefa\look\loop\slots\1\wt] cargo test -p truck-geometry --lib --tests
13:55:22 DONE exit=101 in 46s: cargo test -p truck-geometry --lib --tests
13:55:22 START [cwd=C:\Users\stefa\look\loop\slots\0\wt] cargo test -p truck-certified --lib
13:55:27 DONE exit=0 in 5s: cargo test -p truck-certified --lib
13:55:30 START [cwd=C:\Users\stefa\look\loop\slots\1\wt] cargo test -p truck-geometry --test constructive_spine_enum
13:55:36 DONE exit=101 in 5s: cargo test -p truck-geometry --test constructive_spine_enum
13:55:44 START [cwd=C:\Users\stefa\look\loop\slots\1\wt] cargo test -p truck-geometry --lib
13:55:47 DONE exit=0 in 2s: cargo test -p truck-geometry --lib
13:55:54 START [cwd=C:\Users\stefa\look\loop\slots\1\wt] cargo clippy -p truck-geometry --all-targets -- -D warnings
13:56:02 DONE exit=101 in 8s: cargo clippy -p truck-geometry --all-targets -- -D warnings
13:56:08 START [cwd=C:\Users\stefa\look\loop\slots\1\wt] cargo fmt -p truck-geometry
13:56:09 DONE exit=0 in 0s: cargo fmt -p truck-geometry
13:56:10 START [cwd=C:\Users\stefa\look\loop\slots\1\wt] cargo clippy -p truck-geometry --all-targets -- -D warnings
13:56:16 DONE exit=0 in 6s: cargo clippy -p truck-geometry --all-targets -- -D warnings
13:56:20 START [cwd=C:\Users\stefa\look\loop\slots\1\wt] cargo fmt --check -p truck-geometry
13:56:20 DONE exit=0 in 0s: cargo fmt --check -p truck-geometry
13:56:24 START [cwd=C:\Users\stefa\look\loop\slots\1\wt] cargo check -p truck-shapeops -p truck-certified
13:56:47 DONE exit=0 in 22s: cargo check -p truck-shapeops -p truck-certified
13:56:51 START [cwd=C:\Users\stefa\look\loop\slots\1\wt] cargo test -p truck-geometry --lib --tests
13:57:07 DONE exit=101 in 15s: cargo test -p truck-geometry --lib --tests
13:57:25 START [cwd=C:\Users\stefa\look\loop\slots\1\wt] cargo test -p truck-geometry --test bspcurve parameter_random_tests
13:57:25 DONE exit=0 in 0s: cargo test -p truck-geometry --test bspcurve parameter_random_tests
13:57:26 START [cwd=C:\Users\stefa\look\loop\slots\1\wt] cargo test -p truck-geometry --test bspcurve parameter_random_tests
13:57:26 DONE exit=0 in 0s: cargo test -p truck-geometry --test bspcurve parameter_random_tests
13:57:26 START [cwd=C:\Users\stefa\look\loop\slots\1\wt] cargo test -p truck-geometry --test bspcurve parameter_random_tests
13:57:27 DONE exit=0 in 0s: cargo test -p truck-geometry --test bspcurve parameter_random_tests
13:57:39 START [cwd=C:\Users\stefa\look\loop\slots\1\wt] cargo fmt --check -p truck-geometry
13:57:39 DONE exit=0 in 0s: cargo fmt --check -p truck-geometry
13:57:40 START [cwd=C:\Users\stefa\look\loop\slots\1\wt] cargo test -p truck-geometry --lib
13:57:40 DONE exit=0 in 0s: cargo test -p truck-geometry --lib
14:04:26 START [cwd=C:\Users\stefa\look\loop\slots\2\wt] cargo fmt --check -p showcases
14:04:26 DONE exit=1 in 0s: cargo fmt --check -p showcases
14:04:29 START [cwd=C:\Users\stefa\look\loop\slots\2\wt] cargo fmt -p showcases
14:04:29 DONE exit=0 in 0s: cargo fmt -p showcases
14:04:36 START [cwd=C:\Users\stefa\look\loop\slots\2\wt] cargo fmt --check -p showcases
14:04:37 DONE exit=0 in 0s: cargo fmt --check -p showcases
14:04:40 START [cwd=C:\Users\stefa\look\loop\slots\2\wt] cargo clippy -p showcases --all-targets -- -D warnings
14:05:52 DONE exit=101 in 72s: cargo clippy -p showcases --all-targets -- -D warnings
14:06:14 START [cwd=C:\Users\stefa\look\loop\slots\2\wt] cargo clippy --version
14:06:14 DONE exit=0 in 0s: cargo clippy --version
14:06:36 START [cwd=C:\Users\stefa\look\loop\slots\2\wt] cargo clippy -p showcases --all-targets --no-deps -- -D warnings
14:06:52 DONE exit=101 in 16s: cargo clippy -p showcases --all-targets --no-deps -- -D warnings
14:07:07 START [cwd=C:\Users\stefa\look\loop\slots\2\wt] cargo test -p showcases --tests
14:09:12 DONE exit=0 in 124s: cargo test -p showcases --tests
14:09:40 START [cwd=C:\Users\stefa\look\loop\slots\2\wt] cargo fmt --check -p showcases
14:09:40 DONE exit=1 in 0s: cargo fmt --check -p showcases
14:09:47 START [cwd=C:\Users\stefa\look\loop\slots\2\wt] cargo fmt --check -p showcases
14:09:47 DONE exit=0 in 0s: cargo fmt --check -p showcases
14:09:50 START [cwd=C:\Users\stefa\look\loop\slots\2\wt] cargo test -p showcases --tests
14:10:32 DONE exit=0 in 41s: cargo test -p showcases --tests
14:11:10 START [cwd=C:\Users\stefa\look\loop\slots\2\wt] cargo test -p showcases --tests
14:11:58 DONE exit=0 in 48s: cargo test -p showcases --tests
14:12:11 START [cwd=C:\Users\stefa\look\loop\slots\2\wt] cargo fmt --check -p showcases
14:12:11 DONE exit=1 in 0s: cargo fmt --check -p showcases
14:21:33 START [cwd=C:\Users\stefa\look\loop\slots\0\wt] cargo check -p truck-evidence
14:21:42 DONE exit=0 in 9s: cargo check -p truck-evidence
14:21:56 START [cwd=C:\Users\stefa\look\loop\slots\0\wt] cargo check -p truck-shapeops
14:22:33 DONE exit=0 in 37s: cargo check -p truck-shapeops
14:22:45 START [cwd=C:\Users\stefa\look\loop\slots\0\wt] cargo check -p truck-shapeops -p truck-evidence
14:22:46 DONE exit=0 in 0s: cargo check -p truck-shapeops -p truck-evidence
14:27:40 START [cwd=C:\Users\stefa\look\loop\slots\0\wt] cargo test -p truck-shapeops --lib --no-run
14:29:49 DONE exit=101 in 128s: cargo test -p truck-shapeops --lib --no-run
14:29:55 START [cwd=C:\Users\stefa\look\loop\slots\0\wt] cargo test -p truck-shapeops --lib --no-run
14:30:48 DONE exit=101 in 53s: cargo test -p truck-shapeops --lib --no-run
14:31:44 START [cwd=C:\Users\stefa\look\loop\slots\0\wt] cargo test -p truck-shapeops --lib --no-run
14:32:05 DONE exit=0 in 20s: cargo test -p truck-shapeops --lib --no-run
14:32:09 START [cwd=C:\Users\stefa\look\loop\slots\0\wt] cargo test -p truck-shapeops --lib provenance_records_sweep_fragments sweep_stratum_lifts_with_window sweep_pairs_reach_interaction_solver -- --nocapture
14:32:09 DONE exit=1 in 0s: cargo test -p truck-shapeops --lib provenance_records_sweep_fragments sweep_stratum_lifts_with_window sweep_pairs_reach_interaction_solver -- --nocapture
14:32:12 START [cwd=C:\Users\stefa\look\loop\slots\0\wt] cargo test -p truck-shapeops --lib sweep_ -- --nocapture
14:32:14 DONE exit=101 in 2s: cargo test -p truck-shapeops --lib sweep_ -- --nocapture
14:32:53 START [cwd=C:\Users\stefa\look\loop\slots\0\wt] cargo test -p truck-shapeops --lib assembler_emits_windowed_sweep_faces sweep_stratum_lifts_with_window -- --nocapture
14:32:53 DONE exit=1 in 0s: cargo test -p truck-shapeops --lib assembler_emits_windowed_sweep_faces sweep_stratum_lifts_with_window -- --nocapture
14:32:58 START [cwd=C:\Users\stefa\look\loop\slots\0\wt] cargo test -p truck-shapeops --lib assembler_emits_windowed_sweep_faces -- --nocapture
14:33:06 DONE exit=101 in 7s: cargo test -p truck-shapeops --lib assembler_emits_windowed_sweep_faces -- --nocapture
14:34:49 START [cwd=C:\Users\stefa\look\loop\slots\0\wt] cargo test -p truck-shapeops --lib assembler_emits_windowed_sweep_faces -- --nocapture
14:34:56 DONE exit=101 in 7s: cargo test -p truck-shapeops --lib assembler_emits_windowed_sweep_faces -- --nocapture
14:35:20 START [cwd=C:\Users\stefa\look\loop\slots\0\wt] cargo test -p truck-shapeops --lib assembler_emits_windowed_sweep_faces -- --nocapture
14:35:25 DONE exit=101 in 5s: cargo test -p truck-shapeops --lib assembler_emits_windowed_sweep_faces -- --nocapture
14:35:50 START [cwd=C:\Users\stefa\look\loop\slots\0\wt] cargo test -p truck-shapeops --lib assembler_emits_windowed_sweep_faces -- --nocapture
14:35:55 DONE exit=101 in 4s: cargo test -p truck-shapeops --lib assembler_emits_windowed_sweep_faces -- --nocapture
14:36:22 START [cwd=C:\Users\stefa\look\loop\slots\0\wt] cargo test -p truck-shapeops --lib assembler_emits_windowed_sweep_faces -- --nocapture
14:36:30 DONE exit=101 in 7s: cargo test -p truck-shapeops --lib assembler_emits_windowed_sweep_faces -- --nocapture
14:36:52 START [cwd=C:\Users\stefa\AppData\Local\Temp\opencode\cycprobe] cargo check -p a --tests
14:36:52 DONE exit=0 in 0s: cargo check -p a --tests
14:37:06 START [cwd=C:\Users\stefa\look\loop\slots\0\wt] cargo test -p truck-shapeops --lib assembler_emits_windowed_sweep_faces -- --nocapture
14:37:07 DONE exit=101 in 1s: cargo test -p truck-shapeops --lib assembler_emits_windowed_sweep_faces -- --nocapture
14:37:11 START [cwd=C:\Users\stefa\look\loop\slots\0\wt] cargo test -p truck-shapeops --lib assembler_emits_windowed_sweep_faces sweep_stratum_lifts_with_window
14:37:11 DONE exit=1 in 0s: cargo test -p truck-shapeops --lib assembler_emits_windowed_sweep_faces sweep_stratum_lifts_with_window
14:37:15 START [cwd=C:\Users\stefa\look\loop\slots\0\wt] cargo test -p truck-shapeops --lib assembler_emits_windowed_sweep_faces
14:37:16 DONE exit=101 in 0s: cargo test -p truck-shapeops --lib assembler_emits_windowed_sweep_faces
14:37:22 START [cwd=C:\Users\stefa\look\loop\slots\0\wt] cargo test -p truck-shapeops --lib assembler_emits_windowed_sweep_faces
14:37:28 DONE exit=0 in 5s: cargo test -p truck-shapeops --lib assembler_emits_windowed_sweep_faces
14:37:42 START [cwd=C:\Users\stefa\look\loop\slots\0\wt] cargo test -p truck-shapeops --lib
14:37:51 DONE exit=101 in 8s: cargo test -p truck-shapeops --lib
14:38:21 START [cwd=C:\Users\stefa\look\loop\slots\0\wt] cargo test -p truck-shapeops --lib classifier_seeds_from_arrangement_cells
14:38:26 DONE exit=0 in 5s: cargo test -p truck-shapeops --lib classifier_seeds_from_arrangement_cells
14:38:35 START [cwd=C:\Users\stefa\look\loop\slots\0\wt] cargo test -p truck-shapeops --lib
14:38:43 DONE exit=101 in 8s: cargo test -p truck-shapeops --lib
14:39:03 START [cwd=C:\Users\stefa\look\loop\slots\0\wt] cargo fmt -p truck-evidence -p truck-shapeops
14:39:04 DONE exit=0 in 1s: cargo fmt -p truck-evidence -p truck-shapeops
14:39:09 START [cwd=C:\Users\stefa\look\loop\slots\0\wt] cargo fmt -p truck-evidence -p truck-shapeops -- --check
14:39:10 DONE exit=0 in 0s: cargo fmt -p truck-evidence -p truck-shapeops -- --check
14:39:13 START [cwd=C:\Users\stefa\look\loop\slots\0\wt] cargo clippy -p truck-evidence -p truck-shapeops --all-targets -- -D warnings
14:39:31 DONE exit=101 in 17s: cargo clippy -p truck-evidence -p truck-shapeops --all-targets -- -D warnings
14:39:54 START [cwd=C:\Users\stefa\look\loop\slots\0\wt] cargo test -p truck-evidence --lib contact
14:40:11 DONE exit=0 in 17s: cargo test -p truck-evidence --lib contact
14:40:15 START [cwd=C:\Users\stefa\look\loop\slots\0\wt] cargo check -p truck-certified
14:40:21 DONE exit=0 in 6s: cargo check -p truck-certified
14:40:25 START [cwd=C:\Users\stefa\look\loop\slots\0\wt] cargo test -p truck-shapeops --lib --tests
14:40:53 DONE exit=101 in 28s: cargo test -p truck-shapeops --lib --tests
14:41:13 START [cwd=C:\Users\stefa\look\loop\slots\0\wt] cargo test -p truck-shapeops --test boolean_m2
14:41:14 DONE exit=0 in 1s: cargo test -p truck-shapeops --test boolean_m2
14:41:35 START [cwd=C:\Users\stefa\look\loop\slots\0\wt] cargo test -p truck-shapeops --lib step_import
14:41:56 DONE exit=101 in 20s: cargo test -p truck-shapeops --lib step_import
14:42:05 START [cwd=C:\Users\stefa\look\loop\slots\0\wt] cargo clippy -p truck-shapeops -p truck-evidence --all-targets --no-deps -- -D warnings
14:42:17 DONE exit=101 in 11s: cargo clippy -p truck-shapeops -p truck-evidence --all-targets --no-deps -- -D warnings
14:42:22 START [cwd=C:\Users\stefa\look\loop\slots\0\wt] cargo clippy -p truck-shapeops -p truck-evidence --lib --no-deps -- -D warnings
14:42:29 DONE exit=101 in 6s: cargo clippy -p truck-shapeops -p truck-evidence --lib --no-deps -- -D warnings
14:42:38 START [cwd=C:\Users\stefa\look\loop\slots\0\wt] cargo clippy -p truck-shapeops -p truck-evidence --lib --no-deps -- -D warnings
14:42:40 DONE exit=0 in 1s: cargo clippy -p truck-shapeops -p truck-evidence --lib --no-deps -- -D warnings
14:42:44 START [cwd=C:\Users\stefa\look\loop\slots\0\wt] cargo test -p truck-shapeops --lib
14:43:12 DONE exit=101 in 27s: cargo test -p truck-shapeops --lib
14:43:15 START [cwd=C:\Users\stefa\look\loop\slots\0\wt] cargo fmt -p truck-evidence -p truck-shapeops
14:43:16 DONE exit=0 in 0s: cargo fmt -p truck-evidence -p truck-shapeops
14:43:17 START [cwd=C:\Users\stefa\look\loop\slots\0\wt] cargo fmt -p truck-evidence -p truck-shapeops -- --check
14:43:17 DONE exit=0 in 0s: cargo fmt -p truck-evidence -p truck-shapeops -- --check
14:43:21 START [cwd=C:\Users\stefa\look\loop\slots\0\wt] cargo test -p truck-shapeops --lib sweep_
14:43:22 DONE exit=0 in 0s: cargo test -p truck-shapeops --lib sweep_
14:43:22 START [cwd=C:\Users\stefa\look\loop\slots\0\wt] cargo test -p truck-shapeops --lib classifier_seeds_from_arrangement_cells
14:43:23 DONE exit=0 in 0s: cargo test -p truck-shapeops --lib classifier_seeds_from_arrangement_cells
14:43:23 START [cwd=C:\Users\stefa\look\loop\slots\0\wt] cargo test -p truck-shapeops --lib provenance_records_sweep_fragments
14:43:24 DONE exit=0 in 0s: cargo test -p truck-shapeops --lib provenance_records_sweep_fragments
14:43:30 START [cwd=C:\Users\stefa\look\loop\slots\0\wt] cargo test -p truck-shapeops --tests
14:43:39 DONE exit=101 in 8s: cargo test -p truck-shapeops --tests
14:43:48 START [cwd=C:\Users\stefa\look\loop\slots\0\wt] cargo test -p truck-shapeops --test cc024_offset_exact --test cut_boundaries
14:43:49 DONE exit=0 in 0s: cargo test -p truck-shapeops --test cc024_offset_exact --test cut_boundaries
14:43:55 START [cwd=C:\Users\stefa\look\loop\slots\0\wt] cargo test -p truck-shapeops --test conformance_battery --test resew --test fillet_circle
14:43:57 DONE exit=0 in 1s: cargo test -p truck-shapeops --test conformance_battery --test resew --test fillet_circle
14:44:17 START [cwd=C:\Users\stefa\look\loop\slots\0\wt] cargo fmt -p truck-shapeops
14:44:18 DONE exit=0 in 0s: cargo fmt -p truck-shapeops
14:44:18 START [cwd=C:\Users\stefa\look\loop\slots\0\wt] cargo test -p truck-shapeops --lib sweep_
14:44:23 DONE exit=0 in 5s: cargo test -p truck-shapeops --lib sweep_
14:44:24 START [cwd=C:\Users\stefa\look\loop\slots\0\wt] cargo clippy -p truck-shapeops --lib --no-deps -- -D warnings
14:44:25 DONE exit=0 in 1s: cargo clippy -p truck-shapeops --lib --no-deps -- -D warnings
14:50:47 START [cwd=C:\Users\stefa\look\loop\slots\1\wt] cargo check -p truck-modeling --tests
14:51:44 DONE exit=101 in 57s: cargo check -p truck-modeling --tests
14:51:44 START [cwd=C:\Users\stefa\look] cargo check -p truck-evidence -p truck-shapeops
14:52:36 DONE exit=0 in 52s: cargo check -p truck-evidence -p truck-shapeops
14:55:39 START [cwd=C:\Users\stefa\look\loop\slots\1\wt] cargo --version
14:55:39 DONE exit=0 in 0s: cargo --version
15:04:37 START [cwd=C:\Users\stefa\look\loop\slots\0\wt] cargo --version
15:04:38 DONE exit=0 in 0s: cargo --version
15:06:41 START [cwd=C:\Users\stefa\look\loop\slots\0\wt] cargo fmt -p truck-shapeops
15:06:42 DONE exit=0 in 0s: cargo fmt -p truck-shapeops
15:06:42 START [cwd=C:\Users\stefa\look\loop\slots\0\wt] cargo fmt --check -p truck-shapeops
15:06:43 DONE exit=0 in 0s: cargo fmt --check -p truck-shapeops
15:06:46 START [cwd=C:\Users\stefa\look\loop\slots\0\wt] cargo check -p truck-shapeops --tests
15:06:56 DONE exit=0 in 10s: cargo check -p truck-shapeops --tests
15:06:59 START [cwd=C:\Users\stefa\look\loop\slots\0\wt] cargo test -p truck-shapeops --test bie_gates --locked
15:07:06 DONE exit=101 in 6s: cargo test -p truck-shapeops --test bie_gates --locked
15:07:13 START [cwd=C:\Users\stefa\look\loop\slots\0\wt] cargo test -p truck-shapeops --test bie_gates --locked
15:07:14 DONE exit=101 in 0s: cargo test -p truck-shapeops --test bie_gates --locked
15:07:26 START [cwd=C:\Users\stefa\look\loop\slots\0\wt] cargo test -p truck-shapeops --test bie_gates --locked
15:07:26 DONE exit=101 in 0s: cargo test -p truck-shapeops --test bie_gates --locked
15:08:00 START [cwd=C:\Users\stefa\look\loop\slots\0\wt] cargo test -p truck-shapeops --test bie_gates --locked temp_diag -- --nocapture
15:08:02 DONE exit=0 in 2s: cargo test -p truck-shapeops --test bie_gates --locked temp_diag -- --nocapture
15:08:57 START [cwd=C:\Users\stefa\look\loop\slots\0\wt] cargo test -p truck-shapeops --test bie_gates --locked temp_diag -- --nocapture
15:08:59 DONE exit=0 in 2s: cargo test -p truck-shapeops --test bie_gates --locked temp_diag -- --nocapture
15:09:45 START [cwd=C:\Users\stefa\look\loop\slots\0\wt] cargo test -p truck-shapeops --test bie_gates --locked temp_diag -- --nocapture
15:09:48 DONE exit=0 in 2s: cargo test -p truck-shapeops --test bie_gates --locked temp_diag -- --nocapture
15:10:47 START [cwd=C:\Users\stefa\look\loop\slots\0\wt] cargo fmt -p truck-shapeops
15:10:48 DONE exit=0 in 0s: cargo fmt -p truck-shapeops
15:10:48 START [cwd=C:\Users\stefa\look\loop\slots\0\wt] cargo test -p truck-shapeops --test bie_gates --locked
15:10:51 DONE exit=101 in 3s: cargo test -p truck-shapeops --test bie_gates --locked
15:11:12 START [cwd=C:\Users\stefa\look\loop\slots\0\wt] cargo test -p truck-shapeops --test bie_gates --locked temp_meas -- --nocapture
15:11:14 DONE exit=0 in 1s: cargo test -p truck-shapeops --test bie_gates --locked temp_meas -- --nocapture
15:14:13 START [cwd=C:\Users\stefa\look\loop\slots\0\wt] cargo fmt -p truck-shapeops
15:14:14 DONE exit=0 in 0s: cargo fmt -p truck-shapeops
15:14:14 START [cwd=C:\Users\stefa\look\loop\slots\0\wt] cargo test -p truck-shapeops --test bie_gates --locked temp_meas -- --nocapture
15:14:17 DONE exit=0 in 2s: cargo test -p truck-shapeops --test bie_gates --locked temp_meas -- --nocapture
15:14:49 START [cwd=C:\Users\stefa\look\loop\slots\0\wt] cargo fmt -p truck-shapeops
15:14:49 DONE exit=0 in 0s: cargo fmt -p truck-shapeops
15:14:50 START [cwd=C:\Users\stefa\look\loop\slots\0\wt] cargo test -p truck-shapeops --test bie_gates --locked
15:14:52 DONE exit=0 in 2s: cargo test -p truck-shapeops --test bie_gates --locked
15:15:04 START [cwd=C:\Users\stefa\look\loop\slots\0\wt] cargo fmt --check -p truck-shapeops
15:15:05 DONE exit=0 in 0s: cargo fmt --check -p truck-shapeops
15:15:08 START [cwd=C:\Users\stefa\look\loop\slots\0\wt] cargo clippy -p truck-shapeops --all-targets --locked -- -D warnings
15:15:23 DONE exit=101 in 14s: cargo clippy -p truck-shapeops --all-targets --locked -- -D warnings
15:16:02 START [cwd=C:\Users\stefa\look\loop\slots\0\wt] cargo clippy -p truck-shapeops --all-targets --locked --no-deps -- -D warnings
15:16:14 DONE exit=101 in 11s: cargo clippy -p truck-shapeops --all-targets --locked --no-deps -- -D warnings
15:16:48 START [cwd=C:\Users\stefa\look\loop\slots\0\wt] cargo fmt -p truck-shapeops
15:16:48 DONE exit=0 in 0s: cargo fmt -p truck-shapeops
15:16:48 START [cwd=C:\Users\stefa\look\loop\slots\0\wt] cargo clippy -p truck-shapeops --lib --locked --no-deps -- -D warnings
15:16:50 DONE exit=0 in 1s: cargo clippy -p truck-shapeops --lib --locked --no-deps -- -D warnings
15:16:55 START [cwd=C:\Users\stefa\look\loop\slots\0\wt] cargo clippy -p truck-shapeops --test bie_gates --locked --no-deps -- -D warnings
15:16:55 DONE exit=101 in 0s: cargo clippy -p truck-shapeops --test bie_gates --locked --no-deps -- -D warnings
15:17:50 START [cwd=C:\Users\stefa\look\loop\slots\0\wt] cargo fmt -p truck-shapeops
15:17:51 DONE exit=0 in 0s: cargo fmt -p truck-shapeops
15:17:51 START [cwd=C:\Users\stefa\look\loop\slots\0\wt] cargo clippy -p truck-shapeops --test bie_gates --locked --no-deps -- -D warnings
15:17:52 DONE exit=0 in 0s: cargo clippy -p truck-shapeops --test bie_gates --locked --no-deps -- -D warnings
15:17:57 START [cwd=C:\Users\stefa\look\loop\slots\0\wt] cargo test -p truck-shapeops --lib --tests --locked
15:18:16 DONE exit=101 in 19s: cargo test -p truck-shapeops --lib --tests --locked
15:18:59 START [cwd=C:\Users\stefa\look\loop\slots\0\wt] cargo test -p truck-shapeops --tests --locked
15:19:02 DONE exit=101 in 2s: cargo test -p truck-shapeops --tests --locked
15:19:16 START [cwd=C:\Users\stefa\look\loop\slots\0\wt] cargo test -p truck-shapeops --test boolean_m2 --locked
15:19:20 DONE exit=0 in 4s: cargo test -p truck-shapeops --test boolean_m2 --locked
15:19:33 START [cwd=C:\Users\stefa\look\loop\slots\0\wt] cargo check -p truck-certified -p truck-evidence --locked
15:19:35 DONE exit=0 in 2s: cargo check -p truck-certified -p truck-evidence --locked
15:19:39 START [cwd=C:\Users\stefa\look\loop\slots\0\wt] cargo test -p truck-shapeops --locked --test boolean_m2 --test conformance_battery --test chamfer --test cc024_offset_exact --test split_plane --test resew --test interior_loop --test tolerance_migration --test transform_metamorphic --test cut_boundaries --test fillet --test fillet_circle --test fillet_pp
15:19:42 DONE exit=101 in 2s: cargo test -p truck-shapeops --locked --test boolean_m2 --test conformance_battery --test chamfer --test cc024_offset_exact --test split_plane --test resew --test interior_loop --test tolerance_migration --test transform_metamorphic --test cut_boundaries --test fillet --test fillet_circle --test fillet_pp
15:19:51 START [cwd=C:\Users\stefa\look\loop\slots\0\wt] cargo test -p truck-shapeops --test fillet --locked
15:19:52 DONE exit=101 in 1s: cargo test -p truck-shapeops --test fillet --locked
15:20:07 START [cwd=C:\Users\stefa\look\loop\slots\0\wt] cargo test -p truck-shapeops --test fillet --locked
15:20:13 DONE exit=101 in 6s: cargo test -p truck-shapeops --test fillet --locked
15:21:03 START [cwd=C:\Users\stefa\look\loop\slots\0\wt] cargo fmt -p truck-shapeops
15:21:03 DONE exit=0 in 0s: cargo fmt -p truck-shapeops
15:21:04 START [cwd=C:\Users\stefa\look\loop\slots\0\wt] cargo fmt --check -p truck-shapeops
15:21:04 DONE exit=0 in 0s: cargo fmt --check -p truck-shapeops
15:21:08 START [cwd=C:\Users\stefa\look\loop\slots\0\wt] cargo test -p truck-shapeops --test bie_gates --locked
15:21:40 DONE exit=0 in 32s: cargo test -p truck-shapeops --test bie_gates --locked
15:21:41 START [cwd=C:\Users\stefa\look\loop\slots\0\wt] cargo clippy -p truck-shapeops --lib --locked --no-deps -- -D warnings
15:21:51 DONE exit=0 in 9s: cargo clippy -p truck-shapeops --lib --locked --no-deps -- -D warnings
15:21:51 START [cwd=C:\Users\stefa\look\loop\slots\0\wt] cargo clippy -p truck-shapeops --test bie_gates --locked --no-deps -- -D warnings
15:21:52 DONE exit=0 in 0s: cargo clippy -p truck-shapeops --test bie_gates --locked --no-deps -- -D warnings
15:21:58 START [cwd=C:\Users\stefa\look\loop\slots\0\wt] cargo test -p truck-shapeops --lib --locked -- --skip step_import
15:22:14 DONE exit=0 in 15s: cargo test -p truck-shapeops --lib --locked -- --skip step_import
16:03:01 START [cwd=C:\Users\stefa\look\loop\slots\0\wt] cargo --version
16:03:01 DONE exit=0 in 0s: cargo --version
16:04:12 START [cwd=C:\Users\stefa\AppData\Local\Temp\opencode\pb004scratch] cargo test --offline
16:04:12 DONE exit=101 in 0s: cargo test --offline
16:04:15 START [cwd=C:\Users\stefa\AppData\Local\Temp\opencode\pb004scratch] cargo test
16:04:49 DONE exit=101 in 34s: cargo test
16:08:00 START [cwd=C:\Users\stefa\AppData\Local\Temp\opencode\pb004scratch] cargo test
16:08:10 DONE exit=3221225785 in 10s: cargo test
16:08:10 START [cwd=C:\Users\stefa\look\loop\slots\2\wt] cargo test -p truck-shapeops --test probe_cl005 -- --nocapture --test-threads=1
16:09:05 DONE exit=101 in 54s: cargo test -p truck-shapeops --test probe_cl005 -- --nocapture --test-threads=1
16:09:05 START [cwd=C:\Users\stefa\AppData\Local\Temp\opencode\pb004scratch] cargo build
16:09:05 DONE exit=0 in 0s: cargo build
16:09:09 START [cwd=C:\Users\stefa\AppData\Local\Temp\opencode\pb004scratch] cargo clean
16:09:09 DONE exit=0 in 0s: cargo clean
16:09:09 START [cwd=C:\Users\stefa\AppData\Local\Temp\opencode\pb004scratch] cargo build
16:09:24 DONE exit=0 in 14s: cargo build
16:09:24 START [cwd=C:\Users\stefa\look\loop\slots\2\wt] cargo test -p truck-shapeops --test probe_cl005 -- --nocapture --test-threads=1
16:09:25 DONE exit=0 in 1s: cargo test -p truck-shapeops --test probe_cl005 -- --nocapture --test-threads=1
16:09:28 START [cwd=C:\Users\stefa\AppData\Local\Temp\opencode\pb004scratch] cargo test
16:09:33 DONE exit=3221225785 in 5s: cargo test
16:09:40 START [cwd=C:\Users\stefa\AppData\Local\Temp\opencode\pb004scratch] cargo clean
16:09:40 DONE exit=0 in 0s: cargo clean
16:09:40 START [cwd=C:\Users\stefa\AppData\Local\Temp\opencode\pb004scratch] cargo test
16:10:00 DONE exit=3221225781 in 19s: cargo test
16:10:14 START [cwd=C:\Users\stefa\AppData\Local\Temp\opencode\pb004scratch] cargo test
16:10:15 DONE exit=3221225781 in 1s: cargo test
16:10:41 START [cwd=C:\Users\stefa\look\loop\slots\2\wt] cargo test -p truck-shapeops --lib boolean::assemble::tests::tmp_probe_exact_footprint -- --nocapture --exact
16:11:06 DONE exit=101 in 25s: cargo test -p truck-shapeops --lib boolean::assemble::tests::tmp_probe_exact_footprint -- --nocapture --exact
16:11:12 START [cwd=C:\Users\stefa\look\loop\slots\2\wt] cargo test -p truck-shapeops --lib boolean::assemble::tests::tmp_probe_exact_footprint -- --nocapture --exact
16:11:59 DONE exit=0 in 47s: cargo test -p truck-shapeops --lib boolean::assemble::tests::tmp_probe_exact_footprint -- --nocapture --exact
16:12:06 START [cwd=C:\Users\stefa\look\loop\slots\2\wt] cargo test -p truck-shapeops --lib boolean::assemble::tests::tmp_probe_exact_footprint -- --nocapture --exact
16:12:07 DONE exit=0 in 0s: cargo test -p truck-shapeops --lib boolean::assemble::tests::tmp_probe_exact_footprint -- --nocapture --exact
16:12:11 START [cwd=C:\Users\stefa\look\loop\slots\2\wt] cargo test -p truck-shapeops --lib boolean::assemble::tests::tmp_probe_exact_footprint -- --nocapture --exact
16:12:12 DONE exit=0 in 0s: cargo test -p truck-shapeops --lib boolean::assemble::tests::tmp_probe_exact_footprint -- --nocapture --exact
16:13:26 START [cwd=C:\Users\stefa\look\loop\slots\2\wt] cargo test -p truck-shapeops --lib boolean::assemble::tests::tmp_probe_exact_footprint -- --nocapture --exact
16:13:51 DONE exit=0 in 25s: cargo test -p truck-shapeops --lib boolean::assemble::tests::tmp_probe_exact_footprint -- --nocapture --exact
16:13:54 START [cwd=C:\Users\stefa\AppData\Local\Temp\opencode\pb004scratch] cargo clean
16:13:55 DONE exit=0 in 0s: cargo clean
16:13:55 START [cwd=C:\Users\stefa\AppData\Local\Temp\opencode\pb004scratch] cargo test
16:14:15 DONE exit=0 in 20s: cargo test
16:14:15 START [cwd=C:\Users\stefa\look\loop\slots\2\wt] cargo test -p truck-shapeops --lib boolean::assemble::tests::tmp_probe_exact_footprint -- --nocapture --exact
16:14:27 DONE exit=0 in 11s: cargo test -p truck-shapeops --lib boolean::assemble::tests::tmp_probe_exact_footprint -- --nocapture --exact
16:14:42 START [cwd=C:\Users\stefa\look\loop\slots\2\wt] cargo test -p truck-shapeops --lib boolean::assemble::tests::tmp_probe_exact_footprint -- --nocapture --exact
16:14:50 DONE exit=0 in 7s: cargo test -p truck-shapeops --lib boolean::assemble::tests::tmp_probe_exact_footprint -- --nocapture --exact
16:15:12 START [cwd=C:\Users\stefa\look\loop\slots\2\wt] cargo test -p truck-shapeops --lib boolean::assemble::tests::tmp_probe_exact_footprint -- --nocapture --exact
16:15:16 DONE exit=0 in 4s: cargo test -p truck-shapeops --lib boolean::assemble::tests::tmp_probe_exact_footprint -- --nocapture --exact
16:16:16 START [cwd=C:\Users\stefa\look\loop\slots\2\wt] cargo test -p truck-shapeops --lib boolean::assemble::tests::tmp_probe_exact_footprint -- --nocapture --exact
16:16:23 DONE exit=0 in 7s: cargo test -p truck-shapeops --lib boolean::assemble::tests::tmp_probe_exact_footprint -- --nocapture --exact
16:35:25 START [cwd=C:\Users\stefa\look\loop\slots\3\wt] cargo test -p truck-modeling --test pb_concave_caps --locked -- --nocapture
16:36:21 DONE exit=0 in 55s: cargo test -p truck-modeling --test pb_concave_caps --locked -- --nocapture
16:39:07 START [cwd=C:\Users\stefa\look\loop\slots\3\wt] cargo check -p truck-modeling --locked
16:39:19 DONE exit=0 in 11s: cargo check -p truck-modeling --locked
16:40:28 START [cwd=C:\Users\stefa\look\loop\slots\3\wt] cargo test -p truck-modeling --test pb_concave_caps --test facet_sweep_conformance --locked
16:40:30 DONE exit=101 in 2s: cargo test -p truck-modeling --test pb_concave_caps --test facet_sweep_conformance --locked
16:40:45 START [cwd=C:\Users\stefa\look\loop\slots\3\wt] cargo test -p truck-modeling --test pb_concave_caps --test facet_sweep_conformance --locked
16:40:48 DONE exit=101 in 3s: cargo test -p truck-modeling --test pb_concave_caps --test facet_sweep_conformance --locked
16:41:21 START [cwd=C:\Users\stefa\look\loop\slots\3\wt] cargo test -p truck-modeling --test pb_concave_caps --locked convex_fast_path_bit_identical -- --exact
16:41:24 DONE exit=101 in 3s: cargo test -p truck-modeling --test pb_concave_caps --locked convex_fast_path_bit_identical -- --exact
16:41:30 START [cwd=C:\Users\stefa\look\loop\slots\0\wt] cargo --version
16:41:30 DONE exit=0 in 0s: cargo --version
16:42:06 START [cwd=C:\Users\stefa\look\loop\slots\3\wt] cargo test -p truck-modeling --test pb_concave_caps --locked debug_hashes -- --exact --nocapture
16:42:08 DONE exit=0 in 2s: cargo test -p truck-modeling --test pb_concave_caps --locked debug_hashes -- --exact --nocapture
16:42:24 START [cwd=C:\Users\stefa\look\loop\slots\3\wt] cargo test -p truck-modeling --test pb_concave_caps --locked debug_hashes -- --exact --nocapture
16:42:25 DONE exit=0 in 1s: cargo test -p truck-modeling --test pb_concave_caps --locked debug_hashes -- --exact --nocapture
16:42:53 START [cwd=C:\Users\stefa\look\loop\slots\3\wt] cargo test -p truck-modeling --test pb_concave_caps --test facet_sweep_conformance --locked
16:42:55 DONE exit=0 in 1s: cargo test -p truck-modeling --test pb_concave_caps --test facet_sweep_conformance --locked
16:43:02 START [cwd=C:\Users\stefa\look\loop\slots\3\wt] cargo fmt --all -- --check
16:43:11 DONE exit=1 in 9s: cargo fmt --all -- --check
16:43:16 START [cwd=C:\Users\stefa\look\loop\slots\3\wt] cargo fmt --all -- --check
16:43:20 DONE exit=1 in 3s: cargo fmt --all -- --check
16:43:28 START [cwd=C:\Users\stefa\look\loop\slots\3\wt] cargo fmt --check -p truck-modeling
16:43:29 DONE exit=1 in 0s: cargo fmt --check -p truck-modeling
16:43:32 START [cwd=C:\Users\stefa\look\loop\slots\3\wt] cargo fmt -p truck-modeling
16:43:33 DONE exit=0 in 0s: cargo fmt -p truck-modeling
16:43:33 START [cwd=C:\Users\stefa\look\loop\slots\3\wt] cargo fmt --check -p truck-modeling
16:43:33 DONE exit=0 in 0s: cargo fmt --check -p truck-modeling
16:43:44 START [cwd=C:\Users\stefa\look\loop\slots\3\wt] cargo clippy -p truck-modeling --all-targets -- -D warnings
16:43:58 DONE exit=101 in 13s: cargo clippy -p truck-modeling --all-targets -- -D warnings
16:43:58 START [cwd=C:\Users\stefa\look\loop\slots\2\wt] cargo test -p truck-shapeops --test zz_cl_survey --locked -- --test-threads=1 --nocapture
16:44:14 DONE exit=0 in 16s: cargo test -p truck-shapeops --test zz_cl_survey --locked -- --test-threads=1 --nocapture
16:44:14 START [cwd=C:\Users\stefa\look\loop\slots\3\wt] cargo clippy -p truck-modeling --all-targets -- -D warnings
16:44:16 DONE exit=0 in 1s: cargo clippy -p truck-modeling --all-targets -- -D warnings
16:44:19 START [cwd=C:\Users\stefa\look\loop\slots\3\wt] cargo test -p truck-modeling --tests --locked
16:44:32 DONE exit=0 in 12s: cargo test -p truck-modeling --tests --locked
16:44:35 START [cwd=C:\Users\stefa\look\loop\slots\3\wt] cargo check -p truck-shapeops --locked
16:45:32 DONE exit=0 in 57s: cargo check -p truck-shapeops --locked
16:45:32 START [cwd=C:\Users\stefa\look\loop\slots\2\wt] cargo test -p truck-shapeops --test zz_cl_survey --locked survey_case_a -- --nocapture
16:45:35 DONE exit=0 in 2s: cargo test -p truck-shapeops --test zz_cl_survey --locked survey_case_a -- --nocapture
16:45:46 START [cwd=C:\Users\stefa\look\loop\slots\2\wt] cargo test -p truck-shapeops --test zz_cl_survey --locked survey_case_a -- --nocapture
16:45:47 DONE exit=0 in 0s: cargo test -p truck-shapeops --test zz_cl_survey --locked survey_case_a -- --nocapture
16:46:20 START [cwd=C:\Users\stefa\look\loop\slots\3\wt] cargo fmt --check -p truck-modeling
16:46:21 DONE exit=0 in 0s: cargo fmt --check -p truck-modeling
16:46:32 START [cwd=C:\Users\stefa\look\loop\slots\2\wt] cargo test -p truck-shapeops --test zz_cl_survey --locked survey_case_a -- --test-threads=1 --nocapture
16:46:35 DONE exit=0 in 2s: cargo test -p truck-shapeops --test zz_cl_survey --locked survey_case_a -- --test-threads=1 --nocapture
16:47:08 START [cwd=C:\Users\stefa\look\loop\slots\2\wt] cargo test -p truck-shapeops --test zz_cl_survey --locked survey_case_a -- --test-threads=1 --nocapture
16:47:09 DONE exit=101 in 0s: cargo test -p truck-shapeops --test zz_cl_survey --locked survey_case_a -- --test-threads=1 --nocapture
16:47:09 START [cwd=C:\Users\stefa\look\loop\slots\3\wt] cargo fmt --check -p truck-modeling
16:47:10 DONE exit=0 in 0s: cargo fmt --check -p truck-modeling
16:47:11 START [cwd=C:\Users\stefa\look\loop\slots\3\wt] cargo clippy -p truck-modeling --all-targets -- -D warnings
16:47:12 DONE exit=0 in 0s: cargo clippy -p truck-modeling --all-targets -- -D warnings
16:47:19 START [cwd=C:\Users\stefa\look\loop\slots\3\wt] cargo test -p truck-modeling --tests --locked
16:47:24 DONE exit=0 in 4s: cargo test -p truck-modeling --tests --locked
16:47:25 START [cwd=C:\Users\stefa\look\loop\slots\2\wt] cargo test -p truck-shapeops --test zz_cl_survey --locked survey_case_a -- --test-threads=1 --nocapture
16:47:30 DONE exit=0 in 4s: cargo test -p truck-shapeops --test zz_cl_survey --locked survey_case_a -- --test-threads=1 --nocapture
16:49:44 START [cwd=C:\Users\stefa\look\loop\slots\2\wt] cargo test -p truck-shapeops --lib --locked zz_cl_probe_xfull -- --exact --nocapture
16:50:56 DONE exit=0 in 71s: cargo test -p truck-shapeops --lib --locked zz_cl_probe_xfull -- --exact --nocapture
16:51:03 START [cwd=C:\Users\stefa\look\loop\slots\2\wt] cargo test -p truck-shapeops --lib --locked zz_cl_probe_xfull -- --nocapture
16:51:03 DONE exit=101 in 0s: cargo test -p truck-shapeops --lib --locked zz_cl_probe_xfull -- --nocapture
16:51:04 START [cwd=C:\Users\stefa\look\loop\slots\5\wt] cargo --version
16:51:04 DONE exit=0 in 0s: cargo --version
16:52:07 START [cwd=C:\Users\stefa\look\loop\slots\2\wt] cargo test -p truck-shapeops --lib --locked zz_cl_probe_xfull -- --nocapture
16:52:37 DONE exit=0 in 29s: cargo test -p truck-shapeops --lib --locked zz_cl_probe_xfull -- --nocapture
16:55:25 START [cwd=C:\Users\stefa\look\loop\slots\2\wt] cargo test -p truck-shapeops --lib --locked zz_cl_probe_xfull -- --nocapture
16:55:36 DONE exit=0 in 11s: cargo test -p truck-shapeops --lib --locked zz_cl_probe_xfull -- --nocapture
16:56:02 START [cwd=C:\Users\stefa\look\loop\slots\2\wt] cargo test -p truck-shapeops --lib --locked zz_cl_probe_xfull -- --nocapture
16:56:15 DONE exit=0 in 13s: cargo test -p truck-shapeops --lib --locked zz_cl_probe_xfull -- --nocapture
16:56:42 START [cwd=C:\Users\stefa\look\loop\slots\0\wt] cargo check -p truck123d
16:58:07 DONE exit=101 in 85s: cargo check -p truck123d
16:58:07 START [cwd=C:\Users\stefa\look\loop\slots\5\wt] cargo check -p truck-evidence
16:59:50 DONE exit=0 in 103s: cargo check -p truck-evidence
16:59:50 START [cwd=C:\Users\stefa\look\loop\slots\0\wt] cargo check -p truck123d
16:59:51 DONE exit=101 in 0s: cargo check -p truck123d
17:00:05 START [cwd=C:\Users\stefa\look\loop\slots\5\wt] cargo check -p truck-certified
17:01:12 DONE exit=101 in 66s: cargo check -p truck-certified
17:01:12 START [cwd=C:\Users\stefa\look\loop\slots\0\wt] cargo check -p truck123d
17:01:13 DONE exit=0 in 1s: cargo check -p truck123d
17:01:26 START [cwd=C:\Users\stefa\look\loop\slots\5\wt] cargo check -p truck-certified
17:02:08 DONE exit=101 in 42s: cargo check -p truck-certified
17:02:08 START [cwd=C:\Users\stefa\look\loop\slots\0\wt] cargo check -p truck123d --tests
17:02:09 DONE exit=0 in 0s: cargo check -p truck123d --tests
17:02:09 START [cwd=C:\Users\stefa\look\loop\slots\2\wt] cargo test -p truck-shapeops --lib --locked zz_cl_probe_xfull -- --nocapture
17:02:47 DONE exit=0 in 37s: cargo test -p truck-shapeops --lib --locked zz_cl_probe_xfull -- --nocapture
17:02:47 START [cwd=C:\Users\stefa\look\loop\slots\0\wt] cargo test -p truck123d
17:42:47 TIMEOUT after 2400s: cargo test -p truck123d
17:42:47 START [cwd=C:\Users\stefa\look\loop\slots\5\wt] cargo check -p truck-certified
17:43:35 DONE exit=0 in 48s: cargo check -p truck-certified
17:43:35 START [cwd=C:\Users\stefa\look\loop\slots\2\wt] cargo test -p truck-shapeops --test zz_cl_survey --locked survey_case_a -- --test-threads=1 --nocapture
17:43:58 DONE exit=0 in 22s: cargo test -p truck-shapeops --test zz_cl_survey --locked survey_case_a -- --test-threads=1 --nocapture
17:43:58 START [cwd=C:\Users\stefa\look\loop\slots\1\wt] cargo check -p truck-modeling --lib --locked
17:44:59 DONE exit=101 in 61s: cargo check -p truck-modeling --lib --locked
17:44:59 START [cwd=C:\Users\stefa\look\loop\slots\5\wt] cargo check -p truck-certified
17:44:59 DONE exit=0 in 0s: cargo check -p truck-certified
17:44:59 START [cwd=C:\Users\stefa\look\loop\slots\0\wt] cargo test -p truck123d --test core table_serde_round_trip
17:45:00 DONE exit=101 in 0s: cargo test -p truck123d --test core table_serde_round_trip
17:45:00 START [cwd=C:\Users\stefa\look\loop\slots\6\wt] cargo --version
17:45:00 DONE exit=0 in 0s: cargo --version
17:45:00 START [cwd=C:\Users\stefa\look\loop\slots\2\wt] cargo test -p truck-shapeops --test zz_cl_survey --locked survey_all -- --exact
17:45:00 DONE exit=0 in 0s: cargo test -p truck-shapeops --test zz_cl_survey --locked survey_all -- --exact
17:45:00 START [cwd=C:\Users\stefa\look\loop\slots\1\wt] cargo check -p truck-modeling --all-targets --locked
17:45:06 DONE exit=101 in 5s: cargo check -p truck-modeling --all-targets --locked
17:45:06 START [cwd=C:\Users\stefa\look\loop\slots\6\wt] cargo test -p truck-shapeops --test cl_exact_contact --locked zz_probe_survey -- --nocapture
17:45:07 DONE exit=101 in 0s: cargo test -p truck-shapeops --test cl_exact_contact --locked zz_probe_survey -- --nocapture
17:45:07 START [cwd=C:\Users\stefa\look\loop\slots\5\wt] cargo check -p truck-certified
17:45:07 DONE exit=0 in 0s: cargo check -p truck-certified
17:45:07 START [cwd=C:\Users\stefa\look\loop\slots\1\wt] cargo test -p truck-modeling --tests --locked
17:47:07 DONE exit=101 in 119s: cargo test -p truck-modeling --tests --locked
17:47:07 START [cwd=C:\Users\stefa\look\loop\slots\0\wt] cargo --version
17:47:07 DONE exit=0 in 0s: cargo --version
17:47:07 START [cwd=C:\Users\stefa\look\loop\slots\5\wt] cargo test -p truck-certified --lib funnel_closes_sweep_pair_end_to_end -- --exact --nocapture
17:50:25 DONE exit=0 in 197s: cargo test -p truck-certified --lib funnel_closes_sweep_pair_end_to_end -- --exact --nocapture
17:50:25 START [cwd=C:\Users\stefa\look\loop\slots\2\wt] cargo test -p truck-shapeops --test zz_cl_survey --locked survey_all -- --exact
17:50:29 DONE exit=0 in 3s: cargo test -p truck-shapeops --test zz_cl_survey --locked survey_all -- --exact
17:50:29 START [cwd=C:\Users\stefa\look\loop\slots\6\wt] cargo test -p truck-shapeops --test cl_exact_contact --locked zz_probe_all -- --nocapture
17:55:36 DONE exit=101 in 307s: cargo test -p truck-shapeops --test cl_exact_contact --locked zz_probe_all -- --nocapture
17:55:36 START [cwd=C:\Users\stefa\look\loop\slots\5\wt] cargo test -p truck-certified --lib funnel_closes_sweep_pair_end_to_end -- --exact --nocapture
17:55:37 DONE exit=0 in 0s: cargo test -p truck-certified --lib funnel_closes_sweep_pair_end_to_end -- --exact --nocapture
17:55:37 START [cwd=C:\Users\stefa\look\loop\slots\2\wt] cargo test -p truck-shapeops --test zz_cl_survey --locked survey_all -- --exact
17:55:39 DONE exit=0 in 1s: cargo test -p truck-shapeops --test zz_cl_survey --locked survey_all -- --exact
17:55:39 START [cwd=C:\Users\stefa\look\loop\slots\1\wt] cargo check -p truck-modeling --all-targets --locked
17:55:51 DONE exit=101 in 12s: cargo check -p truck-modeling --all-targets --locked
17:55:51 START [cwd=C:\Users\stefa\look\loop\slots\5\wt] cargo test -p truck-certified --lib funnel_closes_sweep_pair_end_to_end -- --nocapture
17:55:51 DONE exit=0 in 0s: cargo test -p truck-certified --lib funnel_closes_sweep_pair_end_to_end -- --nocapture
17:56:06 START [cwd=C:\Users\stefa\look\loop\slots\6\wt] cargo test -p truck-shapeops --test cl_exact_contact --locked zz_probe_all -- --nocapture
17:56:24 DONE exit=0 in 18s: cargo test -p truck-shapeops --test cl_exact_contact --locked zz_probe_all -- --nocapture
17:57:45 START [cwd=C:\Users\stefa\look\loop\slots\6\wt] cargo test -p truck-shapeops --test cl_exact_contact --locked zz_probe_all -- --nocapture
17:57:45 DONE exit=0 in 0s: cargo test -p truck-shapeops --test cl_exact_contact --locked zz_probe_all -- --nocapture
17:57:46 START [cwd=C:\Users\stefa\look\loop\slots\1\wt] cargo fmt -- vendor/truck/truck-modeling/src/selectors.rs vendor/truck/truck-modeling/src/lib.rs vendor/truck/truck-modeling/tests/pb_selectors.rs
17:58:32 DONE exit=0 in 45s: cargo fmt -- vendor/truck/truck-modeling/src/selectors.rs vendor/truck/truck-modeling/src/lib.rs vendor/truck/truck-modeling/tests/pb_selectors.rs
17:58:32 START [cwd=C:\Users\stefa\look\loop\slots\5\wt] cargo check -p truck-evidence
17:58:33 DONE exit=0 in 1s: cargo check -p truck-evidence
17:58:38 START [cwd=C:\Users\stefa\look\loop\slots\5\wt] cargo check -p truck-certified
17:58:45 DONE exit=0 in 6s: cargo check -p truck-certified
17:58:54 START [cwd=C:\Users\stefa\look\loop\slots\5\wt] cargo test -p truck-certified --lib --no-run
18:00:11 DONE exit=0 in 77s: cargo test -p truck-certified --lib --no-run
18:00:11 START [cwd=C:\Users\stefa\look\loop\slots\2\wt] cargo test -p truck-shapeops --test zz_cl_survey --locked survey_all -- --exact --nocapture
18:00:15 DONE exit=0 in 3s: cargo test -p truck-shapeops --test zz_cl_survey --locked survey_all -- --exact --nocapture
18:00:15 START [cwd=C:\Users\stefa\look\loop\slots\6\wt] cargo test -p truck-shapeops --test cl_exact_contact --locked zz_probe_all -- --nocapture
18:00:17 DONE exit=0 in 2s: cargo test -p truck-shapeops --test cl_exact_contact --locked zz_probe_all -- --nocapture
18:00:17 START [cwd=C:\Users\stefa\look\loop\slots\5\wt] cargo test -p truck-certified --lib --no-run
18:00:17 DONE exit=0 in 0s: cargo test -p truck-certified --lib --no-run
18:00:29 START [cwd=C:\Users\stefa\look\loop\slots\5\wt] cargo test -p truck-certified --lib --no-run
18:00:33 DONE exit=0 in 4s: cargo test -p truck-certified --lib --no-run
18:00:39 START [cwd=C:\Users\stefa\look\loop\slots\5\wt] cargo test -p truck-certified --lib funnel_closes_sweep_pair_end_to_end -- --nocapture
18:00:39 DONE exit=0 in 0s: cargo test -p truck-certified --lib funnel_closes_sweep_pair_end_to_end -- --nocapture
18:00:45 START [cwd=C:\Users\stefa\look\loop\slots\5\wt] cargo test -p truck-certified --lib entry_trait_implemented_by_certified_engine -- --nocapture
18:00:45 DONE exit=0 in 0s: cargo test -p truck-certified --lib entry_trait_implemented_by_certified_engine -- --nocapture
18:00:50 START [cwd=C:\Users\stefa\look\loop\slots\5\wt] cargo test -p truck-evidence --lib registry_flips_when_engine_absent -- --nocapture
18:02:18 DONE exit=0 in 88s: cargo test -p truck-evidence --lib registry_flips_when_engine_absent -- --nocapture
18:02:18 START [cwd=C:\Users\stefa\look\loop\slots\2\wt] cargo test -p truck-shapeops --test zz_cl_sweep --locked sweep_battery -- --exact
18:02:21 DONE exit=0 in 2s: cargo test -p truck-shapeops --test zz_cl_sweep --locked sweep_battery -- --exact
18:02:30 START [cwd=C:\Users\stefa\look\loop\slots\5\wt] cargo fmt --check -p truck-evidence -p truck-certified
18:02:42 DONE exit=1 in 11s: cargo fmt --check -p truck-evidence -p truck-certified
18:02:47 START [cwd=C:\Users\stefa\look\loop\slots\2\wt] cargo test -p truck-shapeops --test zz_cl_sweep --locked sweep_battery -- --exact
18:02:51 DONE exit=0 in 3s: cargo test -p truck-shapeops --test zz_cl_sweep --locked sweep_battery -- --exact
18:02:53 START [cwd=C:\Users\stefa\look\loop\slots\5\wt] cargo fmt --check -p truck-evidence -p truck-certified
18:02:56 DONE exit=1 in 2s: cargo fmt --check -p truck-evidence -p truck-certified
18:03:44 START [cwd=C:\Users\stefa\look\loop\slots\5\wt] cargo clippy -p truck-evidence --all-targets -- -D warnings
18:04:14 DONE exit=101 in 29s: cargo clippy -p truck-evidence --all-targets -- -D warnings
18:04:20 START [cwd=C:\Users\stefa\look\loop\slots\5\wt] cargo clippy -p truck-evidence --all-targets -- -D warnings
18:04:27 DONE exit=101 in 6s: cargo clippy -p truck-evidence --all-targets -- -D warnings
18:04:38 START [cwd=C:\Users\stefa\look\loop\slots\5\wt] cargo clippy -p truck-evidence --all-targets -- -D warnings
18:04:45 DONE exit=101 in 7s: cargo clippy -p truck-evidence --all-targets -- -D warnings
18:04:54 START [cwd=C:\Users\stefa\look\loop\slots\5\wt] cargo clippy -p truck-evidence --all-targets -- -D warnings
18:04:55 DONE exit=101 in 0s: cargo clippy -p truck-evidence --all-targets -- -D warnings
18:05:07 START [cwd=C:\Users\stefa\look\loop\slots\6\wt] cargo test -p truck-shapeops --test cl_exact_contact --locked zz_probe_all -- --nocapture
18:05:08 DONE exit=101 in 1s: cargo test -p truck-shapeops --test cl_exact_contact --locked zz_probe_all -- --nocapture
18:05:10 START [cwd=C:\Users\stefa\look\loop\slots\5\wt] cargo clippy -p truck-evidence --all-targets -- -D warnings
18:05:11 DONE exit=101 in 0s: cargo clippy -p truck-evidence --all-targets -- -D warnings
18:05:22 START [cwd=C:\Users\stefa\look\loop\slots\5\wt] cargo clippy -p truck-certified --lib -- -D warnings
18:05:57 DONE exit=101 in 34s: cargo clippy -p truck-certified --lib -- -D warnings
18:05:57 START [cwd=C:\Users\stefa\look\loop\slots\0\wt] cargo check -p truck123d
18:06:14 DONE exit=101 in 17s: cargo check -p truck123d
18:06:14 START [cwd=C:\Users\stefa\look\loop\slots\2\wt] cargo check -p truck-shapeops --lib --locked
18:07:27 DONE exit=101 in 72s: cargo check -p truck-shapeops --lib --locked
18:07:27 START [cwd=C:\Users\stefa\look\loop\slots\5\wt] cargo clippy -p truck-certified --lib -- -D warnings
18:07:57 DONE exit=101 in 30s: cargo clippy -p truck-certified --lib -- -D warnings
18:07:57 START [cwd=C:\Users\stefa\look\loop\slots\0\wt] cargo check -p truck123d
18:07:57 DONE exit=0 in 0s: cargo check -p truck123d
18:07:57 START [cwd=C:\Users\stefa\look\loop\slots\6\wt] cargo test -p truck-shapeops --test cl_exact_contact --locked zz_probe_all -- --nocapture
18:08:02 DONE exit=0 in 4s: cargo test -p truck-shapeops --test cl_exact_contact --locked zz_probe_all -- --nocapture
18:08:02 START [cwd=C:\Users\stefa\look\loop\slots\2\wt] cargo check -p truck-shapeops --lib --locked
18:08:03 DONE exit=101 in 1s: cargo check -p truck-shapeops --lib --locked
18:08:03 START [cwd=C:\Users\stefa\look\loop\slots\5\wt] cargo test -p truck-evidence --lib contact
18:08:06 DONE exit=0 in 3s: cargo test -p truck-evidence --lib contact
18:08:10 START [cwd=C:\Users\stefa\look\loop\slots\0\wt] cargo check -p truck123d --tests
18:08:14 DONE exit=101 in 4s: cargo check -p truck123d --tests
18:08:14 START [cwd=C:\Users\stefa\look\loop\slots\5\wt] cargo test -p truck-certified --lib
18:09:00 DONE exit=0 in 46s: cargo test -p truck-certified --lib
18:09:00 START [cwd=C:\Users\stefa\look\loop\slots\2\wt] cargo check -p truck-shapeops --lib --locked
18:09:02 DONE exit=0 in 1s: cargo check -p truck-shapeops --lib --locked
18:09:02 START [cwd=C:\Users\stefa\look\loop\slots\0\wt] cargo check -p truck123d --tests
18:09:03 DONE exit=0 in 0s: cargo check -p truck123d --tests
18:09:07 START [cwd=C:\Users\stefa\look\loop\slots\5\wt] cargo check -p truck-shapeops
18:10:33 DONE exit=0 in 86s: cargo check -p truck-shapeops
18:10:33 START [cwd=C:\Users\stefa\look\loop\slots\2\wt] cargo test -p truck-shapeops --test zz_cl_survey --locked survey_all -- --exact
18:10:38 DONE exit=0 in 4s: cargo test -p truck-shapeops --test zz_cl_survey --locked survey_all -- --exact
18:10:38 START [cwd=C:\Users\stefa\look\loop\slots\0\wt] cargo fmt --check -p truck123d
18:10:39 DONE exit=1 in 0s: cargo fmt --check -p truck123d
18:10:45 START [cwd=C:\Users\stefa\look\loop\slots\0\wt] cargo fmt -p truck123d
18:10:45 DONE exit=0 in 0s: cargo fmt -p truck123d
18:10:50 START [cwd=C:\Users\stefa\look\loop\slots\0\wt] cargo test -p truck123d
18:19:00 DONE exit=3221225781 in 489s: cargo test -p truck123d
18:19:00 START [cwd=C:\Users\stefa\look\loop\slots\2\wt] cargo test -p truck-shapeops --test zz_cl_survey --locked survey_all -- --exact --nocapture
18:20:08 DONE exit=0 in 67s: cargo test -p truck-shapeops --test zz_cl_survey --locked survey_all -- --exact --nocapture
18:20:08 START [cwd=C:\Users\stefa\look\loop\slots\6\wt] cargo test -p truck-shapeops --test cl_exact_contact --locked zz_probe_all -- --nocapture
18:20:42 DONE exit=0 in 34s: cargo test -p truck-shapeops --test cl_exact_contact --locked zz_probe_all -- --nocapture
18:20:42 START [cwd=C:\Users\stefa\look\loop\slots\1\wt] cargo check -p truck-modeling --all-targets --locked
18:21:02 DONE exit=101 in 20s: cargo check -p truck-modeling --all-targets --locked
18:21:02 START [cwd=C:\Users\stefa\look\loop\slots\0\wt] cargo test -p truck123d
18:21:10 DONE exit=1 in 7s: cargo test -p truck123d
18:21:10 START [cwd=C:\Users\stefa\look\loop\slots\2\wt] cargo test -p truck-shapeops --test zz_cl_survey --locked survey_all -- --exact --nocapture
18:21:12 DONE exit=0 in 2s: cargo test -p truck-shapeops --test zz_cl_survey --locked survey_all -- --exact --nocapture
18:21:20 START [cwd=C:\Users\stefa\look\loop\slots\1\wt] cargo check -p truck-modeling --all-targets --locked
18:21:22 DONE exit=0 in 2s: cargo check -p truck-modeling --all-targets --locked
18:21:32 START [cwd=C:\Users\stefa\look\loop\slots\0\wt] cargo test -p truck123d
18:21:35 DONE exit=101 in 2s: cargo test -p truck123d
18:21:35 START [cwd=C:\Users\stefa\look\loop\slots\2\wt] cargo test -p truck-shapeops --test zz_cl_survey --locked survey_all -- --exact
18:21:38 DONE exit=0 in 2s: cargo test -p truck-shapeops --test zz_cl_survey --locked survey_all -- --exact
18:21:43 START [cwd=C:\Users\stefa\look\loop\slots\0\wt] cargo test -p truck123d
18:21:49 DONE exit=0 in 6s: cargo test -p truck123d
18:21:54 START [cwd=C:\Users\stefa\look\loop\slots\0\wt] cargo fmt --check -p truck123d
18:21:56 DONE exit=0 in 1s: cargo fmt --check -p truck123d
18:21:59 START [cwd=C:\Users\stefa\look\loop\slots\0\wt] cargo clippy -p truck123d --all-targets -- -D warnings
18:22:02 DONE exit=101 in 3s: cargo clippy -p truck123d --all-targets -- -D warnings
18:22:19 START [cwd=C:\Users\stefa\look\loop\slots\0\wt] cargo clippy -p truck123d --all-targets -- -D warnings
18:22:20 DONE exit=0 in 1s: cargo clippy -p truck123d --all-targets -- -D warnings
18:22:25 START [cwd=C:\Users\stefa\look\loop\slots\0\wt] cargo fmt --check -p truck123d
18:22:25 DONE exit=1 in 0s: cargo fmt --check -p truck123d
18:22:30 START [cwd=C:\Users\stefa\look\loop\slots\0\wt] cargo fmt -p truck123d
18:22:30 DONE exit=0 in 0s: cargo fmt -p truck123d
18:22:36 START [cwd=C:\Users\stefa\look\loop\slots\0\wt] cargo fmt --check -p truck123d
18:22:37 DONE exit=0 in 0s: cargo fmt --check -p truck123d
18:22:37 START [cwd=C:\Users\stefa\look\loop\slots\2\wt] cargo check -p truck-shapeops --lib --locked
18:22:53 DONE exit=101 in 16s: cargo check -p truck-shapeops --lib --locked
18:22:53 START [cwd=C:\Users\stefa\look\loop\slots\0\wt] cargo check -p truck123d --features wheel-abi3 --lib
18:23:24 DONE exit=0 in 30s: cargo check -p truck123d --features wheel-abi3 --lib
18:23:24 START [cwd=C:\Users\stefa\look\loop\slots\2\wt] cargo check -p truck-shapeops --lib --locked
18:23:24 DONE exit=0 in 0s: cargo check -p truck-shapeops --lib --locked
18:23:28 START [cwd=C:\Users\stefa\look\loop\slots\0\wt] cargo check --workspace --all-targets
18:30:37 DONE exit=0 in 428s: cargo check --workspace --all-targets
18:30:37 START [cwd=C:\Users\stefa\look\loop\slots\2\wt] cargo test -p truck-shapeops --test zz_cl_survey --locked survey_all -- --exact
18:30:41 DONE exit=0 in 3s: cargo test -p truck-shapeops --test zz_cl_survey --locked survey_all -- --exact
18:30:41 START [cwd=C:\Users\stefa\look\loop\slots\1\wt] cargo test -p truck-modeling --tests --locked
18:31:14 DONE exit=101 in 33s: cargo test -p truck-modeling --tests --locked
18:31:14 START [cwd=C:\Users\stefa\look\loop\slots\0\wt] cargo test -p truck123d
18:31:17 DONE exit=0 in 3s: cargo test -p truck123d
18:31:17 START [cwd=C:\Users\stefa\look\loop\slots\2\wt] cargo check -p truck-shapeops --lib --locked
18:31:18 DONE exit=0 in 0s: cargo check -p truck-shapeops --lib --locked
18:31:23 START [cwd=C:\Users\stefa\look\loop\slots\0\wt] cargo fmt --check -p truck123d
18:31:23 DONE exit=0 in 0s: cargo fmt --check -p truck123d
18:31:24 START [cwd=C:\Users\stefa\look\loop\slots\0\wt] cargo clippy -p truck123d --all-targets -- -D warnings
18:31:25 DONE exit=0 in 1s: cargo clippy -p truck123d --all-targets -- -D warnings
18:31:30 START [cwd=C:\Users\stefa\look\loop\slots\2\wt] cargo test -p truck-shapeops --test zz_cl_survey --locked survey_all -- --exact
18:31:33 DONE exit=0 in 3s: cargo test -p truck-shapeops --test zz_cl_survey --locked survey_all -- --exact
18:31:35 START [cwd=C:\Users\stefa\look\loop\slots\0\wt] cargo build -p truck123d
18:31:52 DONE exit=0 in 16s: cargo build -p truck123d
18:31:54 START [cwd=C:\Users\stefa\look\loop\slots\2\wt] cargo test -p truck-shapeops --test zz_cl_survey --locked survey_all -- --exact --nocapture
18:31:57 DONE exit=0 in 3s: cargo test -p truck-shapeops --test zz_cl_survey --locked survey_all -- --exact --nocapture
18:32:30 START [cwd=C:\Users\stefa\look\loop\slots\2\wt] cargo test -p truck-shapeops --lib --locked zz_probe_footprint -- --nocapture
18:33:14 DONE exit=0 in 44s: cargo test -p truck-shapeops --lib --locked zz_probe_footprint -- --nocapture
18:33:42 START [cwd=C:\Users\stefa\look\loop\slots\2\wt] cargo test -p truck-shapeops --lib --locked zz_probe_footprint -- --nocapture
18:34:01 DONE exit=0 in 19s: cargo test -p truck-shapeops --lib --locked zz_probe_footprint -- --nocapture
18:34:01 START [cwd=C:\Users\stefa\look\loop\slots\1\wt] cargo test -p truck-modeling --tests --locked
18:34:09 DONE exit=0 in 7s: cargo test -p truck-modeling --tests --locked
18:36:29 START [cwd=C:\Users\stefa\look\loop\slots\2\wt] cargo check -p truck-shapeops --lib --locked
18:36:30 DONE exit=0 in 0s: cargo check -p truck-shapeops --lib --locked
18:37:31 START [cwd=C:\Users\stefa\look\loop\slots\2\wt] cargo test -p truck-shapeops --test zz_state --locked state_all -- --exact
18:37:33 DONE exit=101 in 2s: cargo test -p truck-shapeops --test zz_state --locked state_all -- --exact
18:37:47 START [cwd=C:\Users\stefa\look\loop\slots\2\wt] cargo test -p truck-shapeops --test zz_state --locked state_all -- --exact
18:37:47 DONE exit=101 in 0s: cargo test -p truck-shapeops --test zz_state --locked state_all -- --exact
18:37:58 START [cwd=C:\Users\stefa\look\loop\slots\2\wt] cargo test -p truck-shapeops --test zz_state --locked state_all -- --exact
18:38:00 DONE exit=0 in 2s: cargo test -p truck-shapeops --test zz_state --locked state_all -- --exact
18:38:47 START [cwd=C:\Users\stefa\look\loop\slots\2\wt] cargo test -p truck-shapeops --test zz_state --locked state_all -- --exact
18:38:48 DONE exit=0 in 1s: cargo test -p truck-shapeops --test zz_state --locked state_all -- --exact
18:39:17 START [cwd=C:\Users\stefa\look\loop\slots\2\wt] cargo test -p truck-shapeops --test zz_state --locked state_all -- --exact --nocapture
18:39:20 DONE exit=0 in 2s: cargo test -p truck-shapeops --test zz_state --locked state_all -- --exact --nocapture
18:39:46 START [cwd=C:\Users\stefa\look\loop\slots\2\wt] cargo test -p truck-shapeops --test zz_state --locked state_all -- --exact
18:39:48 DONE exit=0 in 2s: cargo test -p truck-shapeops --test zz_state --locked state_all -- --exact
18:41:04 START [cwd=C:\Users\stefa\look\loop\slots\1\wt] cargo fmt -- vendor/truck/truck-modeling/src/selectors.rs vendor/truck/truck-modeling/tests/pb_selectors.rs vendor/truck/truck-modeling/src/lib.rs
18:41:43 DONE exit=0 in 39s: cargo fmt -- vendor/truck/truck-modeling/src/selectors.rs vendor/truck/truck-modeling/tests/pb_selectors.rs vendor/truck/truck-modeling/src/lib.rs
18:41:43 START [cwd=C:\Users\stefa\look\loop\slots\1\wt] cargo clippy -p truck-modeling --all-targets --locked -- -D warnings
18:42:03 DONE exit=101 in 19s: cargo clippy -p truck-modeling --all-targets --locked -- -D warnings
18:42:11 START [cwd=C:\Users\stefa\look\loop\slots\2\wt] cargo test -p truck-shapeops --test cl_exact_contact --locked
18:42:16 DONE exit=101 in 4s: cargo test -p truck-shapeops --test cl_exact_contact --locked
18:43:05 START [cwd=C:\Users\stefa\look\loop\slots\2\wt] cargo check -p truck-shapeops --all-targets --locked
18:43:50 DONE exit=0 in 45s: cargo check -p truck-shapeops --all-targets --locked
18:44:29 START [cwd=C:\Users\stefa\look\loop\slots\2\wt] cargo test -p truck-shapeops --test cl_exact_contact --locked
18:44:37 DONE exit=101 in 7s: cargo test -p truck-shapeops --test cl_exact_contact --locked
18:45:23 START [cwd=C:\Users\stefa\look\loop\slots\2\wt] cargo test -p truck-shapeops --lib --locked zz_exact_mesh_probe -- --nocapture
18:46:10 DONE exit=0 in 46s: cargo test -p truck-shapeops --lib --locked zz_exact_mesh_probe -- --nocapture
18:46:41 START [cwd=C:\Users\stefa\look\loop\slots\2\wt] cargo test -p truck-shapeops --test zz_probe2 --locked probe2 -- --exact
18:46:44 DONE exit=0 in 3s: cargo test -p truck-shapeops --test zz_probe2 --locked probe2 -- --exact
18:47:40 START [cwd=C:\Users\stefa\look\loop\slots\2\wt] cargo fmt -p truck-shapeops -- --check
18:47:41 DONE exit=1 in 0s: cargo fmt -p truck-shapeops -- --check
18:47:47 START [cwd=C:\Users\stefa\look\loop\slots\2\wt] cargo fmt -p truck-shapeops
18:47:47 DONE exit=0 in 0s: cargo fmt -p truck-shapeops
18:47:48 START [cwd=C:\Users\stefa\look\loop\slots\2\wt] cargo fmt -p truck-shapeops -- --check
18:47:49 DONE exit=0 in 0s: cargo fmt -p truck-shapeops -- --check
18:47:56 START [cwd=C:\Users\stefa\look\loop\slots\2\wt] cargo clippy -p truck-shapeops --all-targets -- -D warnings
18:49:58 DONE exit=101 in 122s: cargo clippy -p truck-shapeops --all-targets -- -D warnings
18:49:58 START [cwd=C:\Users\stefa\look\loop\slots\6\wt] cargo --version
18:49:58 DONE exit=0 in 0s: cargo --version
18:49:58 START [cwd=C:\Users\stefa\look\loop\slots\1\wt] cargo fmt -- vendor/truck/truck-modeling/src/selectors.rs vendor/truck/truck-modeling/tests/pb_selectors.rs vendor/truck/truck-modeling/src/lib.rs
18:50:13 DONE exit=0 in 14s: cargo fmt -- vendor/truck/truck-modeling/src/selectors.rs vendor/truck/truck-modeling/tests/pb_selectors.rs vendor/truck/truck-modeling/src/lib.rs
18:50:41 START [cwd=C:\Users\stefa\look\loop\slots\2\wt] cargo test -p truck-shapeops --test cl_exact_contact --locked
18:50:45 DONE exit=101 in 3s: cargo test -p truck-shapeops --test cl_exact_contact --locked
18:50:55 START [cwd=C:\Users\stefa\look\loop\slots\2\wt] cargo test -p truck-shapeops --lib --tests --locked
18:51:44 DONE exit=101 in 49s: cargo test -p truck-shapeops --lib --tests --locked
18:52:41 START [cwd=C:\Users\stefa\look\loop\slots\6\wt] cargo test -p truck-shapeops --tests --no-run
18:54:50 DONE exit=0 in 129s: cargo test -p truck-shapeops --tests --no-run
18:55:28 START [cwd=C:\Users\stefa\look\loop\slots\1\wt] cargo clippy -p truck-modeling --all-targets --locked -- -D warnings
18:55:41 DONE exit=0 in 13s: cargo clippy -p truck-modeling --all-targets --locked -- -D warnings
18:55:41 START [cwd=C:\Users\stefa\look\loop\slots\6\wt] cargo test -p truck-shapeops --test cl_exact_contact -- --nocapture --test-threads=1
18:55:42 DONE exit=101 in 0s: cargo test -p truck-shapeops --test cl_exact_contact -- --nocapture --test-threads=1
18:55:51 START [cwd=C:\Users\stefa\look\loop\slots\6\wt] cargo test -p truck-shapeops --test cl_exact_contact -- --nocapture --test-threads=1
18:55:52 DONE exit=0 in 1s: cargo test -p truck-shapeops --test cl_exact_contact -- --nocapture --test-threads=1
18:57:53 START [cwd=C:\Users\stefa\look\loop\slots\6\wt] cargo test -p truck-shapeops --test cl_exact_contact -- --nocapture --test-threads=1
18:57:57 DONE exit=101 in 4s: cargo test -p truck-shapeops --test cl_exact_contact -- --nocapture --test-threads=1
18:58:09 START [cwd=C:\Users\stefa\look\loop\slots\6\wt] cargo test -p truck-shapeops --test cl_exact_contact -- --nocapture --test-threads=1
18:58:12 DONE exit=0 in 3s: cargo test -p truck-shapeops --test cl_exact_contact -- --nocapture --test-threads=1
18:58:52 START [cwd=C:\Users\stefa\look\loop\slots\6\wt] cargo fmt -p truck-shapeops -- --check
18:58:53 DONE exit=1 in 0s: cargo fmt -p truck-shapeops -- --check
18:59:05 START [cwd=C:\Users\stefa\look\loop\slots\6\wt] cargo fmt -p truck-shapeops
18:59:05 DONE exit=0 in 0s: cargo fmt -p truck-shapeops
18:59:10 START [cwd=C:\Users\stefa\look\loop\slots\6\wt] cargo fmt -p truck-shapeops -- --check
18:59:11 DONE exit=0 in 0s: cargo fmt -p truck-shapeops -- --check
18:59:15 START [cwd=C:\Users\stefa\look\loop\slots\6\wt] cargo clippy -p truck-shapeops --all-targets -- -D warnings
19:00:22 DONE exit=101 in 67s: cargo clippy -p truck-shapeops --all-targets -- -D warnings
19:00:44 START [cwd=C:\Users\stefa\look\loop\slots\1\wt] cargo test -p truck-modeling --tests --locked
19:00:59 DONE exit=0 in 15s: cargo test -p truck-modeling --tests --locked
19:00:59 START [cwd=C:\Users\stefa\look\loop\slots\1\wt] cargo check -p truck-shapeops --locked
19:02:00 DONE exit=0 in 61s: cargo check -p truck-shapeops --locked
19:02:00 START [cwd=C:\Users\stefa\look\loop\slots\1\wt] cargo fmt --check -p truck-modeling
19:02:00 DONE exit=1 in 0s: cargo fmt --check -p truck-modeling
19:02:00 START [cwd=C:\Users\stefa\look\loop\slots\6\wt] cargo clippy -p truck-shapeops --lib -- -D warnings
19:02:32 DONE exit=101 in 32s: cargo clippy -p truck-shapeops --lib -- -D warnings
19:03:22 START [cwd=C:\Users\stefa\look\loop\slots\6\wt] cargo clippy -p truck-shapeops --all-targets
19:03:58 DONE exit=101 in 35s: cargo clippy -p truck-shapeops --all-targets
19:04:21 START [cwd=C:\Users\stefa\look\loop\slots\6\wt] cargo tree -p truck-shapeops -i truck-certified
19:04:22 DONE exit=0 in 0s: cargo tree -p truck-shapeops -i truck-certified
19:04:28 START [cwd=C:\Users\stefa\look\loop\slots\6\wt] cargo test -p truck-shapeops --lib --tests
19:04:34 DONE exit=101 in 6s: cargo test -p truck-shapeops --lib --tests
19:04:51 START [cwd=C:\Users\stefa\look\loop\slots\6\wt] cargo test -p truck-shapeops --lib --tests --no-fail-fast
19:05:04 DONE exit=101 in 12s: cargo test -p truck-shapeops --lib --tests --no-fail-fast
19:05:30 START [cwd=C:\Users\stefa\look\loop\slots\6\wt] cargo test -p truck-shapeops --test fillet complex_surface -- --exact --nocapture
19:05:31 DONE exit=101 in 1s: cargo test -p truck-shapeops --test fillet complex_surface -- --exact --nocapture
19:05:43 START [cwd=C:\Users\stefa\look\loop\slots\6\wt] cargo check -p truck-certified -p truck-evidence
19:06:12 DONE exit=0 in 28s: cargo check -p truck-certified -p truck-evidence
19:06:51 START [cwd=C:\Users\stefa\look\loop\slots\6\wt] cargo fmt -p truck-shapeops -- --check
19:06:51 DONE exit=0 in 0s: cargo fmt -p truck-shapeops -- --check
19:06:52 START [cwd=C:\Users\stefa\look\loop\slots\6\wt] cargo test -p truck-shapeops --test cl_exact_contact
19:06:53 DONE exit=0 in 0s: cargo test -p truck-shapeops --test cl_exact_contact
19:08:56 START [cwd=C:\Users\stefa\look\loop\slots\1\wt] cargo fmt -- vendor/truck/truck-modeling/src/selectors.rs vendor/truck/truck-modeling/tests/pb_selectors.rs vendor/truck/truck-modeling/src/lib.rs
19:09:01 DONE exit=0 in 4s: cargo fmt -- vendor/truck/truck-modeling/src/selectors.rs vendor/truck/truck-modeling/tests/pb_selectors.rs vendor/truck/truck-modeling/src/lib.rs
19:14:06 START [cwd=C:\Users\stefa\look\loop\slots\1\wt] cargo fmt -- --check vendor/truck/truck-modeling/src/selectors.rs vendor/truck/truck-modeling/tests/pb_selectors.rs vendor/truck/truck-modeling/src/lib.rs
19:14:10 DONE exit=1 in 4s: cargo fmt -- --check vendor/truck/truck-modeling/src/selectors.rs vendor/truck/truck-modeling/tests/pb_selectors.rs vendor/truck/truck-modeling/src/lib.rs
19:19:31 START [cwd=C:\Users\stefa\look\loop\slots\1\wt] cargo test -p truck-modeling --tests --locked
19:19:44 DONE exit=0 in 13s: cargo test -p truck-modeling --tests --locked
19:19:44 START [cwd=C:\Users\stefa\look\loop\slots\1\wt] cargo check -p truck-shapeops --locked
19:19:48 DONE exit=0 in 4s: cargo check -p truck-shapeops --locked
20:18:38 START [cwd=C:\Users\stefa\look\loop\slots\2\wt] cargo check -p truck-certified --locked
20:19:31 DONE exit=101 in 53s: cargo check -p truck-certified --locked
20:20:33 START [cwd=C:\Users\stefa\look\loop\slots\2\wt] cargo check -p truck-certified --locked
20:20:51 DONE exit=101 in 17s: cargo check -p truck-certified --locked
20:21:03 START [cwd=C:\Users\stefa\look\loop\slots\2\wt] cargo check -p truck-certified --locked
20:21:24 DONE exit=0 in 20s: cargo check -p truck-certified --locked
20:21:37 START [cwd=C:\Users\stefa\look\loop\slots\2\wt] cargo check -p truck-certified --locked
20:21:39 DONE exit=0 in 1s: cargo check -p truck-certified --locked
20:26:00 START [cwd=C:\Users\stefa\look\loop\slots\2\wt] cargo test -p truck-certified --lib --no-run --locked
20:28:11 DONE exit=0 in 131s: cargo test -p truck-certified --lib --no-run --locked
20:28:11 START [cwd=C:\Users\stefa\look\loop\slots\1\wt] cargo fmt -p truck-certified
20:28:12 DONE exit=0 in 1s: cargo fmt -p truck-certified
20:28:18 START [cwd=C:\Users\stefa\look\loop\slots\1\wt] cargo fmt --check -p truck-certified
20:28:20 DONE exit=0 in 1s: cargo fmt --check -p truck-certified
20:28:29 START [cwd=C:\Users\stefa\look\loop\slots\1\wt] cargo check -p truck-certified --lib
20:28:56 DONE exit=0 in 27s: cargo check -p truck-certified --lib
20:28:56 START [cwd=C:\Users\stefa\look\loop\slots\2\wt] cargo test -p truck-certified --lib tangency --locked
20:29:00 DONE exit=101 in 3s: cargo test -p truck-certified --lib tangency --locked
20:29:01 START [cwd=C:\Users\stefa\look\loop\slots\1\wt] cargo clippy -p truck-certified --all-targets -- -D warnings
20:30:01 DONE exit=101 in 59s: cargo clippy -p truck-certified --all-targets -- -D warnings
20:30:01 START [cwd=C:\Users\stefa\look\loop\slots\2\wt] cargo test -p truck-certified --lib tangency::chart::tests::scratch_f6_probe --locked -- --nocapture
20:30:05 DONE exit=0 in 4s: cargo test -p truck-certified --lib tangency::chart::tests::scratch_f6_probe --locked -- --nocapture
20:30:05 START [cwd=C:\Users\stefa\look\loop\slots\3\wt] cargo check -p truck-certified --locked
20:30:54 DONE exit=101 in 49s: cargo check -p truck-certified --locked
20:30:54 START [cwd=C:\Users\stefa\look\loop\slots\1\wt] cargo --version
20:30:54 DONE exit=0 in 0s: cargo --version
20:31:12 START [cwd=C:\Users\stefa\look\loop\slots\3\wt] cargo check -p truck-certified --locked
20:31:31 DONE exit=0 in 19s: cargo check -p truck-certified --locked
20:31:31 START [cwd=C:\Users\stefa\look\loop\slots\1\wt] cargo clippy -p truck-certified --all-targets -- -D warnings
20:32:29 DONE exit=101 in 58s: cargo clippy -p truck-certified --all-targets -- -D warnings
20:32:29 START [cwd=C:\Users\stefa\look\loop\slots\3\wt] cargo test -p truck-certified --lib --no-run --locked
20:34:33 DONE exit=0 in 123s: cargo test -p truck-certified --lib --no-run --locked
20:34:33 START [cwd=C:\Users\stefa\look\loop\slots\2\wt] cargo test -p truck-certified --lib tangency::chart::tests::scratch_f6_probe --locked -- --nocapture
20:34:40 DONE exit=0 in 7s: cargo test -p truck-certified --lib tangency::chart::tests::scratch_f6_probe --locked -- --nocapture
20:35:19 START [cwd=C:\Users\stefa\look\loop\slots\1\wt] cargo fmt -p truck-certified
20:35:20 DONE exit=0 in 1s: cargo fmt -p truck-certified
20:35:21 START [cwd=C:\Users\stefa\look\loop\slots\1\wt] cargo clippy -p truck-certified --all-targets -- -D warnings
20:36:13 DONE exit=101 in 51s: cargo clippy -p truck-certified --all-targets -- -D warnings
20:36:13 START [cwd=C:\Users\stefa\look\loop\slots\2\wt] cargo test -p truck-certified --lib tangency --locked
20:36:18 DONE exit=0 in 4s: cargo test -p truck-certified --lib tangency --locked
20:36:18 START [cwd=C:\Users\stefa\look\loop\slots\3\wt] cargo test -p truck-certified --lib --no-run --locked
20:36:20 DONE exit=101 in 2s: cargo test -p truck-certified --lib --no-run --locked
20:36:25 START [cwd=C:\Users\stefa\look\loop\slots\2\wt] cargo fmt --check -p truck-certified --locked
20:36:25 DONE exit=2 in 0s: cargo fmt --check -p truck-certified --locked
20:36:26 START [cwd=C:\Users\stefa\look\loop\slots\1\wt] cargo test -p truck-certified --lib tangency
20:38:05 DONE exit=0 in 98s: cargo test -p truck-certified --lib tangency
20:38:05 START [cwd=C:\Users\stefa\look\loop\slots\2\wt] cargo fmt --check -p truck-certified
20:38:06 DONE exit=1 in 1s: cargo fmt --check -p truck-certified
20:38:06 START [cwd=C:\Users\stefa\look\loop\slots\3\wt] cargo test -p truck-certified --lib --no-run --locked
20:38:10 DONE exit=0 in 3s: cargo test -p truck-certified --lib --no-run --locked
20:38:15 START [cwd=C:\Users\stefa\look\loop\slots\3\wt] cargo test -p truck-certified --lib ssi --locked
20:38:16 DONE exit=0 in 0s: cargo test -p truck-certified --lib ssi --locked
20:38:21 START [cwd=C:\Users\stefa\look\loop\slots\3\wt] cargo test -p truck-certified --lib tangency --locked
20:38:21 DONE exit=0 in 0s: cargo test -p truck-certified --lib tangency --locked
20:38:26 START [cwd=C:\Users\stefa\look\loop\slots\3\wt] cargo fmt --check -p truck-certified --locked
20:38:26 DONE exit=2 in 0s: cargo fmt --check -p truck-certified --locked
20:38:28 START [cwd=C:\Users\stefa\look\loop\slots\2\wt] cargo fmt --check -p truck-certified
20:38:29 DONE exit=1 in 1s: cargo fmt --check -p truck-certified
20:38:32 START [cwd=C:\Users\stefa\look\loop\slots\3\wt] cargo fmt --check -p truck-certified
20:38:33 DONE exit=1 in 1s: cargo fmt --check -p truck-certified
20:38:37 START [cwd=C:\Users\stefa\look\loop\slots\2\wt] cargo fmt --check -p truck-certified
20:38:38 DONE exit=1 in 1s: cargo fmt --check -p truck-certified
20:38:38 START [cwd=C:\Users\stefa\look\loop\slots\3\wt] cargo fmt --check -p truck-certified
20:38:40 DONE exit=1 in 1s: cargo fmt --check -p truck-certified
20:38:41 START [cwd=C:\Users\stefa\look\loop\slots\1\wt] cargo clippy -p truck-certified --all-targets -- -D warnings
20:39:35 DONE exit=101 in 54s: cargo clippy -p truck-certified --all-targets -- -D warnings
20:39:35 START [cwd=C:\Users\stefa\look\loop\slots\2\wt] cargo --version
20:39:35 DONE exit=0 in 0s: cargo --version
20:39:35 START [cwd=C:\Users\stefa\look\loop\slots\3\wt] cargo fmt --check -p truck-certified
20:39:37 DONE exit=1 in 1s: cargo fmt --check -p truck-certified
20:39:44 START [cwd=C:\Users\stefa\look\loop\slots\3\wt] cargo clippy -p truck-certified --all-targets --locked -- -D warnings
20:40:44 DONE exit=101 in 59s: cargo clippy -p truck-certified --all-targets --locked -- -D warnings
20:40:44 START [cwd=C:\Users\stefa\look\loop\slots\1\wt] cargo test -p truck-certified --lib tangency
20:41:26 DONE exit=0 in 41s: cargo test -p truck-certified --lib tangency
20:41:26 START [cwd=C:\Users\stefa\look\loop\slots\2\wt] cargo clippy -p truck-certified --all-targets -- -D warnings
20:42:38 DONE exit=101 in 71s: cargo clippy -p truck-certified --all-targets -- -D warnings
20:42:38 START [cwd=C:\Users\stefa\look\loop\slots\1\wt] cargo check -p truck-certified --all-targets
20:43:12 DONE exit=0 in 34s: cargo check -p truck-certified --all-targets
20:43:12 START [cwd=C:\Users\stefa\look\loop\slots\3\wt] cargo clippy -p truck-certified --lib --locked -- -D warnings
20:43:44 DONE exit=101 in 31s: cargo clippy -p truck-certified --lib --locked -- -D warnings
20:43:44 START [cwd=C:\Users\stefa\look\loop\slots\2\wt] cargo clippy -p truck-certified --lib -- -D warnings
20:44:16 DONE exit=101 in 32s: cargo clippy -p truck-certified --lib -- -D warnings
20:44:16 START [cwd=C:\Users\stefa\look\loop\slots\1\wt] cargo fmt -p truck-certified -- --check
20:44:18 DONE exit=1 in 1s: cargo fmt -p truck-certified -- --check
20:44:18 START [cwd=C:\Users\stefa\look\loop\slots\3\wt] cargo clippy -p truck-certified --lib --locked -- -D warnings
20:44:48 DONE exit=101 in 30s: cargo clippy -p truck-certified --lib --locked -- -D warnings
20:44:48 START [cwd=C:\Users\stefa\look\loop\slots\2\wt] cargo clippy -p truck-certified --tests -- -D warnings
20:45:38 DONE exit=101 in 49s: cargo clippy -p truck-certified --tests -- -D warnings
20:45:38 START [cwd=C:\Users\stefa\look\loop\slots\1\wt] cargo fmt -p truck-certified -- --check
20:45:39 DONE exit=1 in 1s: cargo fmt -p truck-certified -- --check
20:45:39 START [cwd=C:\Users\stefa\look\loop\slots\3\wt] cargo clippy -p truck-certified --tests --locked -- -D warnings
20:46:31 DONE exit=101 in 51s: cargo clippy -p truck-certified --tests --locked -- -D warnings
20:46:31 START [cwd=C:\Users\stefa\look\loop\slots\2\wt] cargo test -p truck-certified --lib tangency --locked
20:46:34 DONE exit=0 in 3s: cargo test -p truck-certified --lib tangency --locked
20:46:34 START [cwd=C:\Users\stefa\look\loop\slots\1\wt] cargo fmt -p truck-certified -- --check
20:46:36 DONE exit=1 in 1s: cargo fmt -p truck-certified -- --check
20:46:43 START [cwd=C:\Users\stefa\look\loop\slots\3\wt] cargo test -p truck-certified --lib tangency --locked
20:47:00 DONE exit=0 in 17s: cargo test -p truck-certified --lib tangency --locked
20:47:05 START [cwd=C:\Users\stefa\look\loop\slots\3\wt] cargo test -p truck-certified --lib ssi --locked
20:47:06 DONE exit=0 in 0s: cargo test -p truck-certified --lib ssi --locked
20:47:28 START [cwd=C:\Users\stefa\look\loop\slots\2\wt] cargo test -p truck-certified --lib tangency --locked
20:47:31 DONE exit=0 in 3s: cargo test -p truck-certified --lib tangency --locked
20:47:37 START [cwd=C:\Users\stefa\look\loop\slots\2\wt] cargo clippy -p truck-certified --lib --tests -- -D warnings
20:48:36 DONE exit=101 in 58s: cargo clippy -p truck-certified --lib --tests -- -D warnings
20:48:36 START [cwd=C:\Users\stefa\look\loop\slots\3\wt] cargo test -p truck-certified --lib tangency --locked
20:48:39 DONE exit=0 in 3s: cargo test -p truck-certified --lib tangency --locked
20:48:46 START [cwd=C:\Users\stefa\look\loop\slots\3\wt] cargo clippy -p truck-certified --tests --locked -- -D warnings
20:49:46 DONE exit=101 in 60s: cargo clippy -p truck-certified --tests --locked -- -D warnings
20:49:46 START [cwd=C:\Users\stefa\look\loop\slots\2\wt] cargo check -p truck-certified --locked
20:49:48 DONE exit=0 in 1s: cargo check -p truck-certified --locked
20:49:53 START [cwd=C:\Users\stefa\look\loop\slots\3\wt] cargo fmt --check -p truck-certified
20:49:54 DONE exit=1 in 1s: cargo fmt --check -p truck-certified
20:50:06 START [cwd=C:\Users\stefa\look\loop\slots\1\wt] cargo fmt -p truck-certified
20:50:08 DONE exit=0 in 1s: cargo fmt -p truck-certified
20:50:09 START [cwd=C:\Users\stefa\look\loop\slots\1\wt] cargo test -p truck-certified --lib tangency
20:50:13 DONE exit=0 in 4s: cargo test -p truck-certified --lib tangency
20:50:19 START [cwd=C:\Users\stefa\look\loop\slots\1\wt] cargo fmt -p truck-certified -- --check
20:50:21 DONE exit=1 in 1s: cargo fmt -p truck-certified -- --check
20:50:36 START [cwd=C:\Users\stefa\look\loop\slots\1\wt] cargo clippy -p truck-certified --all-targets -- -D warnings
20:51:25 DONE exit=101 in 49s: cargo clippy -p truck-certified --all-targets -- -D warnings
20:51:48 START [cwd=C:\Users\stefa\look\loop\slots\1\wt] cargo test -p truck-certified --lib qpoly_ring_arithmetic_is_exact
20:51:49 DONE exit=0 in 0s: cargo test -p truck-certified --lib qpoly_ring_arithmetic_is_exact
20:51:49 START [cwd=C:\Users\stefa\look\loop\slots\1\wt] cargo test -p truck-certified --lib verifier_accepts_f5_hand_witness
20:51:50 DONE exit=0 in 0s: cargo test -p truck-certified --lib verifier_accepts_f5_hand_witness
20:51:50 START [cwd=C:\Users\stefa\look\loop\slots\1\wt] cargo test -p truck-certified --lib verifier_rejects_perturbed_identity
20:51:51 DONE exit=0 in 0s: cargo test -p truck-certified --lib verifier_rejects_perturbed_identity
20:51:51 START [cwd=C:\Users\stefa\look\loop\slots\1\wt] cargo test -p truck-certified --lib nonvanishing_multiplier_is_interval_certified
20:51:52 DONE exit=0 in 0s: cargo test -p truck-certified --lib nonvanishing_multiplier_is_interval_certified
20:51:53 START [cwd=C:\Users\stefa\look\loop\slots\1\wt] cargo test -p truck-certified --lib provenance_producer_refuses_pending
20:51:53 DONE exit=0 in 0s: cargo test -p truck-certified --lib provenance_producer_refuses_pending
20:52:04 START [cwd=C:\Users\stefa\look\loop\slots\1\wt] cargo fmt -p truck-certified -- --check
20:52:06 DONE exit=1 in 1s: cargo fmt -p truck-certified -- --check
20:52:06 START [cwd=C:\Users\stefa\look\loop\slots\1\wt] cargo test -p truck-certified --lib tangency
20:52:07 DONE exit=0 in 0s: cargo test -p truck-certified --lib tangency
20:52:08 START [cwd=C:\Users\stefa\look\loop\slots\1\wt] cargo clippy -p truck-certified --all-targets -- -D warnings
20:52:54 DONE exit=101 in 45s: cargo clippy -p truck-certified --all-targets -- -D warnings
20:57:28 START [cwd=C:\Users\stefa\look\loop\slots\1\wt] cargo test -p truck-certified --lib tangency
20:57:33 DONE exit=0 in 5s: cargo test -p truck-certified --lib tangency
21:25:36 START [cwd=C:\Users\stefa\look\loop\slots\0\wt] cargo check -p truck-evidence --lib --locked
21:27:00 DONE exit=0 in 84s: cargo check -p truck-evidence --lib --locked
21:27:34 START [cwd=C:\Users\stefa\look\loop\slots\0\wt] cargo test -p truck-evidence --lib --locked
21:29:52 DONE exit=101 in 137s: cargo test -p truck-evidence --lib --locked
21:30:02 START [cwd=C:\Users\stefa\look\loop\slots\0\wt] cargo test -p truck-evidence --lib --locked
21:44:33 DONE exit=0 in 870s: cargo test -p truck-evidence --lib --locked
21:44:33 START [cwd=C:\Users\stefa\look\loop\slots\2\wt] cargo check -p truck-certified --lib
21:47:24 DONE exit=0 in 170s: cargo check -p truck-certified --lib
21:47:24 START [cwd=C:\Users\stefa\look\loop\slots\0\wt] cargo fmt --check -p truck-evidence
21:47:26 DONE exit=1 in 1s: cargo fmt --check -p truck-evidence
21:47:36 START [cwd=C:\Users\stefa\look\loop\slots\2\wt] cargo test -p truck-certified --lib
21:49:25 DONE exit=101 in 109s: cargo test -p truck-certified --lib
21:49:25 START [cwd=C:\Users\stefa\look\loop\slots\0\wt] cargo fmt --check -p truck-evidence
21:49:26 DONE exit=1 in 0s: cargo fmt --check -p truck-evidence
21:49:37 START [cwd=C:\Users\stefa\look\loop\slots\2\wt] cargo test -p truck-certified --lib
21:51:18 DONE exit=0 in 100s: cargo test -p truck-certified --lib
21:51:18 START [cwd=C:\Users\stefa\look\loop\slots\0\wt] cargo fmt --check -p truck-evidence
21:51:18 DONE exit=0 in 0s: cargo fmt --check -p truck-evidence
21:51:57 START [cwd=C:\Users\stefa\look\loop\slots\0\wt] cargo test -p truck-evidence --lib --locked sweep
21:52:12 DONE exit=0 in 14s: cargo test -p truck-evidence --lib --locked sweep
21:52:18 START [cwd=C:\Users\stefa\look\loop\slots\0\wt] cargo clippy -p truck-evidence --all-targets --locked -- -D warnings
21:52:44 DONE exit=101 in 25s: cargo clippy -p truck-evidence --all-targets --locked -- -D warnings
21:52:55 START [cwd=C:\Users\stefa\look\loop\slots\2\wt] cargo check -p truck-evidence --lib
21:52:56 DONE exit=0 in 1s: cargo check -p truck-evidence --lib
21:53:01 START [cwd=C:\Users\stefa\look\loop\slots\2\wt] cargo test -p truck-evidence --lib contact
21:53:52 DONE exit=0 in 50s: cargo test -p truck-evidence --lib contact
21:53:52 START [cwd=C:\Users\stefa\look\loop\slots\0\wt] cargo clippy -p truck-evidence --all-targets --locked -- -D warnings
21:53:57 DONE exit=101 in 5s: cargo clippy -p truck-evidence --all-targets --locked -- -D warnings
21:53:59 START [cwd=C:\Users\stefa\look\loop\slots\2\wt] cargo test -p truck-evidence --lib contact_ff_spline_surface_refuses
21:53:59 DONE exit=0 in 0s: cargo test -p truck-evidence --lib contact_ff_spline_surface_refuses
21:54:16 START [cwd=C:\Users\stefa\look\loop\slots\0\wt] cargo fmt --check -p truck-evidence
21:54:17 DONE exit=0 in 0s: cargo fmt --check -p truck-evidence
21:54:22 START [cwd=C:\Users\stefa\look\loop\slots\0\wt] cargo test -p truck-evidence --lib --locked sweep
21:54:24 DONE exit=0 in 2s: cargo test -p truck-evidence --lib --locked sweep
21:54:30 START [cwd=C:\Users\stefa\look\loop\slots\0\wt] cargo check -p truck-certified -p truck-shapeops --locked
21:56:36 DONE exit=0 in 126s: cargo check -p truck-certified -p truck-shapeops --locked
21:56:36 START [cwd=C:\Users\stefa\look\loop\slots\2\wt] cargo test -p truck-certified --lib
21:57:55 DONE exit=0 in 78s: cargo test -p truck-certified --lib
21:57:55 START [cwd=C:\Users\stefa\look\loop\slots\1\wt] cargo --version
21:57:55 DONE exit=0 in 0s: cargo --version
21:58:08 START [cwd=C:\Users\stefa\look\loop\slots\2\wt] cargo fmt --check -p truck-evidence -p truck-certified
21:58:10 DONE exit=1 in 2s: cargo fmt --check -p truck-evidence -p truck-certified
21:58:18 START [cwd=C:\Users\stefa\look\loop\slots\2\wt] cargo fmt --check -p truck-evidence -p truck-certified
21:58:20 DONE exit=1 in 1s: cargo fmt --check -p truck-evidence -p truck-certified
21:58:28 START [cwd=C:\Users\stefa\look\loop\slots\2\wt] cargo fmt --check -p truck-evidence -p truck-certified
21:58:30 DONE exit=1 in 1s: cargo fmt --check -p truck-evidence -p truck-certified
21:58:52 START [cwd=C:\Users\stefa\look\loop\slots\2\wt] cargo clippy -p truck-evidence -p truck-certified --all-targets -- -D warnings
21:59:04 DONE exit=101 in 12s: cargo clippy -p truck-evidence -p truck-certified --all-targets -- -D warnings
21:59:52 START [cwd=C:\Users\stefa\look\loop\slots\2\wt] cargo clippy -p truck-evidence --test clear -- -D warnings
21:59:54 DONE exit=101 in 2s: cargo clippy -p truck-evidence --test clear -- -D warnings
22:00:08 START [cwd=C:\Users\stefa\look\loop\slots\2\wt] cargo clippy -p truck-certified --all-targets -- -D warnings
22:01:26 DONE exit=101 in 78s: cargo clippy -p truck-certified --all-targets -- -D warnings
22:01:26 START [cwd=C:\Users\stefa\look\loop\slots\1\wt] cargo test -p truck123d
22:02:48 DONE exit=3221225781 in 82s: cargo test -p truck123d
22:02:48 START [cwd=C:\Users\stefa\look\loop\slots\2\wt] cargo clippy -p truck-certified --all-targets -- -D warnings
22:03:40 DONE exit=101 in 51s: cargo clippy -p truck-certified --all-targets -- -D warnings
22:03:40 START [cwd=C:\Users\stefa\look\loop\slots\3\wt] cargo fmt --check -p truck-certified
22:03:43 DONE exit=1 in 2s: cargo fmt --check -p truck-certified
22:03:54 START [cwd=C:\Users\stefa\look\loop\slots\3\wt] cargo fmt --check -p truck-certified
22:03:55 DONE exit=1 in 1s: cargo fmt --check -p truck-certified
22:04:09 START [cwd=C:\Users\stefa\look\loop\slots\2\wt] cargo clippy -p truck-certified --lib -- -D warnings
22:04:42 DONE exit=101 in 32s: cargo clippy -p truck-certified --lib -- -D warnings
22:04:42 START [cwd=C:\Users\stefa\look\loop\slots\3\wt] cargo --version
22:04:42 DONE exit=0 in 0s: cargo --version
22:05:21 START [cwd=C:\Users\stefa\look\loop\slots\3\wt] cargo check -p truck-certified
22:06:10 DONE exit=101 in 48s: cargo check -p truck-certified
22:06:10 START [cwd=C:\Users\stefa\look\loop\slots\2\wt] cargo test -p truck-certified --lib ssi_admit
22:06:13 DONE exit=101 in 3s: cargo test -p truck-certified --lib ssi_admit
22:06:34 START [cwd=C:\Users\stefa\look\loop\slots\2\wt] cargo test -p truck-certified --lib ssi_admit
22:06:38 DONE exit=0 in 3s: cargo test -p truck-certified --lib ssi_admit
22:06:43 START [cwd=C:\Users\stefa\look\loop\slots\2\wt] cargo clippy -p truck-certified --lib -- -D warnings
22:07:15 DONE exit=101 in 31s: cargo clippy -p truck-certified --lib -- -D warnings
22:07:21 START [cwd=C:\Users\stefa\look\loop\slots\2\wt] cargo clippy -p truck-evidence --lib -- -D warnings
22:07:21 DONE exit=0 in 0s: cargo clippy -p truck-evidence --lib -- -D warnings
22:07:26 START [cwd=C:\Users\stefa\look\loop\slots\2\wt] cargo test -p truck-evidence --lib contact
22:07:29 DONE exit=0 in 2s: cargo test -p truck-evidence --lib contact
22:07:33 START [cwd=C:\Users\stefa\look\loop\slots\2\wt] cargo test -p truck-certified --lib
22:07:36 DONE exit=0 in 2s: cargo test -p truck-certified --lib
22:07:40 START [cwd=C:\Users\stefa\look\loop\slots\2\wt] cargo check -p truck-shapeops
22:11:03 DONE exit=0 in 202s: cargo check -p truck-shapeops
22:11:14 START [cwd=C:\Users\stefa\look\loop\slots\2\wt] cargo clippy -p truck-certified --tests -- -D warnings
22:12:39 DONE exit=101 in 84s: cargo clippy -p truck-certified --tests -- -D warnings
22:12:39 START [cwd=C:\Users\stefa\look\loop\slots\3\wt] cargo check -p truck-certified
22:13:04 DONE exit=101 in 24s: cargo check -p truck-certified
22:13:04 START [cwd=C:\Users\stefa\look\loop\slots\2\wt] cargo clippy -p truck-evidence --tests -- -D warnings
22:13:09 DONE exit=101 in 5s: cargo clippy -p truck-evidence --tests -- -D warnings
22:13:24 START [cwd=C:\Users\stefa\look\loop\slots\3\wt] cargo check -p truck-certified
22:13:46 DONE exit=0 in 21s: cargo check -p truck-certified
22:13:51 START [cwd=C:\Users\stefa\look\loop\slots\3\wt] cargo test -p truck-certified --lib tangency --no-run
22:15:24 DONE exit=0 in 93s: cargo test -p truck-certified --lib tangency --no-run
22:15:24 START [cwd=C:\Users\stefa\look\loop\slots\2\wt] cargo test -p truck-certified --lib
22:15:32 DONE exit=0 in 7s: cargo test -p truck-certified --lib
22:15:32 START [cwd=C:\Users\stefa\look\loop\slots\3\wt] cargo test -p truck-certified --lib tangency
22:15:32 DONE exit=101 in 0s: cargo test -p truck-certified --lib tangency
22:15:32 START [cwd=C:\Users\stefa\look\loop\slots\2\wt] cargo test -p truck-evidence --lib contact
22:15:32 DONE exit=0 in 0s: cargo test -p truck-evidence --lib contact
22:16:10 START [cwd=C:\Users\stefa\look\loop\slots\3\wt] cargo test -p truck-certified --lib tangency
22:16:18 DONE exit=0 in 7s: cargo test -p truck-certified --lib tangency
22:16:33 START [cwd=C:\Users\stefa\look\loop\slots\3\wt] cargo test -p truck-certified --lib tangency::a2
22:16:37 DONE exit=0 in 3s: cargo test -p truck-certified --lib tangency::a2
22:16:58 START [cwd=C:\Users\stefa\look\loop\slots\3\wt] cargo clippy -p truck-certified --all-targets -- -D warnings
22:17:48 DONE exit=101 in 49s: cargo clippy -p truck-certified --all-targets -- -D warnings
22:18:03 START [cwd=C:\Users\stefa\look\loop\slots\3\wt] cargo clippy -p truck-certified --all-targets -- -D warnings
22:18:29 DONE exit=101 in 25s: cargo clippy -p truck-certified --all-targets -- -D warnings
22:18:47 START [cwd=C:\Users\stefa\look\loop\slots\3\wt] cargo clippy -p truck-certified --all-targets -- -D warnings
22:19:12 DONE exit=101 in 24s: cargo clippy -p truck-certified --all-targets -- -D warnings
22:20:36 START [cwd=C:\Users\stefa\look\loop\slots\3\wt] cargo clippy -p truck-certified --all-targets -- -D warnings
22:21:00 DONE exit=101 in 24s: cargo clippy -p truck-certified --all-targets -- -D warnings
22:21:05 START [cwd=C:\Users\stefa\look\loop\slots\3\wt] cargo clippy -p truck-certified --all-targets -- -D warnings
22:21:29 DONE exit=101 in 23s: cargo clippy -p truck-certified --all-targets -- -D warnings
22:21:30 START [cwd=C:\Users\stefa\look\loop\slots\3\wt] cargo clippy -p truck-certified --all-targets -- -D warnings
22:21:53 DONE exit=101 in 23s: cargo clippy -p truck-certified --all-targets -- -D warnings
22:21:59 START [cwd=C:\Users\stefa\look\loop\slots\3\wt] cargo test -p truck-certified --lib tangency
22:22:09 DONE exit=0 in 10s: cargo test -p truck-certified --lib tangency
22:22:13 START [cwd=C:\Users\stefa\look\loop\slots\3\wt] cargo check -p truck-evidence
22:22:14 DONE exit=0 in 0s: cargo check -p truck-evidence
22:23:38 START [cwd=C:\Users\stefa\look\loop\slots\3\wt] cargo test -p truck-certified --lib tangency
22:23:39 DONE exit=0 in 0s: cargo test -p truck-certified --lib tangency
22:23:45 START [cwd=C:\Users\stefa\look\loop\slots\3\wt] cargo test -p truck-certified --lib --no-run
22:23:45 DONE exit=0 in 0s: cargo test -p truck-certified --lib --no-run
22:34:32 START [cwd=C:\Users\stefa\look\loop\slots\3\wt] cargo test -p truck-certified --lib tangency::a2
22:34:56 DONE exit=0 in 23s: cargo test -p truck-certified --lib tangency::a2
22:35:25 START [cwd=C:\Users\stefa\look\loop\slots\3\wt] cargo test -p truck-certified --lib tangency::a2::tests::a2_branch_curve_carries_certified_samples -- --nocapture
22:35:30 DONE exit=0 in 4s: cargo test -p truck-certified --lib tangency::a2::tests::a2_branch_curve_carries_certified_samples -- --nocapture
22:38:48 START [cwd=C:\Users\stefa\look\loop\slots\0\wt] cargo check -p truck123d
22:39:13 DONE exit=0 in 25s: cargo check -p truck123d
22:39:30 START [cwd=C:\Users\stefa\look\loop\slots\0\wt] cargo check -p truck123d
22:39:30 DONE exit=101 in 0s: cargo check -p truck123d
22:39:48 START [cwd=C:\Users\stefa\look\loop\slots\1\wt] cargo --version
22:39:48 DONE exit=0 in 0s: cargo --version
22:39:52 START [cwd=C:\Users\stefa\look\loop\slots\1\wt] cargo test -p truck123d --no-run
22:39:57 DONE exit=0 in 4s: cargo test -p truck123d --no-run
22:40:01 START [cwd=C:\Users\stefa\look\loop\slots\1\wt] cargo test -p truck123d
23:20:02 TIMEOUT after 2400s: cargo test -p truck123d
23:20:02 START [cwd=C:\Users\stefa\look\loop\slots\1\wt] cargo test -p truck123d
00:00:02 TIMEOUT after 2400s: cargo test -p truck123d
08:52:20 START [cwd=C:\Users\stefa\look\loop\slots\0\wt] cargo check -p truck123d
08:52:32 DONE exit=0 in 12s: cargo check -p truck123d
08:52:43 START [cwd=C:\Users\stefa\look\loop\slots\0\wt] cargo fmt -p truck123d
08:52:43 DONE exit=0 in 0s: cargo fmt -p truck123d
08:52:48 START [cwd=C:\Users\stefa\look\loop\slots\0\wt] cargo clippy -p truck123d --all-targets -- -D warnings
08:52:53 DONE exit=101 in 4s: cargo clippy -p truck123d --all-targets -- -D warnings
08:53:10 START [cwd=C:\Users\stefa\look\loop\slots\0\wt] cargo clippy -p truck123d --all-targets -- -D warnings
08:53:12 DONE exit=0 in 1s: cargo clippy -p truck123d --all-targets -- -D warnings
08:53:17 START [cwd=C:\Users\stefa\look\loop\slots\0\wt] cargo fmt -p truck123d
08:53:17 DONE exit=0 in 0s: cargo fmt -p truck123d
08:53:18 START [cwd=C:\Users\stefa\look\loop\slots\0\wt] cargo fmt --check -p truck123d
08:53:18 DONE exit=0 in 0s: cargo fmt --check -p truck123d
08:53:23 START [cwd=C:\Users\stefa\look\loop\slots\0\wt] cargo test -p truck123d
08:53:47 DONE exit=3221225781 in 23s: cargo test -p truck123d
08:54:24 START [cwd=C:\Users\stefa\look\loop\slots\0\wt] cargo test -p truck123d
08:54:28 DONE exit=101 in 3s: cargo test -p truck123d
08:55:30 START [cwd=C:\Users\stefa\look\loop\slots\0\wt] cargo fmt -p truck123d
08:55:31 DONE exit=0 in 0s: cargo fmt -p truck123d
08:55:33 START [cwd=C:\Users\stefa\look\loop\slots\0\wt] cargo test -p truck123d --test pb_assembly
08:55:44 DONE exit=0 in 10s: cargo test -p truck123d --test pb_assembly
08:55:56 START [cwd=C:\Users\stefa\look\loop\slots\0\wt] cargo fmt --check -p truck123d
08:55:57 DONE exit=0 in 0s: cargo fmt --check -p truck123d
08:55:58 START [cwd=C:\Users\stefa\look\loop\slots\0\wt] cargo clippy -p truck123d --all-targets -- -D warnings
08:56:01 DONE exit=0 in 2s: cargo clippy -p truck123d --all-targets -- -D warnings
08:56:11 START [cwd=C:\Users\stefa\look\loop\slots\0\wt] cargo test -p truck123d
08:56:32 DONE exit=0 in 20s: cargo test -p truck123d
08:56:38 START [cwd=C:\Users\stefa\look\loop\slots\0\wt] cargo check -p truck-assembly
08:56:43 DONE exit=0 in 4s: cargo check -p truck-assembly
09:18:48 START [cwd=C:\Users\stefa\look\loop\slots\1\wt] cargo --version
09:18:48 DONE exit=0 in 0s: cargo --version
09:19:08 START [cwd=C:\Users\stefa\look\loop\slots\1\wt] cargo fmt --version
09:19:09 DONE exit=0 in 0s: cargo fmt --version
09:19:14 START [cwd=C:\Users\stefa\look\loop\slots\1\wt] cargo fmt --check -p truck-evidence -p truck-certified
09:19:16 DONE exit=1 in 1s: cargo fmt --check -p truck-evidence -p truck-certified
09:19:22 START [cwd=C:\Users\stefa\look\loop\slots\1\wt] cargo fmt --check -p truck-evidence -p truck-certified
09:19:24 DONE exit=1 in 1s: cargo fmt --check -p truck-evidence -p truck-certified
09:19:35 START [cwd=C:\Users\stefa\look\loop\slots\0\wt] cargo qcheck -p truck-geometry --lib
09:19:59 DONE exit=0 in 23s: cargo qcheck -p truck-geometry --lib
09:19:59 START [cwd=C:\Users\stefa\look\loop\slots\1\wt] cargo fmt --check -p truck-evidence -p truck-certified
09:20:00 DONE exit=1 in 1s: cargo fmt --check -p truck-evidence -p truck-certified
09:20:04 START [cwd=C:\Users\stefa\look\loop\slots\0\wt] cargo qtest -p truck-geometry --lib intersection
09:22:47 DONE exit=0 in 162s: cargo qtest -p truck-geometry --lib intersection
09:22:47 START [cwd=C:\Users\stefa\look\loop\slots\1\wt] cargo fmt --check -p truck-evidence -p truck-certified
09:22:48 DONE exit=1 in 1s: cargo fmt --check -p truck-evidence -p truck-certified
09:23:00 START [cwd=C:\Users\stefa\look\loop\slots\0\wt] cargo qtest -p truck-geometry --lib -- --list
09:23:02 DONE exit=0 in 1s: cargo qtest -p truck-geometry --lib -- --list
09:23:10 START [cwd=C:\Users\stefa\look\loop\slots\0\wt] cargo test -p truck-geometry --lib intersection
09:23:55 DONE exit=0 in 45s: cargo test -p truck-geometry --lib intersection
09:25:31 START [cwd=C:\Users\stefa\look\loop\slots\1\wt] cargo clippy -p truck-evidence -p truck-certified --all-targets -- -D warnings
09:27:12 DONE exit=101 in 100s: cargo clippy -p truck-evidence -p truck-certified --all-targets -- -D warnings
09:27:12 START [cwd=C:\Users\stefa\look\loop\slots\0\wt] cargo fmt -p truck-certified -p truck-geometry
09:27:14 DONE exit=0 in 2s: cargo fmt -p truck-certified -p truck-geometry
09:27:18 START [cwd=C:\Users\stefa\look\loop\slots\0\wt] cargo qcheck -p truck-certified --lib
09:27:55 DONE exit=0 in 36s: cargo qcheck -p truck-certified --lib
09:27:55 START [cwd=C:\Users\stefa\look\loop\slots\1\wt] cargo test -p truck-evidence --lib contact
09:29:06 DONE exit=0 in 71s: cargo test -p truck-evidence --lib contact
09:29:06 START [cwd=C:\Users\stefa\look\loop\slots\0\wt] cargo test -p truck-certified --lib ssi
09:31:08 DONE exit=0 in 121s: cargo test -p truck-certified --lib ssi
09:31:08 START [cwd=C:\Users\stefa\look\loop\slots\1\wt] cargo test -p truck-certified --lib bie
09:33:00 DONE exit=0 in 112s: cargo test -p truck-certified --lib bie
09:33:00 START [cwd=C:\Users\stefa\look\loop\slots\0\wt] cargo fmt --check -p truck-certified -p truck-geometry
09:33:02 DONE exit=0 in 2s: cargo fmt --check -p truck-certified -p truck-geometry
09:33:08 START [cwd=C:\Users\stefa\look\loop\slots\0\wt] cargo clippy -p truck-certified -p truck-geometry --all-targets -- -D warnings
09:34:07 DONE exit=101 in 59s: cargo clippy -p truck-certified -p truck-geometry --all-targets -- -D warnings
09:34:16 START [cwd=C:\Users\stefa\look\loop\slots\0\wt] cargo clippy --version
09:34:17 DONE exit=0 in 0s: cargo clippy --version
09:35:49 START [cwd=C:\Users\stefa\look\loop\slots\0\wt] cargo fmt -p truck-certified -p truck-geometry
09:35:51 DONE exit=0 in 1s: cargo fmt -p truck-certified -p truck-geometry
09:35:52 START [cwd=C:\Users\stefa\look\loop\slots\0\wt] cargo clippy -p truck-geometry --all-targets -- -D warnings
09:36:08 DONE exit=0 in 16s: cargo clippy -p truck-geometry --all-targets -- -D warnings
09:36:37 START [cwd=C:\Users\stefa\look\loop\slots\1\wt] cargo check -p truck-evidence -p truck-certified --lib --tests
09:37:44 DONE exit=0 in 66s: cargo check -p truck-evidence -p truck-certified --lib --tests
09:37:50 START [cwd=C:\Users\stefa\look\loop\slots\1\wt] cargo test -p truck-evidence --lib contact
09:37:54 DONE exit=0 in 4s: cargo test -p truck-evidence --lib contact
09:37:54 START [cwd=C:\Users\stefa\look\loop\slots\0\wt] cargo test -p truck-certified --lib ssi
09:38:20 DONE exit=0 in 25s: cargo test -p truck-certified --lib ssi
09:38:20 START [cwd=C:\Users\stefa\look\loop\slots\1\wt] cargo test -p truck-certified --lib bie
09:39:11 DONE exit=0 in 51s: cargo test -p truck-certified --lib bie
09:39:11 START [cwd=C:\Users\stefa\look\loop\slots\0\wt] cargo test -p truck-geometry --lib intersection
09:39:17 DONE exit=0 in 5s: cargo test -p truck-geometry --lib intersection
09:39:17 START [cwd=C:\Users\stefa\look\loop\slots\2\wt] cargo check -p truck-certified --lib
09:40:19 DONE exit=101 in 62s: cargo check -p truck-certified --lib
09:40:19 START [cwd=C:\Users\stefa\look\loop\slots\0\wt] cargo clippy -p truck-certified --lib -- -D warnings
09:41:11 DONE exit=101 in 51s: cargo clippy -p truck-certified --lib -- -D warnings
09:41:11 START [cwd=C:\Users\stefa\look\loop\slots\1\wt] cargo check -p truck-certified --lib --tests
09:41:18 DONE exit=0 in 7s: cargo check -p truck-certified --lib --tests
09:41:18 START [cwd=C:\Users\stefa\look\loop\slots\2\wt] cargo check -p truck-certified --lib
09:41:39 DONE exit=101 in 20s: cargo check -p truck-certified --lib
09:41:39 START [cwd=C:\Users\stefa\look\loop\slots\1\wt] cargo test -p truck-certified --lib bie
09:41:47 DONE exit=0 in 8s: cargo test -p truck-certified --lib bie
09:42:23 START [cwd=C:\Users\stefa\look\loop\slots\2\wt] cargo check -p truck-certified --lib
09:42:50 DONE exit=101 in 27s: cargo check -p truck-certified --lib
09:42:50 START [cwd=C:\Users\stefa\look\loop\slots\1\wt] cargo fmt --check -p truck-evidence -p truck-certified
09:42:54 DONE exit=1 in 3s: cargo fmt --check -p truck-evidence -p truck-certified
09:42:56 START [cwd=C:\Users\stefa\look\loop\slots\2\wt] cargo check -p truck-certified --lib
09:43:18 DONE exit=101 in 22s: cargo check -p truck-certified --lib
09:43:18 START [cwd=C:\Users\stefa\look\loop\slots\1\wt] cargo clippy -p truck-evidence -p truck-certified --all-targets
09:45:08 DONE exit=101 in 109s: cargo clippy -p truck-evidence -p truck-certified --all-targets
09:45:08 START [cwd=C:\Users\stefa\look\loop\slots\2\wt] cargo check -p truck-certified --lib
09:45:36 DONE exit=0 in 28s: cargo check -p truck-certified --lib
09:46:02 START [cwd=C:\Users\stefa\look\loop\slots\1\wt] cargo clippy -p truck-evidence -p truck-certified --all-targets
09:47:17 DONE exit=101 in 75s: cargo clippy -p truck-evidence -p truck-certified --all-targets
09:47:17 START [cwd=C:\Users\stefa\look\loop\slots\2\wt] cargo check -p truck-certified --lib
09:47:19 DONE exit=0 in 2s: cargo check -p truck-certified --lib
09:47:27 START [cwd=C:\Users\stefa\look\loop\slots\1\wt] cargo test -p truck-evidence --lib contact
09:47:31 DONE exit=0 in 3s: cargo test -p truck-evidence --lib contact
09:47:38 START [cwd=C:\Users\stefa\look\loop\slots\1\wt] cargo test -p truck-certified --lib bie
09:47:47 DONE exit=0 in 9s: cargo test -p truck-certified --lib bie
09:47:59 START [cwd=C:\Users\stefa\look\loop\slots\1\wt] cargo test -p truck-evidence --lib
10:00:45 DONE exit=0 in 765s: cargo test -p truck-evidence --lib
10:00:45 START [cwd=C:\Users\stefa\look\loop\slots\2\wt] cargo test -p truck-certified --lib tangency --no-run
10:04:29 DONE exit=101 in 224s: cargo test -p truck-certified --lib tangency --no-run
10:04:29 START [cwd=C:\Users\stefa\look\loop\slots\2\wt] cargo test -p truck-certified --lib tangency --no-run
10:06:06 DONE exit=101 in 97s: cargo test -p truck-certified --lib tangency --no-run
10:06:06 START [cwd=C:\Users\stefa\look\loop\slots\1\wt] cargo test -p truck-certified --lib
10:06:12 DONE exit=0 in 5s: cargo test -p truck-certified --lib
10:06:27 START [cwd=C:\Users\stefa\look\loop\slots\2\wt] cargo test -p truck-certified --lib tangency --no-run
10:07:47 DONE exit=0 in 80s: cargo test -p truck-certified --lib tangency --no-run
10:08:44 START [cwd=C:\Users\stefa\look\loop\slots\2\wt] cargo test -p truck-certified --lib tangency --no-run
10:08:51 DONE exit=0 in 6s: cargo test -p truck-certified --lib tangency --no-run
10:08:57 START [cwd=C:\Users\stefa\look\loop\slots\2\wt] cargo test -p truck-certified --lib tangency
10:09:00 DONE exit=101 in 2s: cargo test -p truck-certified --lib tangency
10:09:29 START [cwd=C:\Users\stefa\look\loop\slots\2\wt] cargo test -p truck-certified --lib probe_f4_stages -- --nocapture
10:09:55 DONE exit=0 in 25s: cargo test -p truck-certified --lib probe_f4_stages -- --nocapture
10:10:12 START [cwd=C:\Users\stefa\look\loop\slots\2\wt] cargo test -p truck-certified --lib probe_f4_stages -- --nocapture
10:12:27 DONE exit=101 in 135s: cargo test -p truck-certified --lib probe_f4_stages -- --nocapture
10:12:38 START [cwd=C:\Users\stefa\look\loop\slots\2\wt] cargo test -p truck-certified --lib probe_f4_stages -- --nocapture
10:13:59 DONE exit=0 in 81s: cargo test -p truck-certified --lib probe_f4_stages -- --nocapture
10:16:09 START [cwd=C:\Users\stefa\look\loop\slots\2\wt] cargo test -p truck-certified --lib probe_f4_stages -- --nocapture
10:16:12 DONE exit=101 in 3s: cargo test -p truck-certified --lib probe_f4_stages -- --nocapture
10:16:18 START [cwd=C:\Users\stefa\look\loop\slots\2\wt] cargo test -p truck-certified --lib probe_f4_stages
10:16:20 DONE exit=101 in 2s: cargo test -p truck-certified --lib probe_f4_stages
10:16:38 START [cwd=C:\Users\stefa\look\loop\slots\2\wt] cargo test -p truck-certified --lib probe_f4_stages -- --nocapture
10:17:00 DONE exit=0 in 21s: cargo test -p truck-certified --lib probe_f4_stages -- --nocapture
10:17:10 START [cwd=C:\Users\stefa\look\loop\slots\2\wt] cargo test -p truck-certified --lib tangency
10:17:22 DONE exit=0 in 11s: cargo test -p truck-certified --lib tangency
10:17:33 START [cwd=C:\Users\stefa\look\loop\slots\2\wt] cargo test -p truck-certified --lib tangency
10:17:37 DONE exit=0 in 4s: cargo test -p truck-certified --lib tangency
10:17:45 START [cwd=C:\Users\stefa\look\loop\slots\2\wt] cargo fmt --check -p truck-certified
10:17:48 DONE exit=1 in 2s: cargo fmt --check -p truck-certified
10:17:57 START [cwd=C:\Users\stefa\look\loop\slots\2\wt] cargo fmt -p truck-certified
10:17:58 DONE exit=0 in 1s: cargo fmt -p truck-certified
10:18:02 START [cwd=C:\Users\stefa\look\loop\slots\2\wt] cargo fmt --check -p truck-certified
10:18:04 DONE exit=0 in 1s: cargo fmt --check -p truck-certified
10:19:12 START [cwd=C:\Users\stefa\look\loop\slots\2\wt] cargo clippy -p truck-certified --all-targets -- -D warnings
10:19:49 DONE exit=101 in 37s: cargo clippy -p truck-certified --all-targets -- -D warnings
10:21:15 START [cwd=C:\Users\stefa\look\loop\slots\2\wt] cargo clippy -p truck-certified --lib
10:21:42 DONE exit=101 in 26s: cargo clippy -p truck-certified --lib
10:21:48 START [cwd=C:\Users\stefa\look\loop\slots\2\wt] cargo clippy -p truck-certified --all-targets
10:22:14 DONE exit=101 in 26s: cargo clippy -p truck-certified --all-targets
10:22:21 START [cwd=C:\Users\stefa\look\loop\slots\2\wt] cargo test -p truck-certified --lib tangency
10:22:35 DONE exit=0 in 14s: cargo test -p truck-certified --lib tangency
10:22:41 START [cwd=C:\Users\stefa\look\loop\slots\2\wt] cargo test -p truck-certified --lib
10:22:43 DONE exit=0 in 2s: cargo test -p truck-certified --lib
10:22:53 START [cwd=C:\Users\stefa\look\loop\slots\2\wt] cargo fmt --check -p truck-certified
10:22:54 DONE exit=1 in 1s: cargo fmt --check -p truck-certified
10:23:30 START [cwd=C:\Users\stefa\look\loop\slots\2\wt] cargo test -p truck-certified --lib tangency
10:23:30 DONE exit=0 in 0s: cargo test -p truck-certified --lib tangency
10:23:42 START [cwd=C:\Users\stefa\look\loop\slots\2\wt] cargo clippy -p truck-certified --lib -- -D warnings
10:24:10 DONE exit=101 in 27s: cargo clippy -p truck-certified --lib -- -D warnings
10:36:02 START [cwd=C:\Users\stefa\look\loop\slots\3\wt] cargo test -p truck123d --test ttc_harness --no-run
10:36:51 DONE exit=101 in 49s: cargo test -p truck123d --test ttc_harness --no-run
10:37:05 START [cwd=C:\Users\stefa\look\loop\slots\3\wt] cargo test -p truck123d --test ttc_harness --no-run
10:37:07 DONE exit=0 in 2s: cargo test -p truck123d --test ttc_harness --no-run
10:37:14 START [cwd=C:\Users\stefa\look\loop\slots\3\wt] cargo test -p truck123d --test ttc_harness staged_skips_carry_reasons compat_surface_table_is_complete
10:37:14 DONE exit=1 in 0s: cargo test -p truck123d --test ttc_harness staged_skips_carry_reasons compat_surface_table_is_complete
10:37:18 START [cwd=C:\Users\stefa\look\loop\slots\3\wt] cargo test -p truck123d --test ttc_harness staged
10:37:19 DONE exit=0 in 1s: cargo test -p truck123d --test ttc_harness staged
10:37:23 START [cwd=C:\Users\stefa\look\loop\slots\3\wt] cargo test -p truck123d --test ttc_harness compat_surface
10:37:24 DONE exit=0 in 0s: cargo test -p truck123d --test ttc_harness compat_surface
10:37:28 START [cwd=C:\Users\stefa\look\loop\slots\3\wt] cargo test -p truck123d --test ttc_harness corpus_runner
10:37:29 DONE exit=101 in 0s: cargo test -p truck123d --test ttc_harness corpus_runner
10:40:56 START [cwd=C:\Users\stefa\look\loop\slots\3\wt] cargo test -p truck123d --test ttc_harness corpus_runner
10:44:06 DONE exit=0 in 190s: cargo test -p truck123d --test ttc_harness corpus_runner
10:44:18 START [cwd=C:\Users\stefa\look\loop\slots\3\wt] cargo fmt -p truck123d
10:44:19 DONE exit=0 in 0s: cargo fmt -p truck123d
10:44:25 START [cwd=C:\Users\stefa\look\loop\slots\3\wt] cargo fmt --check -p truck123d
10:44:25 DONE exit=0 in 0s: cargo fmt --check -p truck123d
10:44:29 START [cwd=C:\Users\stefa\look\loop\slots\3\wt] cargo clippy -p truck123d --all-targets -- -D warnings
10:44:37 DONE exit=0 in 7s: cargo clippy -p truck123d --all-targets -- -D warnings
10:44:37 START [cwd=C:\Users\stefa\look\loop\slots\0\wt] cargo test -p truck-shapeops --test cl_exact_contact rescoped_classes_carry_typed_refusals -- --nocapture
10:47:52 DONE exit=0 in 195s: cargo test -p truck-shapeops --test cl_exact_contact rescoped_classes_carry_typed_refusals -- --nocapture
10:47:52 START [cwd=C:\Users\stefa\look\loop\slots\3\wt] cargo test -p truck123d --test ttc_harness
10:50:43 DONE exit=0 in 170s: cargo test -p truck123d --test ttc_harness
10:50:43 START [cwd=C:\Users\stefa\look\loop\slots\0\wt] cargo test -p truck-shapeops --test cl_exact_contact rescoped_classes_carry_typed_refusals -- --nocapture
10:50:46 DONE exit=0 in 3s: cargo test -p truck-shapeops --test cl_exact_contact rescoped_classes_carry_typed_refusals -- --nocapture
10:51:06 START [cwd=C:\Users\stefa\look\loop\slots\3\wt] cargo fmt -p truck123d
10:51:07 DONE exit=0 in 0s: cargo fmt -p truck123d
10:51:07 START [cwd=C:\Users\stefa\look\loop\slots\3\wt] cargo fmt --check -p truck123d
10:51:07 DONE exit=0 in 0s: cargo fmt --check -p truck123d
10:51:08 START [cwd=C:\Users\stefa\look\loop\slots\3\wt] cargo clippy -p truck123d --all-targets -- -D warnings
10:51:09 DONE exit=0 in 0s: cargo clippy -p truck123d --all-targets -- -D warnings
10:51:14 START [cwd=C:\Users\stefa\look\loop\slots\3\wt] cargo test -p truck123d --test ttc_harness
10:54:14 DONE exit=0 in 180s: cargo test -p truck123d --test ttc_harness
10:54:14 START [cwd=C:\Users\stefa\look\loop\slots\0\wt] cargo test -p truck-shapeops --test cl_exact_contact rescoped_classes_carry_typed_refusals -- --nocapture
10:54:15 DONE exit=101 in 1s: cargo test -p truck-shapeops --test cl_exact_contact rescoped_classes_carry_typed_refusals -- --nocapture
10:54:20 START [cwd=C:\Users\stefa\look\loop\slots\0\wt] cargo test -p truck-shapeops --test cl_exact_contact rescoped_classes_carry_typed_refusals -- --nocapture
10:54:21 DONE exit=101 in 0s: cargo test -p truck-shapeops --test cl_exact_contact rescoped_classes_carry_typed_refusals -- --nocapture
10:54:28 START [cwd=C:\Users\stefa\look\loop\slots\0\wt] cargo test -p truck-shapeops --test cl_exact_contact rescoped_classes_carry_typed_refusals -- --nocapture
10:54:32 DONE exit=0 in 4s: cargo test -p truck-shapeops --test cl_exact_contact rescoped_classes_carry_typed_refusals -- --nocapture
10:54:45 START [cwd=C:\Users\stefa\look\loop\slots\0\wt] cargo test -p truck-shapeops --test cl_exact_contact rescoped_classes_carry_typed_refusals -- --nocapture
10:54:45 DONE exit=0 in 0s: cargo test -p truck-shapeops --test cl_exact_contact rescoped_classes_carry_typed_refusals -- --nocapture
10:55:10 START [cwd=C:\Users\stefa\look\loop\slots\0\wt] cargo test -p truck-shapeops --test cl_exact_contact rescoped_classes_carry_typed_refusals -- --nocapture
10:55:11 DONE exit=0 in 0s: cargo test -p truck-shapeops --test cl_exact_contact rescoped_classes_carry_typed_refusals -- --nocapture
10:56:06 START [cwd=C:\Users\stefa\look\loop\slots\0\wt] cargo test -p truck-shapeops --test cl_exact_contact z_axis_full_face_butt_join_certified -- --nocapture
10:56:07 DONE exit=0 in 0s: cargo test -p truck-shapeops --test cl_exact_contact z_axis_full_face_butt_join_certified -- --nocapture
10:56:56 START [cwd=C:\Users\stefa\look\loop\slots\0\wt] cargo test -p truck-shapeops --lib boolean::assemble::tests::dbg_butt_x -- --nocapture
10:58:02 DONE exit=0 in 65s: cargo test -p truck-shapeops --lib boolean::assemble::tests::dbg_butt_x -- --nocapture
10:58:38 START [cwd=C:\Users\stefa\look\loop\slots\0\wt] cargo test -p truck-shapeops --lib boolean::assemble::tests::dbg_butt_x -- --nocapture
10:58:53 DONE exit=0 in 14s: cargo test -p truck-shapeops --lib boolean::assemble::tests::dbg_butt_x -- --nocapture
11:01:37 START [cwd=C:\Users\stefa\look\loop\slots\0\wt] cargo test -p truck-shapeops --lib boolean::assemble::tests::butt_join_union_drops_shared_wall -- --nocapture
11:01:38 DONE exit=101 in 1s: cargo test -p truck-shapeops --lib boolean::assemble::tests::butt_join_union_drops_shared_wall -- --nocapture
11:02:02 START [cwd=C:\Users\stefa\look\loop\slots\0\wt] cargo test -p truck-shapeops --lib boolean::assemble::tests::butt_join_union_drops_shared_wall -- --nocapture
11:02:57 DONE exit=101 in 55s: cargo test -p truck-shapeops --lib boolean::assemble::tests::butt_join_union_drops_shared_wall -- --nocapture
11:03:05 START [cwd=C:\Users\stefa\look\loop\slots\0\wt] cargo test -p truck-shapeops --lib boolean::assemble::tests::butt_join_union_drops_shared_wall -- --nocapture
11:03:05 DONE exit=101 in 0s: cargo test -p truck-shapeops --lib boolean::assemble::tests::butt_join_union_drops_shared_wall -- --nocapture
11:03:23 START [cwd=C:\Users\stefa\look\loop\slots\0\wt] cargo test -p truck-shapeops --lib boolean::assemble::tests::butt_join_union_drops_shared_wall -- --nocapture
11:03:34 DONE exit=101 in 11s: cargo test -p truck-shapeops --lib boolean::assemble::tests::butt_join_union_drops_shared_wall -- --nocapture
11:03:56 START [cwd=C:\Users\stefa\look\loop\slots\0\wt] cargo test -p truck-shapeops --lib boolean::assemble::tests::butt_join_union_drops_shared_wall -- --nocapture
11:04:03 DONE exit=101 in 6s: cargo test -p truck-shapeops --lib boolean::assemble::tests::butt_join_union_drops_shared_wall -- --nocapture
11:04:33 START [cwd=C:\Users\stefa\look\loop\slots\0\wt] cargo test -p truck-shapeops --lib boolean::assemble::tests::butt_join_union_drops_shared_wall -- --nocapture
11:04:40 DONE exit=101 in 6s: cargo test -p truck-shapeops --lib boolean::assemble::tests::butt_join_union_drops_shared_wall -- --nocapture
11:05:36 START [cwd=C:\Users\stefa\look\loop\slots\0\wt] cargo test -p truck-shapeops --lib boolean::assemble::tests::dbg_butt_z -- --nocapture
11:05:44 DONE exit=0 in 7s: cargo test -p truck-shapeops --lib boolean::assemble::tests::dbg_butt_z -- --nocapture
11:07:53 START [cwd=C:\Users\stefa\look\loop\slots\0\wt] cargo test -p truck-shapeops --lib boolean::assemble::tests::butt_join_union_drops_shared_wall -- --nocapture
11:08:01 DONE exit=101 in 7s: cargo test -p truck-shapeops --lib boolean::assemble::tests::butt_join_union_drops_shared_wall -- --nocapture
11:08:15 START [cwd=C:\Users\stefa\look\loop\slots\0\wt] cargo test -p truck-shapeops --lib boolean::assemble::tests::butt_join_union_drops_shared_wall -- --nocapture
11:08:22 DONE exit=101 in 7s: cargo test -p truck-shapeops --lib boolean::assemble::tests::butt_join_union_drops_shared_wall -- --nocapture
11:08:34 START [cwd=C:\Users\stefa\look\loop\slots\0\wt] cargo test -p truck-shapeops --lib boolean::assemble::tests::butt_join_union_drops_shared_wall -- --nocapture
11:08:34 DONE exit=101 in 0s: cargo test -p truck-shapeops --lib boolean::assemble::tests::butt_join_union_drops_shared_wall -- --nocapture
11:08:47 START [cwd=C:\Users\stefa\look\loop\slots\0\wt] cargo test -p truck-shapeops --lib boolean::assemble::tests::butt_join_union_drops_shared_wall -- --nocapture
11:08:52 DONE exit=101 in 5s: cargo test -p truck-shapeops --lib boolean::assemble::tests::butt_join_union_drops_shared_wall -- --nocapture
11:09:07 START [cwd=C:\Users\stefa\look\loop\slots\0\wt] cargo test -p truck-shapeops --lib boolean::assemble::tests::butt_join_union_drops_shared_wall -- --nocapture
11:09:14 DONE exit=101 in 6s: cargo test -p truck-shapeops --lib boolean::assemble::tests::butt_join_union_drops_shared_wall -- --nocapture
11:09:33 START [cwd=C:\Users\stefa\look\loop\slots\0\wt] cargo test -p truck-shapeops --lib boolean::assemble::tests::butt_join_union_drops_shared_wall -- --nocapture
11:09:40 DONE exit=101 in 7s: cargo test -p truck-shapeops --lib boolean::assemble::tests::butt_join_union_drops_shared_wall -- --nocapture
11:09:55 START [cwd=C:\Users\stefa\look\loop\slots\0\wt] cargo test -p truck-shapeops --lib boolean::assemble::tests::butt_join_union_drops_shared_wall -- --nocapture
11:10:02 DONE exit=101 in 7s: cargo test -p truck-shapeops --lib boolean::assemble::tests::butt_join_union_drops_shared_wall -- --nocapture
11:10:13 START [cwd=C:\Users\stefa\look\loop\slots\0\wt] cargo test -p truck-shapeops --lib boolean::assemble::tests::butt_join_union_drops_shared_wall -- --nocapture
11:10:20 DONE exit=101 in 6s: cargo test -p truck-shapeops --lib boolean::assemble::tests::butt_join_union_drops_shared_wall -- --nocapture
11:10:28 START [cwd=C:\Users\stefa\look\loop\slots\0\wt] cargo test -p truck-shapeops --lib boolean::assemble::tests::butt_join_union_drops_shared_wall -- --nocapture
11:10:34 DONE exit=101 in 5s: cargo test -p truck-shapeops --lib boolean::assemble::tests::butt_join_union_drops_shared_wall -- --nocapture
11:11:17 START [cwd=C:\Users\stefa\look\loop\slots\0\wt] cargo test -p truck-shapeops --test cl_exact_contact z_axis_full_face_butt_join_certified -- --nocapture
11:11:24 DONE exit=0 in 6s: cargo test -p truck-shapeops --test cl_exact_contact z_axis_full_face_butt_join_certified -- --nocapture
11:12:48 START [cwd=C:\Users\stefa\look] cargo test -p look --test geometry_fingerprint
11:25:52 DONE exit=101 in 783s: cargo test -p look --test geometry_fingerprint
11:25:52 START [cwd=C:\Users\stefa\look\loop\slots\3\wt] cargo --version
11:25:52 DONE exit=0 in 0s: cargo --version
11:25:52 START [cwd=C:\Users\stefa\look\loop\slots\0\wt] cargo test -p truck-shapeops --lib boolean::assemble::tests::self_pair_rewrites_before_sweep -- --nocapture
11:26:28 DONE exit=0 in 35s: cargo test -p truck-shapeops --lib boolean::assemble::tests::self_pair_rewrites_before_sweep -- --nocapture
11:26:28 START [cwd=C:\Users\stefa\look\loop\slots\2\wt] cargo check -p truck-stepio -p truck-geometry -p truck-meshalgo -p truck-shapeops
11:27:56 DONE exit=0 in 88s: cargo check -p truck-stepio -p truck-geometry -p truck-meshalgo -p truck-shapeops
11:27:56 START [cwd=C:\Users\stefa\look\loop\slots\1\wt] cargo build -p truck123d
11:28:56 DONE exit=0 in 59s: cargo build -p truck123d
11:28:56 START [cwd=C:\Users\stefa\look\loop\slots\0\wt] cargo test -p truck-shapeops --lib boolean::assemble::tests::butt_join_union_drops_shared_wall -- --nocapture
11:28:57 DONE exit=101 in 0s: cargo test -p truck-shapeops --lib boolean::assemble::tests::butt_join_union_drops_shared_wall -- --nocapture
11:29:08 START [cwd=C:\Users\stefa\look\loop\slots\0\wt] cargo test -p truck-shapeops --lib boolean::assemble::tests::butt_join_union_drops_shared_wall -- --nocapture
11:29:14 DONE exit=0 in 6s: cargo test -p truck-shapeops --lib boolean::assemble::tests::butt_join_union_drops_shared_wall -- --nocapture
11:29:21 START [cwd=C:\Users\stefa\look\loop\slots\0\wt] cargo test -p truck-shapeops --lib boolean
11:29:21 DONE exit=0 in 0s: cargo test -p truck-shapeops --lib boolean
11:32:26 START [cwd=C:\Users\stefa\look\loop\slots\3\wt] cargo fmt -p truck-certified
11:32:26 DONE exit=1 in 0s: cargo fmt -p truck-certified
11:32:28 START [cwd=C:\Users\stefa\look\loop\slots\1\wt] cargo test -p truck123d --test pb_facade
11:33:33 DONE exit=3221225781 in 64s: cargo test -p truck123d --test pb_facade
11:33:33 START [cwd=C:\Users\stefa\look\loop\slots\3\wt] cargo fmt -p truck-certified
11:33:34 DONE exit=0 in 1s: cargo fmt -p truck-certified
11:33:34 START [cwd=C:\Users\stefa\look\loop\slots\0\wt] cargo test -p truck-certified --lib tangency::arrange
11:34:15 DONE exit=101 in 40s: cargo test -p truck-certified --lib tangency::arrange
11:34:15 START [cwd=C:\Users\stefa\look\loop\slots\1\wt] cargo test -p truck123d --test pb_facade
11:34:16 DONE exit=0 in 0s: cargo test -p truck123d --test pb_facade
11:34:16 START [cwd=C:\Users\stefa\look\loop\slots\3\wt] cargo --version
11:34:16 DONE exit=0 in 0s: cargo --version
11:34:22 START [cwd=C:\Users\stefa\look\loop\slots\0\wt] cargo check -p truck-certified --lib
11:34:50 DONE exit=101 in 27s: cargo check -p truck-certified --lib
11:34:50 START [cwd=C:\Users\stefa\look\loop\slots\2\wt] cargo test -p truck-geometry --test zz_scratch -- --nocapture
11:36:05 DONE exit=0 in 75s: cargo test -p truck-geometry --test zz_scratch -- --nocapture
11:36:05 START [cwd=C:\Users\stefa\look\loop\slots\3\wt] cargo fmt --check -p truck-certified
11:36:07 DONE exit=1 in 1s: cargo fmt --check -p truck-certified
11:36:07 START [cwd=C:\Users\stefa\look\loop\slots\0\wt] cargo test -p truck-certified --lib tangency::arrange
11:37:49 DONE exit=0 in 102s: cargo test -p truck-certified --lib tangency::arrange
11:37:49 START [cwd=C:\Users\stefa\look\loop\slots\3\wt] cargo fmt --check -p truck-certified
11:37:57 DONE exit=1 in 7s: cargo fmt --check -p truck-certified
11:38:05 START [cwd=C:\Users\stefa\look\loop\slots\0\wt] cargo fmt -p truck-shapeops -p truck-certified
11:38:07 DONE exit=0 in 1s: cargo fmt -p truck-shapeops -p truck-certified
11:38:24 START [cwd=C:\Users\stefa\AppData\Local\Temp\opencode\pristine] cargo fmt --check -p truck-certified
11:38:40 DONE exit=1 in 16s: cargo fmt --check -p truck-certified
11:38:40 START [cwd=C:\Users\stefa\look\loop\slots\0\wt] cargo fmt --check -p truck-shapeops -p truck-certified
11:38:42 DONE exit=1 in 1s: cargo fmt --check -p truck-shapeops -p truck-certified
11:38:47 START [cwd=C:\Users\stefa\look\loop\slots\3\wt] cargo fmt --check -p truck-certified
11:38:49 DONE exit=1 in 1s: cargo fmt --check -p truck-certified
11:38:50 START [cwd=C:\Users\stefa\look\loop\slots\0\wt] cargo fmt --check -p truck-shapeops -p truck-certified
11:38:52 DONE exit=1 in 2s: cargo fmt --check -p truck-shapeops -p truck-certified
11:39:00 START [cwd=C:\Users\stefa\look\loop\slots\3\wt] cargo clippy -p truck-certified --all-targets -- -D warnings
11:41:13 DONE exit=101 in 133s: cargo clippy -p truck-certified --all-targets -- -D warnings
11:41:13 START [cwd=C:\Users\stefa\look\loop\slots\0\wt] cargo clippy -p truck-shapeops -p truck-certified --all-targets -- -D warnings
11:42:33 DONE exit=101 in 79s: cargo clippy -p truck-shapeops -p truck-certified --all-targets -- -D warnings
11:42:33 START [cwd=C:\Users\stefa\look\loop\slots\3\wt] cargo clippy -p truck-certified --all-targets -- -D warnings
11:43:47 DONE exit=101 in 73s: cargo clippy -p truck-certified --all-targets -- -D warnings
11:43:47 START [cwd=C:\Users\stefa\look\loop\slots\0\wt] cargo clippy -p truck-certified --lib
11:44:36 DONE exit=101 in 48s: cargo clippy -p truck-certified --lib
11:44:36 START [cwd=C:\Users\stefa\look\loop\slots\3\wt] cargo test -p truck-certified --lib cfp
11:46:13 DONE exit=101 in 97s: cargo test -p truck-certified --lib cfp
11:46:13 START [cwd=C:\Users\stefa\look\loop\slots\2\wt] cargo check -p truck-geometry
11:46:22 DONE exit=0 in 8s: cargo check -p truck-geometry
11:46:22 START [cwd=C:\Users\stefa\look\loop\slots\0\wt] cargo clippy -p truck-certified --lib
11:46:53 DONE exit=101 in 31s: cargo clippy -p truck-certified --lib
11:46:53 START [cwd=C:\Users\stefa\look\loop\slots\2\wt] cargo test -p truck-geometry --lib parameter_division_bounds
11:47:27 DONE exit=0 in 33s: cargo test -p truck-geometry --lib parameter_division_bounds
11:47:27 START [cwd=C:\Users\stefa\look\loop\slots\3\wt] cargo test -p truck-certified --lib cfp
11:47:32 DONE exit=0 in 5s: cargo test -p truck-certified --lib cfp
11:47:32 START [cwd=C:\Users\stefa\look\loop\slots\0\wt] cargo clippy -p truck-shapeops --lib
11:48:25 DONE exit=101 in 52s: cargo clippy -p truck-shapeops --lib
11:48:25 START [cwd=C:\Users\stefa\look\loop\slots\3\wt] cargo check -p truck-evidence
11:48:30 DONE exit=0 in 4s: cargo check -p truck-evidence
11:48:41 START [cwd=C:\Users\stefa\look\loop\slots\0\wt] cargo test -p truck-shapeops --lib boolean
11:50:37 DONE exit=0 in 115s: cargo test -p truck-shapeops --lib boolean
11:50:37 START [cwd=C:\Users\stefa\look\loop\slots\2\wt] cargo check -p truck-geometry -p truck-modeling -p truck-shapeops
11:50:41 DONE exit=101 in 3s: cargo check -p truck-geometry -p truck-modeling -p truck-shapeops
11:50:41 START [cwd=C:\Users\stefa\look\loop\slots\3\wt] cargo fmt --check -p truck-certified
11:50:42 DONE exit=1 in 1s: cargo fmt --check -p truck-certified
11:50:42 START [cwd=C:\Users\stefa\look\loop\slots\1\wt] cargo test -p truck123d --no-run
11:50:56 DONE exit=0 in 13s: cargo test -p truck123d --no-run
11:50:56 START [cwd=C:\Users\stefa\look\loop\slots\0\wt] cargo test -p truck-certified --lib tangency
11:51:01 DONE exit=0 in 5s: cargo test -p truck-certified --lib tangency
11:51:01 START [cwd=C:\Users\stefa\look\loop\slots\3\wt] cargo test -p truck-certified --lib cfp
11:51:01 DONE exit=0 in 0s: cargo test -p truck-certified --lib cfp
11:51:01 START [cwd=C:\Users\stefa\look\loop\slots\2\wt] cargo check -p truck-geometry -p truck-modeling -p truck-shapeops
11:51:31 DONE exit=0 in 29s: cargo check -p truck-geometry -p truck-modeling -p truck-shapeops
11:51:31 START [cwd=C:\Users\stefa\look\loop\slots\3\wt] cargo clippy -p truck-certified --all-targets -- -D warnings
11:52:31 DONE exit=101 in 59s: cargo clippy -p truck-certified --all-targets -- -D warnings
11:52:31 START [cwd=C:\Users\stefa\look\loop\slots\0\wt] cargo check -p truck-shapeops
11:53:00 DONE exit=0 in 28s: cargo check -p truck-shapeops
11:53:00 START [cwd=C:\Users\stefa\look\loop\slots\2\wt] cargo test -p truck-geometry --lib arrange
11:53:16 DONE exit=0 in 15s: cargo test -p truck-geometry --lib arrange
11:53:16 START [cwd=C:\Users\stefa\look\loop\slots\0\wt] cargo fmt --check -p truck-shapeops -p truck-certified
11:53:17 DONE exit=1 in 1s: cargo fmt --check -p truck-shapeops -p truck-certified
11:53:20 START [cwd=C:\Users\stefa\look\loop\slots\2\wt] cargo test -p truck-geometry --test zz_scratch -- --nocapture
11:53:43 DONE exit=0 in 22s: cargo test -p truck-geometry --test zz_scratch -- --nocapture
11:53:43 START [cwd=C:\Users\stefa\look\loop\slots\3\wt] cargo test -p truck-certified --lib cfp
11:53:47 DONE exit=0 in 3s: cargo test -p truck-certified --lib cfp
11:53:47 START [cwd=C:\Users\stefa\look\loop\slots\0\wt] cargo test -p truck-shapeops --test boolean_m2 --test cl_exact_contact
11:53:59 DONE exit=0 in 12s: cargo test -p truck-shapeops --test boolean_m2 --test cl_exact_contact
11:54:00 START [cwd=C:\Users\stefa\look\loop\slots\3\wt] cargo check -p truck-certified
11:54:27 DONE exit=0 in 26s: cargo check -p truck-certified
11:54:27 START [cwd=C:\Users\stefa\look\loop\slots\0\wt] cargo test -p truck-shapeops --test conformance_battery
11:54:30 DONE exit=0 in 3s: cargo test -p truck-shapeops --test conformance_battery
11:54:56 START [cwd=C:\Users\stefa\look\loop\slots\0\wt] cargo test -p truck-certified --lib tangency::arrange
11:54:56 DONE exit=0 in 0s: cargo test -p truck-certified --lib tangency::arrange
12:03:44 START [cwd=C:\Users\stefa\look\loop\slots\2\wt] cargo test -p truck-geometry --test defect_regressions
12:03:46 DONE exit=101 in 2s: cargo test -p truck-geometry --test defect_regressions
12:04:05 START [cwd=C:\Users\stefa\look\loop\slots\2\wt] cargo test -p truck-geometry --test defect_regressions
12:04:07 DONE exit=0 in 2s: cargo test -p truck-geometry --test defect_regressions
12:04:57 START [cwd=C:\Users\stefa\look\loop\slots\2\wt] cargo test -p truck-meshalgo --test zz_mesh -- --nocapture
12:07:59 DONE exit=101 in 181s: cargo test -p truck-meshalgo --test zz_mesh -- --nocapture
12:08:00 START [cwd=C:\Users\stefa\AppData\Local\Temp\opencode\cte007-verify] cargo fmt --check -p truck-shapeops -p truck-certified
12:08:28 DONE exit=1 in 28s: cargo fmt --check -p truck-shapeops -p truck-certified
12:08:29 START [cwd=C:\Users\stefa\AppData\Local\Temp\opencode\cte007-verify] cargo clippy -p truck-shapeops -p truck-certified --all-targets -- -D warnings
12:11:00 DONE exit=101 in 151s: cargo clippy -p truck-shapeops -p truck-certified --all-targets -- -D warnings
12:11:00 START [cwd=C:\Users\stefa\look\loop\slots\2\wt] cargo test -p truck-meshalgo --test zz_mesh -- --nocapture
12:11:13 DONE exit=0 in 12s: cargo test -p truck-meshalgo --test zz_mesh -- --nocapture
12:11:13 START [cwd=C:\Users\stefa\AppData\Local\Temp\opencode\cte007-verify] cargo test -p truck-shapeops --lib boolean
12:17:29 DONE exit=0 in 375s: cargo test -p truck-shapeops --lib boolean
12:17:29 START [cwd=C:\Users\stefa\look\loop\slots\0\wt] cargo test -p truck-shapeops --lib boolean -- boolean_sweep_produces_the_flagship_event_complex
12:22:39 DONE exit=0 in 310s: cargo test -p truck-shapeops --lib boolean -- boolean_sweep_produces_the_flagship_event_complex
12:22:39 START [cwd=C:\Users\stefa\look\loop\slots\2\wt] cargo test -p truck-meshalgo --test zz_mesh -- --nocapture
12:22:46 DONE exit=101 in 7s: cargo test -p truck-meshalgo --test zz_mesh -- --nocapture
12:22:46 START [cwd=C:\Users\stefa\look\loop\slots\3\wt] cargo check -p truck-evidence
12:22:51 DONE exit=0 in 4s: cargo check -p truck-evidence
12:22:51 START [cwd=C:\Users\stefa\AppData\Local\Temp\opencode\cte007-verify] cargo test -p truck-certified --lib tangency
12:24:49 DONE exit=0 in 118s: cargo test -p truck-certified --lib tangency
12:24:49 START [cwd=C:\Users\stefa\look\loop\slots\1\wt] cargo test -p truck123d --test pb_assembly --no-run
12:24:59 DONE exit=0 in 9s: cargo test -p truck123d --test pb_assembly --no-run
12:24:59 START [cwd=C:\Users\stefa\look\loop\slots\0\wt] cargo check -p truck-shapeops --lib
12:25:45 DONE exit=0 in 46s: cargo check -p truck-shapeops --lib
12:25:45 START [cwd=C:\Users\stefa\look\loop\slots\2\wt] cargo test -p truck-meshalgo --test zz_mesh -- --nocapture
12:25:51 DONE exit=0 in 5s: cargo test -p truck-meshalgo --test zz_mesh -- --nocapture
12:25:51 START [cwd=C:\Users\stefa\look\loop\slots\3\wt] cargo check -p truck-certified
12:26:20 DONE exit=0 in 28s: cargo check -p truck-certified
12:26:20 START [cwd=C:\Users\stefa\AppData\Local\Temp\opencode\cte007-verify] cargo check -p truck-shapeops
12:26:57 DONE exit=0 in 37s: cargo check -p truck-shapeops
12:26:57 START [cwd=C:\Users\stefa\look\loop\slots\0\wt] cargo test -p truck-shapeops --lib boolean -- boolean_sweep_produces_the_flagship_event_complex
12:26:58 DONE exit=0 in 0s: cargo test -p truck-shapeops --lib boolean -- boolean_sweep_produces_the_flagship_event_complex
12:26:58 START [cwd=C:\Users\stefa\look\loop\slots\3\wt] cargo test -p truck-evidence --lib contact::instrument
12:27:46 DONE exit=0 in 48s: cargo test -p truck-evidence --lib contact::instrument
12:27:46 START [cwd=C:\Users\stefa\look\loop\slots\2\wt] cargo test -p truck-meshalgo --test zz_mesh -- --nocapture
12:27:50 DONE exit=0 in 4s: cargo test -p truck-meshalgo --test zz_mesh -- --nocapture
12:27:52 START [cwd=C:\Users\stefa\look\loop\slots\3\wt] cargo test -p truck-certified --lib cfp::instrument
12:29:19 DONE exit=0 in 87s: cargo test -p truck-certified --lib cfp::instrument
12:29:19 START [cwd=C:\Users\stefa\AppData\Local\Temp\opencode\cte007-verify] cargo fmt --check -p truck-shapeops -p truck-certified
12:29:21 DONE exit=1 in 1s: cargo fmt --check -p truck-shapeops -p truck-certified
12:29:21 START [cwd=C:\Users\stefa\look\loop\slots\1\wt] cargo test -p truck123d --test pb_conformance
12:29:21 DONE exit=101 in 0s: cargo test -p truck123d --test pb_conformance
12:29:21 START [cwd=C:\Users\stefa\look\loop\slots\0\wt] cargo check -p truck-evidence --lib
12:29:34 DONE exit=101 in 12s: cargo check -p truck-evidence --lib
12:29:34 START [cwd=C:\Users\stefa\look\loop\slots\2\wt] cargo test -p truck-meshalgo --test defect_regressions -- --nocapture
12:29:39 DONE exit=0 in 4s: cargo test -p truck-meshalgo --test defect_regressions -- --nocapture
12:29:39 START [cwd=C:\Users\stefa\look\loop\slots\3\wt] cargo fmt --check -p truck-evidence -p truck-certified
12:29:40 DONE exit=1 in 1s: cargo fmt --check -p truck-evidence -p truck-certified
12:29:46 START [cwd=C:\Users\stefa\look\loop\slots\3\wt] cargo fmt --check -p truck-evidence -p truck-certified
12:29:48 DONE exit=1 in 1s: cargo fmt --check -p truck-evidence -p truck-certified
12:29:52 START [cwd=C:\Users\stefa\look\loop\slots\0\wt] cargo check -p truck-evidence --lib
12:29:53 DONE exit=101 in 1s: cargo check -p truck-evidence --lib
12:29:53 START [cwd=C:\Users\stefa\look\loop\slots\1\wt] cargo test -p truck123d --test pb_conformance
12:29:54 DONE exit=101 in 0s: cargo test -p truck123d --test pb_conformance
12:30:05 START [cwd=C:\Users\stefa\look\loop\slots\0\wt] cargo check -p truck-evidence --lib
12:30:06 DONE exit=0 in 1s: cargo check -p truck-evidence --lib
12:30:12 START [cwd=C:\Users\stefa\look\loop\slots\0\wt] cargo test -p truck-evidence --lib enclosure
12:30:59 DONE exit=0 in 46s: cargo test -p truck-evidence --lib enclosure
12:30:59 START [cwd=C:\Users\stefa\look\loop\slots\3\wt] cargo fmt --check -p truck-evidence -p truck-certified
12:31:00 DONE exit=1 in 1s: cargo fmt --check -p truck-evidence -p truck-certified
12:31:00 START [cwd=C:\Users\stefa\look\loop\slots\1\wt] cargo test -p truck123d --test pb_conformance
12:31:04 DONE exit=101 in 3s: cargo test -p truck123d --test pb_conformance
12:31:04 START [cwd=C:\Users\stefa\look\loop\slots\2\wt] cargo check -p truck-meshalgo
12:31:07 DONE exit=0 in 3s: cargo check -p truck-meshalgo
12:31:13 START [cwd=C:\Users\stefa\look\loop\slots\3\wt] cargo clippy -p truck-evidence -p truck-certified --all-targets -- -D warnings
12:32:04 DONE exit=101 in 51s: cargo clippy -p truck-evidence -p truck-certified --all-targets -- -D warnings
12:32:04 START [cwd=C:\Users\stefa\look\loop\slots\2\wt] cargo check -p truck-meshalgo
12:32:05 DONE exit=0 in 1s: cargo check -p truck-meshalgo
12:32:05 START [cwd=C:\Users\stefa\look\loop\slots\1\wt] cargo test -p truck123d --test pb_conformance
12:32:06 DONE exit=101 in 0s: cargo test -p truck123d --test pb_conformance
12:32:13 START [cwd=C:\Users\stefa\look\loop\slots\2\wt] cargo test -p truck-meshalgo --lib
12:32:46 DONE exit=101 in 32s: cargo test -p truck-meshalgo --lib
12:32:46 START [cwd=C:\Users\stefa\look\loop\slots\1\wt] cargo test -p truck123d --test pb_conformance
12:32:49 DONE exit=0 in 3s: cargo test -p truck123d --test pb_conformance
12:32:49 START [cwd=C:\Users\stefa\look\loop\slots\0\wt] cargo test -p truck-evidence --lib enclosure
12:32:52 DONE exit=0 in 2s: cargo test -p truck-evidence --lib enclosure
12:32:52 START [cwd=C:\Users\stefa\look\loop\slots\3\wt] cargo clippy -p truck-evidence --all-targets -- -D warnings
12:33:01 DONE exit=101 in 9s: cargo clippy -p truck-evidence --all-targets -- -D warnings
12:33:04 START [cwd=C:\Users\stefa\look\loop\slots\0\wt] cargo test -p truck-evidence --lib enclosure
12:33:06 DONE exit=0 in 2s: cargo test -p truck-evidence --lib enclosure
12:33:17 START [cwd=C:\Users\stefa\look\loop\slots\1\wt] cargo fmt --all -- --check
12:34:03 DONE exit=1 in 46s: cargo fmt --all -- --check
12:34:03 START [cwd=C:\Users\stefa\look\loop\slots\2\wt] cargo test -p truck-meshalgo --lib
12:34:09 DONE exit=101 in 5s: cargo test -p truck-meshalgo --lib
12:34:09 START [cwd=C:\Users\stefa\look\loop\slots\3\wt] cargo test -p truck-evidence --lib
12:41:28 DONE exit=0 in 439s: cargo test -p truck-evidence --lib
12:41:28 START [cwd=C:\Users\stefa\look\loop\slots\1\wt] cargo fmt --all -- --check
12:41:32 DONE exit=1 in 3s: cargo fmt --all -- --check
12:41:32 START [cwd=C:\Users\stefa\look\loop\slots\2\wt] cargo test -p truck-meshalgo --lib
12:41:40 DONE exit=101 in 8s: cargo test -p truck-meshalgo --lib
12:41:40 START [cwd=C:\Users\stefa\look\loop\slots\0\wt] cargo test -p truck-shapeops --lib boolean -- tmp_inspect_flagship_faces --nocapture
12:43:11 DONE exit=0 in 90s: cargo test -p truck-shapeops --lib boolean -- tmp_inspect_flagship_faces --nocapture
12:43:11 START [cwd=C:\Users\stefa\look\loop\slots\1\wt] cargo fmt --check -p truck123d
12:43:12 DONE exit=1 in 0s: cargo fmt --check -p truck123d
12:43:12 START [cwd=C:\Users\stefa\look\loop\slots\3\wt] cargo test -p truck-certified --lib
12:43:51 DONE exit=0 in 39s: cargo test -p truck-certified --lib
12:43:51 START [cwd=C:\Users\stefa\look\loop\slots\2\wt] cargo test -p truck-meshalgo --lib duplicate_edge_creates_no_second_cdt_edge
12:44:02 DONE exit=101 in 10s: cargo test -p truck-meshalgo --lib duplicate_edge_creates_no_second_cdt_edge
12:44:02 START [cwd=C:\Users\stefa\look\loop\slots\1\wt] cargo fmt -p truck123d
12:44:02 DONE exit=0 in 0s: cargo fmt -p truck123d
12:44:02 START [cwd=C:\Users\stefa\look\loop\slots\2\wt] cargo test -p truck-meshalgo --lib test_parity_intersecting_constraints_rejected
12:44:03 DONE exit=101 in 0s: cargo test -p truck-meshalgo --lib test_parity_intersecting_constraints_rejected
12:44:04 START [cwd=C:\Users\stefa\look\loop\slots\1\wt] cargo fmt --check -p truck123d
12:44:04 DONE exit=0 in 0s: cargo fmt --check -p truck123d
12:44:04 START [cwd=C:\Users\stefa\look\loop\slots\3\wt] cargo test -p truck-evidence --lib contact::instrument
12:44:04 DONE exit=0 in 0s: cargo test -p truck-evidence --lib contact::instrument
12:44:06 START [cwd=C:\Users\stefa\look\loop\slots\3\wt] cargo test -p truck-certified --lib cfp::instrument
12:44:06 DONE exit=0 in 0s: cargo test -p truck-certified --lib cfp::instrument
12:44:12 START [cwd=C:\Users\stefa\look\loop\slots\1\wt] cargo clippy -p truck123d --all-targets -- -D warnings
12:44:22 DONE exit=101 in 10s: cargo clippy -p truck123d --all-targets -- -D warnings
12:44:22 START [cwd=C:\Users\stefa\look\loop\slots\3\wt] cargo test -p truck-evidence --lib contact_ff_offset
12:44:22 DONE exit=0 in 0s: cargo test -p truck-evidence --lib contact_ff_offset
12:44:27 START [cwd=C:\Users\stefa\look\loop\slots\2\wt] cargo test -p truck-geometry --lib
12:44:29 DONE exit=0 in 2s: cargo test -p truck-geometry --lib
12:44:37 START [cwd=C:\Users\stefa\look\loop\slots\2\wt] cargo check -p truck-stepio -p truck-geometry -p truck-meshalgo -p truck-shapeops
12:44:40 DONE exit=0 in 2s: cargo check -p truck-stepio -p truck-geometry -p truck-meshalgo -p truck-shapeops
12:44:46 START [cwd=C:\Users\stefa\look\loop\slots\2\wt] cargo test -p truck-geometry --test defect_regressions
12:44:47 DONE exit=0 in 1s: cargo test -p truck-geometry --test defect_regressions
12:44:48 START [cwd=C:\Users\stefa\look\loop\slots\2\wt] cargo test -p truck-meshalgo --test defect_regressions
12:44:59 DONE exit=0 in 11s: cargo test -p truck-meshalgo --test defect_regressions
12:44:59 START [cwd=C:\Users\stefa\look\loop\slots\1\wt] cargo clippy -p truck123d --all-targets -- -D warnings
12:45:00 DONE exit=0 in 0s: cargo clippy -p truck123d --all-targets -- -D warnings
12:45:08 START [cwd=C:\Users\stefa\look\loop\slots\2\wt] cargo test -p truck-meshalgo --test defect_regressions
12:45:08 DONE exit=0 in 0s: cargo test -p truck-meshalgo --test defect_regressions
12:45:08 START [cwd=C:\Users\stefa\look\loop\slots\1\wt] cargo fmt --check -p truck123d
12:45:08 DONE exit=0 in 0s: cargo fmt --check -p truck123d
12:45:10 START [cwd=C:\Users\stefa\look\loop\slots\1\wt] cargo test -p truck123d --test pb_conformance
12:45:14 DONE exit=0 in 4s: cargo test -p truck123d --test pb_conformance
12:45:21 START [cwd=C:\Users\stefa\look\loop\slots\2\wt] cargo fmt --all -- --check
12:45:47 DONE exit=1 in 25s: cargo fmt --all -- --check
12:45:47 START [cwd=C:\Users\stefa\look\loop\slots\1\wt] cargo test -p truck123d
12:50:28 DONE exit=0 in 280s: cargo test -p truck123d
12:50:28 START [cwd=C:\Users\stefa\look\loop\slots\2\wt] cargo test -p truck-geometry --lib arrange
12:50:28 DONE exit=0 in 0s: cargo test -p truck-geometry --lib arrange
12:50:28 START [cwd=C:\Users\stefa\look\loop\slots\0\wt] cargo check -p truck-shapeops --lib
12:50:33 DONE exit=101 in 5s: cargo check -p truck-shapeops --lib
12:50:33 START [cwd=C:\Users\stefa\look\loop\slots\3\wt] cargo --version
12:50:33 DONE exit=0 in 0s: cargo --version
12:50:33 START [cwd=C:\Users\stefa\look\loop\slots\2\wt] cargo test -p truck-geometry --lib parameter_division_bounds
12:50:33 DONE exit=0 in 0s: cargo test -p truck-geometry --lib parameter_division_bounds
12:50:35 START [cwd=C:\Users\stefa\look\loop\slots\2\wt] cargo test -p truck-geometry --test defect_regressions
12:50:37 DONE exit=0 in 1s: cargo test -p truck-geometry --test defect_regressions
12:50:37 START [cwd=C:\Users\stefa\look\loop\slots\2\wt] cargo test -p truck-meshalgo --test defect_regressions
12:50:41 DONE exit=0 in 3s: cargo test -p truck-meshalgo --test defect_regressions
12:51:18 START [cwd=C:\Users\stefa\look\loop\slots\2\wt] cargo clippy -p truck-geometry -p truck-meshalgo
12:51:29 DONE exit=101 in 10s: cargo clippy -p truck-geometry -p truck-meshalgo
12:51:29 START [cwd=C:\Users\stefa\look\loop\slots\1\wt] cargo fmt --check -p truck123d
12:51:29 DONE exit=0 in 0s: cargo fmt --check -p truck123d
12:51:30 START [cwd=C:\Users\stefa\look\loop\slots\1\wt] cargo clippy -p truck123d --all-targets -- -D warnings
12:51:31 DONE exit=0 in 0s: cargo clippy -p truck123d --all-targets -- -D warnings
12:51:32 START [cwd=C:\Users\stefa\look\loop\slots\1\wt] cargo test -p truck123d --test pb_conformance
12:51:37 DONE exit=0 in 4s: cargo test -p truck123d --test pb_conformance
12:51:37 START [cwd=C:\Users\stefa\look\loop\slots\2\wt] cargo clippy -p truck-geometry
12:51:44 DONE exit=101 in 7s: cargo clippy -p truck-geometry
12:51:44 START [cwd=C:\Users\stefa\look\loop\slots\0\wt] cargo check -p truck-shapeops --lib
12:51:44 DONE exit=0 in 0s: cargo check -p truck-shapeops --lib
12:51:56 START [cwd=C:\Users\stefa\look\loop\slots\2\wt] cargo clippy -p truck-geometry -p truck-meshalgo
12:52:43 DONE exit=101 in 46s: cargo clippy -p truck-geometry -p truck-meshalgo
12:52:43 START [cwd=C:\Users\stefa\look\loop\slots\0\wt] cargo check -p truck-shapeops --lib
12:52:44 DONE exit=0 in 0s: cargo check -p truck-shapeops --lib
12:52:50 START [cwd=C:\Users\stefa\look\loop\slots\0\wt] cargo test -p truck-shapeops --lib boolean
12:53:13 DONE exit=0 in 22s: cargo test -p truck-shapeops --lib boolean
12:53:13 START [cwd=C:\Users\stefa\look\loop\slots\2\wt] cargo clippy -p truck-geometry
12:53:19 DONE exit=0 in 6s: cargo clippy -p truck-geometry
12:53:24 START [cwd=C:\Users\stefa\look\loop\slots\2\wt] cargo clippy -p truck-geometry -p truck-meshalgo
12:54:04 DONE exit=101 in 40s: cargo clippy -p truck-geometry -p truck-meshalgo
12:54:14 START [cwd=C:\Users\stefa\look\loop\slots\2\wt] cargo test -p truck-geometry --test defect_regressions
12:54:29 DONE exit=0 in 15s: cargo test -p truck-geometry --test defect_regressions
12:54:30 START [cwd=C:\Users\stefa\look\loop\slots\2\wt] cargo test -p truck-geometry --lib arrange
12:54:41 DONE exit=0 in 10s: cargo test -p truck-geometry --lib arrange
12:54:43 START [cwd=C:\Users\stefa\look\loop\slots\2\wt] cargo test -p truck-meshalgo --test defect_regressions
12:55:32 DONE exit=0 in 49s: cargo test -p truck-meshalgo --test defect_regressions
12:55:32 START [cwd=C:\Users\stefa\look\loop\slots\0\wt] cargo test -p truck-shapeops --lib boolean
12:55:56 DONE exit=101 in 24s: cargo test -p truck-shapeops --lib boolean
12:56:41 START [cwd=C:\Users\stefa\look\loop\slots\0\wt] cargo test -p truck-shapeops --lib boolean
12:57:05 DONE exit=0 in 24s: cargo test -p truck-shapeops --lib boolean
12:57:57 START [cwd=C:\Users\stefa\look\loop\slots\0\wt] cargo fmt --check -p truck-evidence -p truck-shapeops
12:57:58 DONE exit=1 in 0s: cargo fmt --check -p truck-evidence -p truck-shapeops
12:58:02 START [cwd=C:\Users\stefa\look\loop\slots\0\wt] cargo fmt -p truck-evidence -p truck-shapeops
12:58:03 DONE exit=0 in 0s: cargo fmt -p truck-evidence -p truck-shapeops
12:58:03 START [cwd=C:\Users\stefa\look\loop\slots\0\wt] cargo fmt --check -p truck-evidence -p truck-shapeops
12:58:04 DONE exit=0 in 0s: cargo fmt --check -p truck-evidence -p truck-shapeops
12:58:09 START [cwd=C:\Users\stefa\look\loop\slots\0\wt] cargo clippy -p truck-evidence -p truck-shapeops --all-targets -- -D warnings
12:59:04 DONE exit=101 in 55s: cargo clippy -p truck-evidence -p truck-shapeops --all-targets -- -D warnings
12:59:35 START [cwd=C:\Users\stefa\look\loop\slots\0\wt] cargo clippy -p truck-evidence -p truck-shapeops --all-targets --no-deps -- -D warnings
13:00:08 DONE exit=101 in 33s: cargo clippy -p truck-evidence -p truck-shapeops --all-targets --no-deps -- -D warnings
13:00:21 START [cwd=C:\Users\stefa\look\loop\slots\0\wt] cargo clippy -p truck-evidence -p truck-shapeops --lib --no-deps -- -D warnings
13:00:26 DONE exit=0 in 4s: cargo clippy -p truck-evidence -p truck-shapeops --lib --no-deps -- -D warnings
13:00:34 START [cwd=C:\Users\stefa\look\loop\slots\0\wt] cargo clippy -p truck-shapeops --all-targets --no-deps -- -D warnings
13:00:37 DONE exit=101 in 3s: cargo clippy -p truck-shapeops --all-targets --no-deps -- -D warnings
13:00:52 START [cwd=C:\Users\stefa\look\loop\slots\0\wt] cargo clippy -p truck-shapeops --all-targets --no-deps -- -D warnings
13:00:55 DONE exit=101 in 3s: cargo clippy -p truck-shapeops --all-targets --no-deps -- -D warnings
13:01:04 START [cwd=C:\Users\stefa\look\loop\slots\0\wt] cargo test -p truck-evidence --lib enclosure
13:01:07 DONE exit=0 in 3s: cargo test -p truck-evidence --lib enclosure
13:01:13 START [cwd=C:\Users\stefa\look\loop\slots\0\wt] cargo test -p truck-shapeops --lib boolean
13:01:27 DONE exit=0 in 13s: cargo test -p truck-shapeops --lib boolean
13:01:32 START [cwd=C:\Users\stefa\look\loop\slots\0\wt] cargo check -p truck-certified
13:01:56 DONE exit=0 in 23s: cargo check -p truck-certified
13:02:04 START [cwd=C:\Users\stefa\look\loop\slots\0\wt] cargo test -p truck-evidence --lib
13:10:02 DONE exit=0 in 477s: cargo test -p truck-evidence --lib
13:10:02 START [cwd=C:\Users\stefa\look] cargo check -p truck-geometry -p truck-meshalgo -p truck-stepio
13:11:45 DONE exit=0 in 102s: cargo check -p truck-geometry -p truck-meshalgo -p truck-stepio
13:11:45 START [cwd=C:\Users\stefa\look\loop\slots\0\wt] cargo test -p truck-shapeops --lib
13:11:47 DONE exit=101 in 2s: cargo test -p truck-shapeops --lib
13:11:47 START [cwd=C:\Users\stefa\look] cargo test -p truck-geometry --test defect_regressions
13:12:40 DONE exit=0 in 53s: cargo test -p truck-geometry --test defect_regressions
13:12:40 START [cwd=C:\Users\stefa\look\loop\slots\0\wt] cargo test -p truck-shapeops --test boolean_m2
13:12:51 DONE exit=0 in 11s: cargo test -p truck-shapeops --test boolean_m2
13:12:51 START [cwd=C:\Users\stefa\look] cargo test -p truck-meshalgo --test defect_regressions
13:15:43 DONE exit=0 in 171s: cargo test -p truck-meshalgo --test defect_regressions
13:15:43 START [cwd=C:\Users\stefa\look\loop\slots\0\wt] cargo test -p truck-shapeops --test conformance_battery --test interior_loop --test cc024_offset_exact
13:16:20 DONE exit=0 in 37s: cargo test -p truck-shapeops --test conformance_battery --test interior_loop --test cc024_offset_exact
13:16:45 START [cwd=C:\Users\stefa\look\loop\slots\0\wt] cargo fmt --check -p truck-evidence -p truck-shapeops
13:16:51 DONE exit=0 in 5s: cargo fmt --check -p truck-evidence -p truck-shapeops
13:19:39 START [cwd=C:\Users\stefa\look\loop\slots\1\wt] cargo qcheck -p truck-certified
13:21:05 DONE exit=101 in 86s: cargo qcheck -p truck-certified
13:21:12 START [cwd=C:\Users\stefa\look\loop\slots\1\wt] cargo qcheck -p truck-certified
13:21:34 DONE exit=0 in 21s: cargo qcheck -p truck-certified
13:21:40 START [cwd=C:\Users\stefa\look\loop\slots\1\wt] cargo test -p truck-certified --lib construct::bie::ssi4
13:24:35 DONE exit=0 in 175s: cargo test -p truck-certified --lib construct::bie::ssi4
13:24:40 START [cwd=C:\Users\stefa\look\loop\slots\1\wt] cargo test -p truck-certified --lib ssi_trace
13:24:41 DONE exit=0 in 0s: cargo test -p truck-certified --lib ssi_trace
13:24:56 START [cwd=C:\Users\stefa\look\loop\slots\1\wt] cargo test -p truck-certified --lib
13:25:01 DONE exit=0 in 4s: cargo test -p truck-certified --lib
13:25:05 START [cwd=C:\Users\stefa\look\loop\slots\1\wt] cargo fmt --check -p truck-certified
13:25:15 DONE exit=1 in 9s: cargo fmt --check -p truck-certified
13:25:20 START [cwd=C:\Users\stefa\look\loop\slots\1\wt] cargo fmt --check -p truck-certified
13:25:23 DONE exit=1 in 3s: cargo fmt --check -p truck-certified
13:25:28 START [cwd=C:\Users\stefa\look\loop\slots\1\wt] cargo fmt --check -p truck-certified
13:25:31 DONE exit=1 in 2s: cargo fmt --check -p truck-certified
13:25:36 START [cwd=C:\Users\stefa\look\loop\slots\1\wt] cargo fmt -p truck-certified -- vendor/truck/truck-certified/src/construct/bie/ssi4.rs
13:25:39 DONE exit=0 in 2s: cargo fmt -p truck-certified -- vendor/truck/truck-certified/src/construct/bie/ssi4.rs
13:25:39 START [cwd=C:\Users\stefa\look\loop\slots\1\wt] cargo fmt --check -p truck-certified
13:25:42 DONE exit=0 in 2s: cargo fmt --check -p truck-certified
13:26:16 START [cwd=C:\Users\stefa\look\loop\slots\1\wt] cargo clippy -p truck-certified --all-targets -- -D warnings
13:27:48 DONE exit=101 in 92s: cargo clippy -p truck-certified --all-targets -- -D warnings
13:28:22 START [cwd=C:\Users\stefa\look\loop\slots\1\wt] cargo clippy -p truck-certified --tests -- -D warnings
13:29:21 DONE exit=101 in 59s: cargo clippy -p truck-certified --tests -- -D warnings
13:30:00 START [cwd=C:\Users\stefa\look\loop\slots\1\wt] cargo test -p truck-certified --lib construct::bie::ssi4
13:30:05 DONE exit=0 in 4s: cargo test -p truck-certified --lib construct::bie::ssi4
13:31:01 START [cwd=C:\Users\stefa\look\loop\slots\1\wt] cargo fmt --check -p truck-certified
13:31:02 DONE exit=1 in 1s: cargo fmt --check -p truck-certified
13:39:26 START [cwd=C:\Users\stefa\look] cargo check -p truck-modeling --tests
13:39:51 DONE exit=101 in 24s: cargo check -p truck-modeling --tests
13:41:48 START [cwd=C:\Users\stefa\look] cargo check --workspace --all-targets
13:45:30 DONE exit=101 in 221s: cargo check --workspace --all-targets
14:00:48 START [cwd=C:\Users\stefa\look\loop\slots\3\wt] cargo fmt --check -p truck-certified -p truck-shapeops
14:01:03 DONE exit=1 in 15s: cargo fmt --check -p truck-certified -p truck-shapeops
14:01:15 START [cwd=C:\Users\stefa\look\loop\slots\3\wt] cargo fmt --check -p truck-certified -p truck-shapeops
14:01:16 DONE exit=1 in 1s: cargo fmt --check -p truck-certified -p truck-shapeops
14:01:28 START [cwd=C:\Users\stefa\look\loop\slots\3\wt] cargo fmt --check -p truck-certified -p truck-shapeops
14:01:30 DONE exit=1 in 1s: cargo fmt --check -p truck-certified -p truck-shapeops
14:02:48 START [cwd=C:\Users\stefa\look\loop\slots\3\wt] cargo check -p truck-certified --lib
14:03:47 DONE exit=0 in 58s: cargo check -p truck-certified --lib
14:03:57 START [cwd=C:\Users\stefa\look\loop\slots\3\wt] cargo clippy -p truck-certified -p truck-shapeops --all-targets -- -D warnings
14:05:26 DONE exit=101 in 89s: cargo clippy -p truck-certified -p truck-shapeops --all-targets -- -D warnings
14:05:59 START [cwd=C:\Users\stefa\look\loop\slots\3\wt] cargo clippy -p truck-certified -p truck-shapeops --all-targets
14:06:50 DONE exit=101 in 50s: cargo clippy -p truck-certified -p truck-shapeops --all-targets
14:07:04 START [cwd=C:\Users\stefa\look\loop\slots\3\wt] cargo test -p truck-certified --test cte_battery
14:08:19 DONE exit=101 in 74s: cargo test -p truck-certified --test cte_battery
14:08:19 START [cwd=C:\Users\stefa\look\loop\slots\2\wt] cargo check -p truck-modeling --tests
14:10:01 DONE exit=101 in 102s: cargo check -p truck-modeling --tests
14:10:01 START [cwd=C:\Users\stefa\look\loop\slots\3\wt] cargo test -p truck-certified --test cte_battery
14:10:09 DONE exit=0 in 7s: cargo test -p truck-certified --test cte_battery
14:10:09 START [cwd=C:\Users\stefa\look\loop\slots\2\wt] cargo check -p truck-modeling --tests
14:10:10 DONE exit=101 in 0s: cargo check -p truck-modeling --tests
14:10:19 START [cwd=C:\Users\stefa\look\loop\slots\3\wt] cargo test -p truck-shapeops --test cte_gates
14:14:32 DONE exit=0 in 252s: cargo test -p truck-shapeops --test cte_gates
14:14:32 START [cwd=C:\Users\stefa\look\loop\slots\2\wt] cargo check -p truck-modeling --tests
14:14:32 DONE exit=101 in 0s: cargo check -p truck-modeling --tests
14:15:00 START [cwd=C:\Users\stefa\look\loop\slots\2\wt] cargo check -p truck-modeling --tests
14:15:01 DONE exit=0 in 0s: cargo check -p truck-modeling --tests
14:15:01 START [cwd=C:\Users\stefa\look\loop\slots\3\wt] cargo test -p truck-certified --test cte_battery termination_battery_t18 -- --nocapture
14:15:01 DONE exit=0 in 0s: cargo test -p truck-certified --test cte_battery termination_battery_t18 -- --nocapture
14:15:06 START [cwd=C:\Users\stefa\look\loop\slots\2\wt] cargo test -p truck-modeling --test revolve_p5 --test until_p4
14:16:09 DONE exit=101 in 62s: cargo test -p truck-modeling --test revolve_p5 --test until_p4
14:16:13 START [cwd=C:\Users\stefa\look\loop\slots\2\wt] cargo test -p truck-modeling --test revolve_p5 --test until_p4
14:16:36 DONE exit=0 in 23s: cargo test -p truck-modeling --test revolve_p5 --test until_p4
14:16:36 START [cwd=C:\Users\stefa\look\loop\slots\3\wt] cargo test -p truck-certified --lib tangency
14:17:45 DONE exit=0 in 68s: cargo test -p truck-certified --lib tangency
14:17:45 START [cwd=C:\Users\stefa\look\loop\slots\2\wt] cargo test -p truck-modeling --test cad_p1 --test transforms
14:17:53 DONE exit=0 in 8s: cargo test -p truck-modeling --test cad_p1 --test transforms
14:17:57 START [cwd=C:\Users\stefa\look\loop\slots\3\wt] cargo test -p truck-shapeops --test boolean_m2
14:18:12 DONE exit=0 in 15s: cargo test -p truck-shapeops --test boolean_m2
14:18:12 START [cwd=C:\Users\stefa\look\loop\slots\2\wt] cargo test -p truck-modeling --test revolve_p5 --test until_p4
14:18:16 DONE exit=0 in 3s: cargo test -p truck-modeling --test revolve_p5 --test until_p4
14:18:24 START [cwd=C:\Users\stefa\look\loop\slots\3\wt] cargo test -p truck-shapeops --test conformance_battery
14:18:31 DONE exit=0 in 6s: cargo test -p truck-shapeops --test conformance_battery
14:19:18 START [cwd=C:\Users\stefa\look\loop\slots\3\wt] cargo test -p truck-certified --test cte_battery
14:19:21 DONE exit=0 in 2s: cargo test -p truck-certified --test cte_battery
14:20:16 START [cwd=C:\Users\stefa\look\loop\slots\3\wt] cargo clippy -p truck-certified -p truck-shapeops --all-targets -- -D warnings
14:22:13 DONE exit=101 in 117s: cargo clippy -p truck-certified -p truck-shapeops --all-targets -- -D warnings
14:22:28 START [cwd=C:\Users\stefa\look\loop\slots\3\wt] cargo check -p truck-certified --all-targets
14:23:38 DONE exit=0 in 69s: cargo check -p truck-certified --all-targets
14:23:55 START [cwd=C:\Users\stefa\look\loop\slots\3\wt] cargo check -p truck-shapeops --all-targets
14:24:46 DONE exit=0 in 51s: cargo check -p truck-shapeops --all-targets
14:25:20 START [cwd=C:\Users\stefa\look] cargo check -p truck-shapeops --tests
14:25:49 DONE exit=101 in 29s: cargo check -p truck-shapeops --tests
14:27:54 START [cwd=C:\Users\stefa\look] cargo check -p truck-shapeops
14:27:54 DONE exit=101 in 0s: cargo check -p truck-shapeops
14:28:16 START [cwd=C:\Users\stefa\look\loop\slots\3\wt] cargo test -p truck-certified --test cte_battery
14:28:17 DONE exit=0 in 0s: cargo test -p truck-certified --test cte_battery
14:28:17 START [cwd=C:\Users\stefa\look\loop\slots\3\wt] cargo test -p truck-shapeops --test cte_gates
14:28:18 DONE exit=0 in 1s: cargo test -p truck-shapeops --test cte_gates
14:28:20 START [cwd=C:\Users\stefa\look\loop\slots\3\wt] cargo test -p truck-certified --lib tangency
14:28:20 DONE exit=0 in 0s: cargo test -p truck-certified --lib tangency
15:01:19 START [cwd=C:\Users\stefa\look] cargo check --workspace --all-targets
15:03:07 DONE exit=0 in 107s: cargo check --workspace --all-targets
15:10:45 START [cwd=C:\Users\stefa\look\loop\slots\1\wt] cargo check -p truck-certified
15:11:35 DONE exit=0 in 49s: cargo check -p truck-certified
15:13:33 START [cwd=C:\Users\stefa\look\loop\slots\1\wt] cargo check -p truck-certified --message-format=short
15:13:35 DONE exit=101 in 2s: cargo check -p truck-certified --message-format=short
16:02:16 START [cwd=C:\Users\stefa\look\loop\slots\0\wt] cargo fmt -p truck-shapeops
16:02:18 DONE exit=0 in 1s: cargo fmt -p truck-shapeops
16:02:21 START [cwd=C:\Users\stefa\look\loop\slots\0\wt] cargo check --locked -p truck-shapeops
16:04:12 DONE exit=0 in 111s: cargo check --locked -p truck-shapeops
16:04:17 START [cwd=C:\Users\stefa\look\loop\slots\0\wt] cargo clippy -p truck-shapeops --all-targets -- -D warnings
16:05:17 DONE exit=101 in 59s: cargo clippy -p truck-shapeops --all-targets -- -D warnings
16:05:36 START [cwd=C:\Users\stefa\look\loop\slots\0\wt] cargo tree -p truck-shapeops -e normal
16:05:37 DONE exit=0 in 0s: cargo tree -p truck-shapeops -e normal
16:05:38 START [cwd=C:\Users\stefa\look\loop\slots\0\wt] cargo tree -p truck-shapeops -e dev
16:05:38 DONE exit=0 in 0s: cargo tree -p truck-shapeops -e dev
16:05:42 START [cwd=C:\Users\stefa\look\loop\slots\0\wt] cargo tree -p truck-shapeops
16:05:42 DONE exit=0 in 0s: cargo tree -p truck-shapeops
16:05:50 START [cwd=C:\Users\stefa\look\loop\slots\0\wt] cargo tree -p truck-shapeops -e normal --prefix none
16:05:50 DONE exit=0 in 0s: cargo tree -p truck-shapeops -e normal --prefix none
16:06:05 START [cwd=C:\Users\stefa\look\loop\slots\0\wt] cargo tree -p truck-shapeops -e normal
16:06:05 DONE exit=0 in 0s: cargo tree -p truck-shapeops -e normal
16:06:14 START [cwd=C:\Users\stefa\look\loop\slots\0\wt] cargo clippy -p truck-shapeops --all-targets --no-deps -- -D warnings
16:06:57 DONE exit=101 in 42s: cargo clippy -p truck-shapeops --all-targets --no-deps -- -D warnings
16:07:22 START [cwd=C:\Users\stefa\look\loop\slots\0\wt] cargo clippy -p truck-shapeops --lib --no-deps -- -D warnings
16:07:23 DONE exit=0 in 1s: cargo clippy -p truck-shapeops --lib --no-deps -- -D warnings
16:07:28 START [cwd=C:\Users\stefa\look\loop\slots\0\wt] cargo fmt --check -p truck-shapeops
16:07:29 DONE exit=0 in 0s: cargo fmt --check -p truck-shapeops
16:07:33 START [cwd=C:\Users\stefa\look\loop\slots\0\wt] cargo test -p truck-shapeops --lib boolean
16:12:55 DONE exit=101 in 322s: cargo test -p truck-shapeops --lib boolean
16:13:24 START [cwd=C:\Users\stefa\look\loop\slots\0\wt] cargo fmt -p truck-shapeops
16:13:24 DONE exit=0 in 0s: cargo fmt -p truck-shapeops
16:13:28 START [cwd=C:\Users\stefa\look\loop\slots\0\wt] cargo test -p truck-shapeops --lib boolean
16:13:34 DONE exit=0 in 6s: cargo test -p truck-shapeops --lib boolean
16:13:50 START [cwd=C:\Users\stefa\look\loop\slots\0\wt] cargo clippy -p truck-shapeops --all-targets -- -D warnings
16:14:53 DONE exit=101 in 62s: cargo clippy -p truck-shapeops --all-targets -- -D warnings
16:15:24 START [cwd=C:\Users\stefa\look\loop\slots\0\wt] cargo clippy -p truck-shapeops --all-targets --no-deps -- -D warnings
16:16:11 DONE exit=101 in 47s: cargo clippy -p truck-shapeops --all-targets --no-deps -- -D warnings
16:16:43 START [cwd=C:\Users\stefa\look\loop\slots\0\wt] cargo fmt --check -p truck-shapeops
16:16:44 DONE exit=0 in 1s: cargo fmt --check -p truck-shapeops
16:16:44 START [cwd=C:\Users\stefa\look\loop\slots\0\wt] cargo test -p truck-shapeops --lib boolean
16:16:44 DONE exit=0 in 0s: cargo test -p truck-shapeops --lib boolean
16:16:48 START [cwd=C:\Users\stefa\look\loop\slots\0\wt] cargo clippy -p truck-shapeops --all-targets -- -D warnings
16:17:45 DONE exit=101 in 57s: cargo clippy -p truck-shapeops --all-targets -- -D warnings
16:22:33 START [cwd=C:\Users\stefa\look\loop\slots\4\wt] cargo --version
16:22:33 DONE exit=0 in 0s: cargo --version
16:27:11 START [cwd=C:\Users\stefa\look\loop\slots\4\wt] cargo fmt -p truck123d
16:27:12 DONE exit=0 in 0s: cargo fmt -p truck123d
16:27:15 START [cwd=C:\Users\stefa\look\loop\slots\4\wt] cargo check -p truck123d --tests --message-format=short
16:27:55 DONE exit=101 in 40s: cargo check -p truck123d --tests --message-format=short
16:28:35 START [cwd=C:\Users\stefa\look\loop\slots\4\wt] cargo fmt -p truck123d
16:28:35 DONE exit=0 in 0s: cargo fmt -p truck123d
16:28:35 START [cwd=C:\Users\stefa\look\loop\slots\4\wt] cargo check -p truck123d --tests --message-format=short
16:28:37 DONE exit=0 in 1s: cargo check -p truck123d --tests --message-format=short
16:28:41 START [cwd=C:\Users\stefa\look\loop\slots\4\wt] cargo test -p truck123d --test pb_glb_emit -- --test-threads=1
16:29:04 DONE exit=101 in 23s: cargo test -p truck123d --test pb_glb_emit -- --test-threads=1
16:29:20 START [cwd=C:\Users\stefa\look\loop\slots\4\wt] cargo test -p truck123d --test pb_glb_emit -- --test-threads=1
16:29:22 DONE exit=0 in 1s: cargo test -p truck123d --test pb_glb_emit -- --test-threads=1
16:29:57 START [cwd=C:\Users\stefa\look\loop\slots\4\wt] cargo fmt --check -p truck123d
16:29:57 DONE exit=0 in 0s: cargo fmt --check -p truck123d
16:30:00 START [cwd=C:\Users\stefa\look\loop\slots\4\wt] cargo clippy -p truck123d --all-targets -- -D warnings
16:30:03 DONE exit=101 in 2s: cargo clippy -p truck123d --all-targets -- -D warnings
16:30:23 START [cwd=C:\Users\stefa\look\loop\slots\4\wt] cargo fmt -p truck123d
16:30:23 DONE exit=0 in 0s: cargo fmt -p truck123d
16:30:24 START [cwd=C:\Users\stefa\look\loop\slots\4\wt] cargo clippy -p truck123d --all-targets -- -D warnings
16:30:26 DONE exit=101 in 2s: cargo clippy -p truck123d --all-targets -- -D warnings
16:30:57 START [cwd=C:\Users\stefa\look\loop\slots\4\wt] cargo fmt -p truck123d
16:30:57 DONE exit=0 in 0s: cargo fmt -p truck123d
16:30:58 START [cwd=C:\Users\stefa\look\loop\slots\4\wt] cargo clippy -p truck123d --all-targets -- -D warnings
16:30:59 DONE exit=0 in 0s: cargo clippy -p truck123d --all-targets -- -D warnings
16:31:03 START [cwd=C:\Users\stefa\look\loop\slots\4\wt] cargo test -p truck123d --locked
16:36:09 DONE exit=3221225781 in 306s: cargo test -p truck123d --locked
16:36:31 START [cwd=C:\Users\stefa\look\loop\slots\4\wt] cargo test -p truck123d --locked
16:36:32 DONE exit=3221225781 in 1s: cargo test -p truck123d --locked
16:39:44 START [cwd=C:\Users\stefa\look\loop\slots\4\wt] cargo fmt --check -p truck123d
16:39:44 DONE exit=0 in 0s: cargo fmt --check -p truck123d
16:40:19 START [cwd=C:\Users\stefa\look\loop\slots\4\wt] cargo fmt -p truck123d
16:40:20 DONE exit=0 in 0s: cargo fmt -p truck123d
16:40:20 START [cwd=C:\Users\stefa\look\loop\slots\4\wt] cargo fmt --check -p truck123d
16:40:20 DONE exit=0 in 0s: cargo fmt --check -p truck123d
17:03:28 START [cwd=C:\Users\stefa\look\loop\slots\0\wt] cargo test -p truck123d --test ttc_harness
17:11:05 DONE exit=0 in 456s: cargo test -p truck123d --test ttc_harness
17:11:05 START [cwd=C:\Users\stefa\look] cargo build --profile quick -p look --locked
17:39:09 DONE exit=0 in 1684s: cargo build --profile quick -p look --locked
17:39:09 START [cwd=C:\Users\stefa\look\loop\slots\1\wt] cargo check -p truck-certified --locked
17:39:40 DONE exit=0 in 30s: cargo check -p truck-certified --locked
17:39:40 START [cwd=C:\Users\stefa\look\loop\slots\2\wt] cargo check -p truck-evidence --lib
17:40:02 DONE exit=101 in 22s: cargo check -p truck-evidence --lib
17:40:02 START [cwd=C:\Users\stefa\look\loop\slots\1\wt] cargo --version
17:40:02 DONE exit=0 in 0s: cargo --version
17:40:02 START [cwd=C:\Users\stefa\look\loop\slots\0\wt] cargo fmt -p truck123d
17:40:03 DONE exit=0 in 0s: cargo fmt -p truck123d
17:40:03 START [cwd=C:\Users\stefa\look\loop\slots\0\wt] cargo fmt -p truck123d
17:40:03 DONE exit=0 in 0s: cargo fmt -p truck123d
17:40:03 START [cwd=C:\Users\stefa\look\loop\slots\1\wt] cargo check -p truck-certified --locked
17:40:04 DONE exit=0 in 0s: cargo check -p truck-certified --locked
17:40:10 START [cwd=C:\Users\stefa\look\loop\slots\0\wt] cargo fmt --check -p truck123d
17:40:10 DONE exit=0 in 0s: cargo fmt --check -p truck123d
17:40:12 START [cwd=C:\Users\stefa\look\loop\slots\1\wt] cargo fmt --check -p truck-certified
17:40:13 DONE exit=1 in 1s: cargo fmt --check -p truck-certified
17:40:14 START [cwd=C:\Users\stefa\look\loop\slots\2\wt] cargo check -p truck-evidence --lib
17:40:15 DONE exit=0 in 1s: cargo check -p truck-evidence --lib
17:40:15 START [cwd=C:\Users\stefa\look\loop\slots\0\wt] cargo test -p truck123d --test pb_op_matrix --no-run
17:40:15 DONE exit=101 in 0s: cargo test -p truck123d --test pb_op_matrix --no-run
17:40:22 START [cwd=C:\Users\stefa\look\loop\slots\1\wt] cargo fmt -p truck-certified
17:40:23 DONE exit=0 in 1s: cargo fmt -p truck-certified
17:40:27 START [cwd=C:\Users\stefa\look\loop\slots\1\wt] cargo fmt --check -p truck-certified
17:40:29 DONE exit=0 in 1s: cargo fmt --check -p truck-certified
17:40:29 START [cwd=C:\Users\stefa\look\loop\slots\2\wt] cargo clippy -p truck-evidence --all-targets -- -D warnings
17:40:48 DONE exit=101 in 18s: cargo clippy -p truck-evidence --all-targets -- -D warnings
17:40:48 START [cwd=C:\Users\stefa\look\loop\slots\0\wt] cargo fmt -p truck123d
17:40:48 DONE exit=0 in 0s: cargo fmt -p truck123d
17:40:48 START [cwd=C:\Users\stefa\look\loop\slots\1\wt] cargo check -p truck-certified --all-targets --locked
17:41:29 DONE exit=101 in 41s: cargo check -p truck-certified --all-targets --locked
17:41:29 START [cwd=C:\Users\stefa\look\loop\slots\0\wt] cargo test -p truck123d --test pb_op_matrix --no-run
17:41:31 DONE exit=0 in 2s: cargo test -p truck123d --test pb_op_matrix --no-run
17:41:36 START [cwd=C:\Users\stefa\look\loop\slots\0\wt] cargo test -p truck123d --test pb_op_matrix
17:41:38 DONE exit=101 in 1s: cargo test -p truck123d --test pb_op_matrix
17:41:58 START [cwd=C:\Users\stefa\look\loop\slots\1\wt] cargo check -p truck-certified --all-targets --locked
17:42:40 DONE exit=0 in 42s: cargo check -p truck-certified --all-targets --locked
17:42:40 START [cwd=C:\Users\stefa\look\loop\slots\0\wt] cargo fmt -p truck123d
17:42:41 DONE exit=0 in 0s: cargo fmt -p truck123d
17:42:41 START [cwd=C:\Users\stefa\look\loop\slots\0\wt] cargo test -p truck123d --test pb_op_matrix
17:42:44 DONE exit=101 in 2s: cargo test -p truck123d --test pb_op_matrix
17:42:45 START [cwd=C:\Users\stefa\look\loop\slots\1\wt] cargo fmt --check -p truck-certified
17:42:46 DONE exit=0 in 1s: cargo fmt --check -p truck-certified
17:42:51 START [cwd=C:\Users\stefa\look\loop\slots\1\wt] cargo clippy -p truck-certified --all-targets -- -D warnings
17:44:05 DONE exit=101 in 73s: cargo clippy -p truck-certified --all-targets -- -D warnings
17:44:05 START [cwd=C:\Users\stefa\look\loop\slots\0\wt] cargo fmt -p truck123d
17:44:05 DONE exit=0 in 0s: cargo fmt -p truck123d
17:44:05 START [cwd=C:\Users\stefa\look\loop\slots\2\wt] cargo clippy -p truck-evidence --all-targets -- -D warnings
17:44:13 DONE exit=101 in 7s: cargo clippy -p truck-evidence --all-targets -- -D warnings
17:44:13 START [cwd=C:\Users\stefa\look\loop\slots\0\wt] cargo test -p truck123d --test pb_op_matrix
17:44:15 DONE exit=0 in 2s: cargo test -p truck123d --test pb_op_matrix
17:44:20 START [cwd=C:\Users\stefa\look\loop\slots\0\wt] cargo clippy -p truck123d --all-targets -- -D warnings
17:44:29 DONE exit=0 in 9s: cargo clippy -p truck123d --all-targets -- -D warnings
17:44:37 START [cwd=C:\Users\stefa\look\loop\slots\0\wt] cargo fmt --check -p truck123d
17:44:37 DONE exit=0 in 0s: cargo fmt --check -p truck123d
17:45:22 START [cwd=C:\Users\stefa\look\loop\slots\1\wt] cargo fmt -p truck-certified
17:45:23 DONE exit=0 in 1s: cargo fmt -p truck-certified
17:45:24 START [cwd=C:\Users\stefa\look\loop\slots\1\wt] cargo clippy -p truck-certified --all-targets -- -D warnings
17:46:26 DONE exit=101 in 62s: cargo clippy -p truck-certified --all-targets -- -D warnings
17:46:26 START [cwd=C:\Users\stefa\look\loop\slots\2\wt] cargo check -p truck-evidence --lib
17:46:27 DONE exit=0 in 1s: cargo check -p truck-evidence --lib
17:46:32 START [cwd=C:\Users\stefa\look\loop\slots\2\wt] cargo clippy -p truck-evidence --lib -- -D warnings
17:46:34 DONE exit=101 in 1s: cargo clippy -p truck-evidence --lib -- -D warnings
17:46:39 START [cwd=C:\Users\stefa\look\loop\slots\1\wt] cargo test -p truck-certified --lib bvh
17:48:46 DONE exit=0 in 127s: cargo test -p truck-certified --lib bvh
17:48:46 START [cwd=C:\Users\stefa\look\loop\slots\2\wt] cargo clippy -p truck-evidence --lib -- -D warnings
17:48:48 DONE exit=0 in 1s: cargo clippy -p truck-evidence --lib -- -D warnings
17:48:54 START [cwd=C:\Users\stefa\look\loop\slots\1\wt] cargo test -p truck-certified --lib
17:48:56 DONE exit=0 in 2s: cargo test -p truck-certified --lib
17:50:33 START [cwd=C:\Users\stefa\look\loop\slots\2\wt] cargo test -p truck-evidence --lib contact
17:51:35 DONE exit=0 in 62s: cargo test -p truck-evidence --lib contact
17:52:47 START [cwd=C:\Users\stefa\look\loop\slots\2\wt\vendor\truck\truck-evidence\src\contact] cargo check -p truck-evidence --lib
17:52:47 DONE exit=0 in 0s: cargo check -p truck-evidence --lib
17:54:11 START [cwd=C:\Users\stefa\look\loop\slots\2\wt\vendor\truck\truck-evidence\src\contact] cargo test -p truck-evidence --lib contact
17:54:14 DONE exit=0 in 2s: cargo test -p truck-evidence --lib contact
17:54:46 START [cwd=C:\Users\stefa\look\loop\slots\2\wt] cargo fmt --check -p truck-evidence
17:54:46 DONE exit=0 in 0s: cargo fmt --check -p truck-evidence
17:54:52 START [cwd=C:\Users\stefa\look\loop\slots\2\wt] cargo clippy -p truck-evidence --all-targets -- -D warnings
17:54:55 DONE exit=101 in 3s: cargo clippy -p truck-evidence --all-targets -- -D warnings
17:55:42 START [cwd=C:\Users\stefa\look\loop\slots\2\wt] cargo clippy -p truck-evidence --all-targets -- -D warnings
17:55:45 DONE exit=101 in 2s: cargo clippy -p truck-evidence --all-targets -- -D warnings
17:55:56 START [cwd=C:\Users\stefa\look\loop\slots\2\wt] cargo check -p truck-shapeops
17:57:10 DONE exit=0 in 74s: cargo check -p truck-shapeops
17:57:34 START [cwd=C:\Users\stefa\look\loop\slots\2\wt] cargo test -p truck-evidence --lib contact
17:57:37 DONE exit=0 in 2s: cargo test -p truck-evidence --lib contact
17:58:21 START [cwd=C:\Users\stefa\look\loop\slots\2\wt] cargo fmt --check -p truck-evidence
17:58:22 DONE exit=0 in 0s: cargo fmt --check -p truck-evidence
17:58:26 START [cwd=C:\Users\stefa\look\loop\slots\2\wt] cargo test -p truck-evidence --lib contact
17:58:29 DONE exit=0 in 2s: cargo test -p truck-evidence --lib contact
17:58:35 START [cwd=C:\Users\stefa\look\loop\slots\2\wt] cargo test -p truck-evidence --lib
18:06:06 DONE exit=0 in 450s: cargo test -p truck-evidence --lib
18:06:12 START [cwd=C:\Users\stefa\look\loop\slots\2\wt] cargo clippy -p truck-evidence --all-targets -- -D warnings
18:06:14 DONE exit=101 in 2s: cargo clippy -p truck-evidence --all-targets -- -D warnings
18:06:19 START [cwd=C:\Users\stefa\look\loop\slots\2\wt] cargo check -p truck-shapeops
18:06:22 DONE exit=0 in 3s: cargo check -p truck-shapeops
20:02:17 START [cwd=C:\Users\stefa\look] cargo test --workspace --tests --no-fail-fast --locked
20:17:05 DONE exit=101 in 887s: cargo test --workspace --tests --no-fail-fast --locked
20:17:10 START [cwd=C:\Users\stefa\look] cargo clippy -p truck-certified -p truck-shapeops --all-targets -- -D warnings
20:17:33 DONE exit=101 in 23s: cargo clippy -p truck-certified -p truck-shapeops --all-targets -- -D warnings
20:22:45 START [cwd=C:\Users\stefa\look] cargo test --workspace --tests --no-fail-fast --locked
21:02:45 TIMEOUT after 2400s: cargo test --workspace --tests --no-fail-fast --locked
21:02:45 START [cwd=C:\Users\stefa\look\loop\slots\1\wt] cargo test -p truck123d --test pb_op_matrix
21:03:39 DONE exit=0 in 53s: cargo test -p truck123d --test pb_op_matrix
21:03:39 START [cwd=C:\Users\stefa\look\loop\slots\0\wt] cargo check -p truck-evidence --all-targets --locked
21:04:08 DONE exit=101 in 29s: cargo check -p truck-evidence --all-targets --locked
21:04:08 START [cwd=C:\Users\stefa\look\loop\slots\0\wt] cargo check -p truck-evidence --all-targets --locked
21:04:11 DONE exit=101 in 2s: cargo check -p truck-evidence --all-targets --locked
21:04:11 START [cwd=C:\Users\stefa\look\loop\slots\1\wt] cargo fmt --check -p truck123d
21:04:12 DONE exit=0 in 0s: cargo fmt --check -p truck123d
21:04:12 START [cwd=C:\Users\stefa\look] cargo clippy -p truck-certified -p truck-shapeops --all-targets -- -D warnings
21:05:17 DONE exit=101 in 65s: cargo clippy -p truck-certified -p truck-shapeops --all-targets -- -D warnings
21:05:17 START [cwd=C:\Users\stefa\look\loop\slots\1\wt] cargo clippy -p truck123d --all-targets -- -D warnings
21:05:26 DONE exit=101 in 9s: cargo clippy -p truck123d --all-targets -- -D warnings
21:05:26 START [cwd=C:\Users\stefa\look\loop\slots\0\wt] cargo check -p truck-evidence --all-targets --locked
21:05:29 DONE exit=101 in 2s: cargo check -p truck-evidence --all-targets --locked
21:05:51 START [cwd=C:\Users\stefa\look\loop\slots\1\wt] cargo clippy -p truck123d --all-targets -- -D warnings
21:05:52 DONE exit=0 in 0s: cargo clippy -p truck123d --all-targets -- -D warnings
21:05:57 START [cwd=C:\Users\stefa\look\loop\slots\1\wt] cargo test -p truck123d --test pb_op_matrix
21:05:59 DONE exit=0 in 2s: cargo test -p truck123d --test pb_op_matrix
21:06:00 START [cwd=C:\Users\stefa\look\loop\slots\0\wt] cargo check -p truck-evidence --all-targets --locked
21:06:03 DONE exit=0 in 2s: cargo check -p truck-evidence --all-targets --locked
21:06:04 START [cwd=C:\Users\stefa\look\loop\slots\1\wt] cargo test -p truck123d
21:26:34 DONE exit=3221225781 in 1229s: cargo test -p truck123d
21:26:34 START [cwd=C:\Users\stefa\look\loop\slots\0\wt] cargo fmt --check -p truck-evidence
21:26:34 DONE exit=0 in 0s: cargo fmt --check -p truck-evidence
21:26:34 START [cwd=C:\Users\stefa\look\loop\slots\0\wt] cargo fmt --check -p truck-evidence
21:26:35 DONE exit=0 in 0s: cargo fmt --check -p truck-evidence
21:26:38 START [cwd=C:\Users\stefa\look\loop\slots\0\wt] cargo clippy -p truck-evidence --all-targets --locked --message-format=short
21:26:57 DONE exit=0 in 19s: cargo clippy -p truck-evidence --all-targets --locked --message-format=short
21:27:04 START [cwd=C:\Users\stefa\look\loop\slots\0\wt] cargo test -p truck-evidence --lib contact --locked --no-fail-fast
21:28:25 DONE exit=0 in 80s: cargo test -p truck-evidence --lib contact --locked --no-fail-fast
21:28:50 START [cwd=C:\Users\stefa\look\loop\slots\0\wt] cargo check -p truck-shapeops --locked
21:30:21 DONE exit=0 in 91s: cargo check -p truck-shapeops --locked
21:30:57 START [cwd=C:\Users\stefa\look\loop\slots\1\wt] cargo test -p truck123d
21:38:21 DONE exit=0 in 444s: cargo test -p truck123d
21:38:21 START [cwd=C:\Users\stefa\look\loop\slots\0\wt] cargo test -p truck-evidence --lib --tests --locked --no-fail-fast
21:46:49 DONE exit=0 in 507s: cargo test -p truck-evidence --lib --tests --locked --no-fail-fast
21:46:49 START [cwd=C:\Users\stefa\look\loop\slots\2\wt] cargo fmt -p truck123d
21:46:49 DONE exit=0 in 0s: cargo fmt -p truck123d
21:46:49 START [cwd=C:\Users\stefa\look\loop\slots\1\wt] cargo fmt --check -p truck123d
21:46:49 DONE exit=0 in 0s: cargo fmt --check -p truck123d
21:46:54 START [cwd=C:\Users\stefa\look\loop\slots\1\wt] cargo clippy -p truck123d --all-targets -- -D warnings
21:46:55 DONE exit=0 in 1s: cargo clippy -p truck123d --all-targets -- -D warnings
21:47:00 START [cwd=C:\Users\stefa\look\loop\slots\1\wt] cargo test -p truck123d --test pb_op_matrix
21:47:05 DONE exit=0 in 4s: cargo test -p truck123d --test pb_op_matrix
21:47:11 START [cwd=C:\Users\stefa\look\loop\slots\1\wt] cargo test -p truck123d
21:53:47 DONE exit=0 in 395s: cargo test -p truck123d
21:53:47 START [cwd=C:\Users\stefa\look\loop\slots\0\wt] cargo clippy -p truck-evidence --all-targets --locked --message-format=short
21:53:50 DONE exit=0 in 3s: cargo clippy -p truck-evidence --all-targets --locked --message-format=short
21:53:50 START [cwd=C:\Users\stefa\look\loop\slots\2\wt] cargo fmt -p truck123d
21:53:50 DONE exit=0 in 0s: cargo fmt -p truck123d
21:54:00 START [cwd=C:\Users\stefa\look\loop\slots\2\wt] cargo fmt --check -p truck123d
21:54:00 DONE exit=0 in 0s: cargo fmt --check -p truck123d
21:54:04 START [cwd=C:\Users\stefa\look\loop\slots\2\wt] cargo clippy -p truck123d --all-targets -- -D warnings
21:54:39 DONE exit=101 in 34s: cargo clippy -p truck123d --all-targets -- -D warnings
21:54:49 START [cwd=C:\Users\stefa\look\loop\slots\2\wt] cargo clippy -p truck123d --all-targets -- -D warnings
21:54:49 DONE exit=0 in 0s: cargo clippy -p truck123d --all-targets -- -D warnings
21:54:54 START [cwd=C:\Users\stefa\look\loop\slots\2\wt] cargo test -p truck123d --test pb_op_matrix
21:55:14 DONE exit=0 in 19s: cargo test -p truck123d --test pb_op_matrix
21:55:20 START [cwd=C:\Users\stefa\look\loop\slots\2\wt] cargo test -p truck123d
22:11:20 DONE exit=3221225781 in 960s: cargo test -p truck123d
22:11:20 START [cwd=C:\Users\stefa\look\loop\slots\0\wt] cargo check -p truck-evidence --all-targets --locked
22:11:29 DONE exit=0 in 8s: cargo check -p truck-evidence --all-targets --locked
22:13:23 START [cwd=C:\Users\stefa\look\loop\slots\2\wt] cargo test -p truck123d
22:13:26 DONE exit=3221225781 in 2s: cargo test -p truck123d
22:13:47 START [cwd=C:\Users\stefa\look\loop\slots\2\wt] cargo test -p truck123d
22:22:19 DONE exit=0 in 512s: cargo test -p truck123d
22:22:19 START [cwd=C:\Users\stefa\look\loop\slots\0\wt] cargo clippy -p truck-evidence --all-targets --locked --message-format=short
22:22:22 DONE exit=0 in 2s: cargo clippy -p truck-evidence --all-targets --locked --message-format=short
22:22:33 START [cwd=C:\Users\stefa\look\loop\slots\0\wt] cargo test -p truck-evidence --lib contact --locked --no-fail-fast
22:22:51 DONE exit=0 in 18s: cargo test -p truck-evidence --lib contact --locked --no-fail-fast
22:25:38 START [cwd=C:\Users\stefa\look\loop\slots\0\wt] cargo clippy -p truck-evidence --all-targets --locked --message-format=short
22:25:44 DONE exit=0 in 5s: cargo clippy -p truck-evidence --all-targets --locked --message-format=short
22:25:52 START [cwd=C:\Users\stefa\look\loop\slots\0\wt] cargo test -p truck-evidence --lib contact --locked --no-fail-fast
22:26:05 DONE exit=0 in 13s: cargo test -p truck-evidence --lib contact --locked --no-fail-fast
22:26:28 START [cwd=C:\Users\stefa\look\loop\slots\0\wt] cargo check -p truck-shapeops --locked
22:26:36 DONE exit=0 in 7s: cargo check -p truck-shapeops --locked
22:27:06 START [cwd=C:\Users\stefa\look\loop\slots\0\wt] cargo test -p truck-evidence --lib --tests --locked --no-fail-fast
22:35:25 DONE exit=0 in 499s: cargo test -p truck-evidence --lib --tests --locked --no-fail-fast
22:38:58 START [cwd=C:\Users\stefa\look] cargo test --workspace --tests --no-fail-fast --locked
22:41:53 DONE exit=101 in 174s: cargo test --workspace --tests --no-fail-fast --locked
22:41:56 START [cwd=C:\Users\stefa\look] cargo clippy -p truck-certified -p truck-shapeops --all-targets -- -D warnings
22:43:27 DONE exit=101 in 90s: cargo clippy -p truck-certified -p truck-shapeops --all-targets -- -D warnings
23:05:44 START [cwd=C:\Users\stefa\look\loop\slots\0\wt] cargo check -p truck-certified --lib
23:06:40 DONE exit=101 in 55s: cargo check -p truck-certified --lib
23:06:48 START [cwd=C:\Users\stefa\look\loop\slots\0\wt] cargo check -p truck-certified --lib
23:07:09 DONE exit=0 in 20s: cargo check -p truck-certified --lib
23:08:17 START [cwd=C:\Users\stefa\look\loop\slots\0\wt] cargo test --profile quick --locked --lib -p truck-certified stagnation
23:12:00 DONE exit=0 in 222s: cargo test --profile quick --locked --lib -p truck-certified stagnation
23:12:07 START [cwd=C:\Users\stefa\look\loop\slots\0\wt] cargo test --profile quick --locked --lib -p truck-certified cascade_verdict_replaces_budget_burn
23:12:08 DONE exit=101 in 0s: cargo test --profile quick --locked --lib -p truck-certified cascade_verdict_replaces_budget_burn
23:13:34 START [cwd=C:\Users\stefa\look\loop\slots\0\wt] cargo test --profile quick --locked --lib -p truck-certified cascade_verdict_replaces_budget_burn
23:13:41 DONE exit=0 in 7s: cargo test --profile quick --locked --lib -p truck-certified cascade_verdict_replaces_budget_burn
23:13:48 START [cwd=C:\Users\stefa\look\loop\slots\0\wt] cargo fmt --check -p truck-certified
23:13:51 DONE exit=1 in 2s: cargo fmt --check -p truck-certified
23:13:57 START [cwd=C:\Users\stefa\look\loop\slots\0\wt] cargo fmt --check -p truck-certified
23:13:58 DONE exit=1 in 1s: cargo fmt --check -p truck-certified
23:14:09 START [cwd=C:\Users\stefa\look\loop\slots\0\wt] cargo fmt --check -p truck-certified
23:14:10 DONE exit=1 in 1s: cargo fmt --check -p truck-certified
23:14:20 START [cwd=C:\Users\stefa\look\loop\slots\0\wt] cargo fmt --version
23:14:20 DONE exit=0 in 0s: cargo fmt --version
23:14:33 START [cwd=C:\Users\stefa\look\loop\slots\0\wt] cargo fmt --check -p truck-certified
23:14:35 DONE exit=1 in 1s: cargo fmt --check -p truck-certified
23:15:00 START [cwd=C:\Users\stefa\look\loop\slots\0\wt] cargo fmt --check -p truck-certified
23:15:01 DONE exit=1 in 1s: cargo fmt --check -p truck-certified
23:15:09 START [cwd=C:\Users\stefa\look\loop\slots\0\wt] cargo clippy -p truck-certified --all-targets -- -D warnings
23:16:40 DONE exit=101 in 90s: cargo clippy -p truck-certified --all-targets -- -D warnings
23:17:06 START [cwd=C:\Users\stefa\look\loop\slots\0\wt] cargo clippy -p truck-certified --all-targets -- -D warnings
23:18:18 DONE exit=101 in 71s: cargo clippy -p truck-certified --all-targets -- -D warnings
23:18:28 START [cwd=C:\Users\stefa\look\loop\slots\0\wt] cargo test -p truck-certified --lib
23:20:30 DONE exit=0 in 122s: cargo test -p truck-certified --lib
23:20:41 START [cwd=C:\Users\stefa\look\loop\slots\0\wt] cargo check -p truck-shapeops
23:20:59 DONE exit=0 in 18s: cargo check -p truck-shapeops
23:21:45 START [cwd=C:\Users\stefa\look\loop\slots\0\wt] cargo test -p truck-certified --lib
23:21:51 DONE exit=0 in 5s: cargo test -p truck-certified --lib
23:21:57 START [cwd=C:\Users\stefa\look\loop\slots\0\wt] cargo fmt --check -p truck-certified
23:21:58 DONE exit=1 in 1s: cargo fmt --check -p truck-certified
23:46:39 START [cwd=C:\Users\stefa\look\loop\slots\0\wt] cargo test -p truck-certified --test cfp_battery --no-run
23:47:50 DONE exit=0 in 70s: cargo test -p truck-certified --test cfp_battery --no-run
23:48:01 START [cwd=C:\Users\stefa\look\loop\slots\0\wt] cargo test -p truck-certified --test cfp_battery -- --test-threads=1
23:48:02 DONE exit=101 in 1s: cargo test -p truck-certified --test cfp_battery -- --test-threads=1
23:48:45 START [cwd=C:\Users\stefa\look\loop\slots\0\wt] cargo test -p truck-certified --test cfp_battery -- --test-threads=1
23:48:46 DONE exit=0 in 1s: cargo test -p truck-certified --test cfp_battery -- --test-threads=1
23:50:06 START [cwd=C:\Users\stefa\look\loop\slots\0\wt] cargo test -p truck-shapeops --test cfp_gates --no-run
23:53:09 DONE exit=0 in 183s: cargo test -p truck-shapeops --test cfp_gates --no-run
23:53:24 START [cwd=C:\Users\stefa\look\loop\slots\0\wt] cargo test -p truck-shapeops --test cfp_gates
23:53:26 DONE exit=0 in 1s: cargo test -p truck-shapeops --test cfp_gates
23:54:40 START [cwd=C:\Users\stefa\look\loop\slots\0\wt] cargo fmt --check -p truck-certified -p truck-evidence -p truck-shapeops
23:54:42 DONE exit=1 in 1s: cargo fmt --check -p truck-certified -p truck-evidence -p truck-shapeops
23:54:49 START [cwd=C:\Users\stefa\look\loop\slots\0\wt] cargo fmt --check -p truck-certified -p truck-evidence -p truck-shapeops
23:54:50 DONE exit=1 in 1s: cargo fmt --check -p truck-certified -p truck-evidence -p truck-shapeops
23:54:59 START [cwd=C:\Users\stefa\look\loop\slots\0\wt] cargo fmt --check -p truck-certified -p truck-evidence -p truck-shapeops
23:55:01 DONE exit=1 in 1s: cargo fmt --check -p truck-certified -p truck-evidence -p truck-shapeops
23:55:05 START [cwd=C:\Users\stefa\look\loop\slots\0\wt] cargo fmt -p truck-certified -p truck-evidence -p truck-shapeops
23:55:07 DONE exit=0 in 1s: cargo fmt -p truck-certified -p truck-evidence -p truck-shapeops
23:55:12 START [cwd=C:\Users\stefa\look\loop\slots\0\wt] cargo clippy -p truck-certified -p truck-evidence -p truck-shapeops --all-targets -- -D warnings
23:55:58 DONE exit=101 in 46s: cargo clippy -p truck-certified -p truck-evidence -p truck-shapeops --all-targets -- -D warnings
23:56:14 START [cwd=C:\Users\stefa\look\loop\slots\0\wt] cargo --version
23:56:14 DONE exit=0 in 0s: cargo --version
23:56:15 START [cwd=C:\Users\stefa\look\loop\slots\0\wt] cargo clippy --version
23:56:15 DONE exit=0 in 0s: cargo clippy --version
23:57:09 START [cwd=C:\Users\stefa\look\loop\slots\0\wt] cargo clippy -p truck-certified --test cfp_battery --no-deps --message-format=short
23:57:51 DONE exit=101 in 42s: cargo clippy -p truck-certified --test cfp_battery --no-deps --message-format=short
23:58:16 START [cwd=C:\Users\stefa\look\loop\slots\0\wt] cargo test -p truck-certified --test cfp_battery
23:58:21 DONE exit=0 in 4s: cargo test -p truck-certified --test cfp_battery
23:58:22 START [cwd=C:\Users\stefa\look\loop\slots\0\wt] cargo test -p truck-shapeops --test cfp_gates
23:58:27 DONE exit=0 in 5s: cargo test -p truck-shapeops --test cfp_gates
23:58:38 START [cwd=C:\Users\stefa\look\loop\slots\0\wt] cargo fmt --check -p truck-certified -p truck-evidence -p truck-shapeops
23:58:39 DONE exit=0 in 1s: cargo fmt --check -p truck-certified -p truck-evidence -p truck-shapeops
00:01:01 START [cwd=C:\Users\stefa\look\loop\slots\0\wt] cargo fmt --check -p truck-certified -p truck-evidence -p truck-shapeops
00:01:03 DONE exit=1 in 1s: cargo fmt --check -p truck-certified -p truck-evidence -p truck-shapeops
00:01:03 START [cwd=C:\Users\stefa\look\loop\slots\0\wt] cargo test -p truck-certified --test cfp_battery
00:01:08 DONE exit=0 in 4s: cargo test -p truck-certified --test cfp_battery
00:01:09 START [cwd=C:\Users\stefa\look\loop\slots\0\wt] cargo test -p truck-shapeops --test cfp_gates
00:01:15 DONE exit=0 in 6s: cargo test -p truck-shapeops --test cfp_gates
00:01:23 START [cwd=C:\Users\stefa\look\loop\slots\0\wt] cargo fmt --check -p truck-certified -p truck-evidence -p truck-shapeops
00:01:25 DONE exit=1 in 2s: cargo fmt --check -p truck-certified -p truck-evidence -p truck-shapeops
08:30:11 START [cwd=C:\Users\stefa\look] cargo test --workspace --tests --no-fail-fast --locked
09:02:57 DONE exit=1 in 1965s: cargo test --workspace --tests --no-fail-fast --locked
09:02:57 START [cwd=C:\Users\stefa\look\loop\slots\0\wt] cargo check -p truck123d --locked
09:03:30 DONE exit=0 in 32s: cargo check -p truck123d --locked
09:03:30 START [cwd=C:\Users\stefa\look] cargo clippy -p truck-certified -p truck-shapeops --all-targets -- -D warnings
09:03:57 DONE exit=101 in 27s: cargo clippy -p truck-certified -p truck-shapeops --all-targets -- -D warnings
09:05:01 START [cwd=C:\Users\stefa\look\loop\slots\0\wt] cargo check -p truck123d --tests --locked
09:05:10 DONE exit=0 in 8s: cargo check -p truck123d --tests --locked
09:05:21 START [cwd=C:\Users\stefa\look\loop\slots\0\wt] cargo check -p truck123d --tests --locked
09:05:22 DONE exit=0 in 0s: cargo check -p truck123d --tests --locked
09:05:28 START [cwd=C:\Users\stefa\look\loop\slots\0\wt] cargo test -p truck123d --test pb_parity --locked
09:06:53 DONE exit=101 in 84s: cargo test -p truck123d --test pb_parity --locked
09:07:05 START [cwd=C:\Users\stefa\look\loop\slots\0\wt] cargo test -p truck123d --test pb_parity --locked
09:08:04 DONE exit=0 in 58s: cargo test -p truck123d --test pb_parity --locked
09:08:12 START [cwd=C:\Users\stefa\look\loop\slots\0\wt] cargo test -p truck123d --test pb_op_matrix --test pb_facade --locked
09:08:17 DONE exit=3221225781 in 4s: cargo test -p truck123d --test pb_op_matrix --test pb_facade --locked
09:08:26 START [cwd=C:\Users\stefa\look\loop\slots\0\wt] cargo test -p truck123d --test pb_facade --locked
09:08:28 DONE exit=3221225781 in 1s: cargo test -p truck123d --test pb_facade --locked
10:56:42 START [cwd=C:\Users\stefa\look\loop\slots\1\wt] cargo --version
10:56:42 DONE exit=0 in 0s: cargo --version
10:58:14 START [cwd=C:\Users\stefa\look\loop\slots\0\wt] cargo test -p truck-meshalgo --lib --locked tessellation::triangulation::cone_topology_tests
11:01:16 DONE exit=0 in 181s: cargo test -p truck-meshalgo --lib --locked tessellation::triangulation::cone_topology_tests
11:01:16 START [cwd=C:\Users\stefa\look\loop\slots\1\wt] cargo build -p truck-modeling --examples --locked
11:02:39 DONE exit=0 in 82s: cargo build -p truck-modeling --examples --locked
11:02:39 START [cwd=C:\Users\stefa\look\loop\slots\2\wt] cargo --version
11:02:39 DONE exit=0 in 0s: cargo --version
11:02:39 START [cwd=C:\Users\stefa\look\loop\slots\3\wt] cargo test -p truck-shapeops --test fillet --locked
11:06:06 DONE exit=101 in 207s: cargo test -p truck-shapeops --test fillet --locked
11:06:06 START [cwd=C:\Users\stefa\look\loop\slots\0\wt] cargo test -p truck-meshalgo --lib --locked
11:06:07 DONE exit=0 in 0s: cargo test -p truck-meshalgo --lib --locked
11:06:07 START [cwd=C:\Users\stefa\look\loop\slots\2\wt] cargo --version
11:06:07 DONE exit=0 in 0s: cargo --version
11:06:07 START [cwd=C:\Users\stefa\look\loop\slots\1\wt\vendor\truck\resources\shape] cargo run -p truck-modeling --example cube --locked
11:06:07 DONE exit=0 in 0s: cargo run -p truck-modeling --example cube --locked
11:06:07 START [cwd=C:\Users\stefa\look\loop\slots\1\wt] cargo test -p truck-meshalgo --test tessellation --locked
11:08:22 DONE exit=101 in 135s: cargo test -p truck-meshalgo --test tessellation --locked
11:08:22 START [cwd=C:\Users\stefa\look\loop\slots\3\wt] cargo test -p truck-shapeops --test fillet --locked
11:08:24 DONE exit=101 in 1s: cargo test -p truck-shapeops --test fillet --locked
11:08:24 START [cwd=C:\Users\stefa\look\loop\slots\0\wt] cargo fmt -p truck-meshalgo -- --check
11:08:24 DONE exit=0 in 0s: cargo fmt -p truck-meshalgo -- --check
11:08:24 START [cwd=C:\Users\stefa\look\loop\slots\2\wt] cargo test -p showcases --test battery_waterslide three_frame_laws_realize_with_matching_volumes -- --exact --nocapture
11:12:45 DONE exit=101 in 261s: cargo test -p showcases --test battery_waterslide three_frame_laws_realize_with_matching_volumes -- --exact --nocapture
11:12:45 START [cwd=C:\Users\stefa\look\loop\slots\0\wt] cargo test -p truck-meshalgo --lib --locked duplicate_spike_matches_plain_square
11:12:47 DONE exit=0 in 1s: cargo test -p truck-meshalgo --lib --locked duplicate_spike_matches_plain_square
11:12:47 START [cwd=C:\Users\stefa\look\loop\slots\1\wt] cargo test -p truck-meshalgo --test probe_fixtures --locked -- --nocapture
11:12:48 DONE exit=101 in 0s: cargo test -p truck-meshalgo --test probe_fixtures --locked -- --nocapture
11:12:48 START [cwd=C:\Users\stefa\look\loop\slots\3\wt] cargo check -p truck-shapeops --lib --locked
11:13:34 DONE exit=0 in 46s: cargo check -p truck-shapeops --lib --locked
11:13:34 START [cwd=C:\Users\stefa\look\loop\slots\0\wt] cargo test -p truck-meshalgo --lib --locked duplicate_edge_creates_no_second_cdt_edge
11:13:34 DONE exit=0 in 0s: cargo test -p truck-meshalgo --lib --locked duplicate_edge_creates_no_second_cdt_edge
11:13:34 START [cwd=C:\Users\stefa\look\loop\slots\1\wt] cargo test -p truck-meshalgo --test probe_fixtures --locked -- --nocapture --test-threads=1
11:14:22 DONE exit=0 in 47s: cargo test -p truck-meshalgo --test probe_fixtures --locked -- --nocapture --test-threads=1
11:14:22 START [cwd=C:\Users\stefa\look\loop\slots\3\wt] cargo test -p truck-shapeops --test fillet --locked
11:14:28 DONE exit=101 in 5s: cargo test -p truck-shapeops --test fillet --locked
11:14:28 START [cwd=C:\Users\stefa\look\loop\slots\0\wt] cargo test -p truck-meshalgo --lib --locked duplicate_spike_matches_plain_square
11:14:28 DONE exit=0 in 0s: cargo test -p truck-meshalgo --lib --locked duplicate_spike_matches_plain_square
11:14:31 START [cwd=C:\Users\stefa\look\loop\slots\0\wt] cargo test -p truck-meshalgo --lib --locked duplicate_edge_creates_no_second_cdt_edge
11:14:31 DONE exit=0 in 0s: cargo test -p truck-meshalgo --lib --locked duplicate_edge_creates_no_second_cdt_edge
11:14:50 START [cwd=C:\Users\stefa\look\loop\slots\3\wt] cargo test -p truck-shapeops --test fillet create_fillet_with_side --locked -- --nocapture
11:14:50 DONE exit=101 in 0s: cargo test -p truck-shapeops --test fillet create_fillet_with_side --locked -- --nocapture
11:14:58 START [cwd=C:\Users\stefa\look\loop\slots\2\wt] cargo fmt -p truck-geometry
11:14:59 DONE exit=0 in 0s: cargo fmt -p truck-geometry
11:15:06 START [cwd=C:\Users\stefa\look\loop\slots\2\wt] cargo test -p truck-geometry --lib
11:15:32 DONE exit=101 in 25s: cargo test -p truck-geometry --lib
11:15:32 START [cwd=C:\Users\stefa\look\loop\slots\3\wt] cargo test -p truck-shapeops --test fillet --locked
11:15:37 DONE exit=101 in 4s: cargo test -p truck-shapeops --test fillet --locked
11:15:39 START [cwd=C:\Users\stefa\look\loop\slots\2\wt] cargo test -p truck-geometry --lib
11:16:04 DONE exit=0 in 25s: cargo test -p truck-geometry --lib
11:16:07 START [cwd=C:\Users\stefa\look\loop\slots\2\wt] cargo test -p truck-geometry --lib graze
11:16:07 DONE exit=0 in 0s: cargo test -p truck-geometry --lib graze
11:16:12 START [cwd=C:\Users\stefa\look\loop\slots\2\wt] cargo test -p truck-geometry --lib grazing
11:16:12 DONE exit=0 in 0s: cargo test -p truck-geometry --lib grazing
11:16:15 START [cwd=C:\Users\stefa\look\loop\slots\2\wt] cargo test -p truck-geometry --lib rescues_witness
11:16:16 DONE exit=0 in 0s: cargo test -p truck-geometry --lib rescues_witness
11:16:19 START [cwd=C:\Users\stefa\look\loop\slots\2\wt] cargo test -p showcases --test battery_waterslide
11:18:35 DONE exit=101 in 135s: cargo test -p showcases --test battery_waterslide
11:18:35 START [cwd=C:\Users\stefa\look\loop\slots\1\wt] cargo test -p truck-meshalgo --test probe_fixtures --locked -- --nocapture --test-threads=1 probe_
11:18:47 DONE exit=0 in 12s: cargo test -p truck-meshalgo --test probe_fixtures --locked -- --nocapture --test-threads=1 probe_
11:18:47 START [cwd=C:\Users\stefa\AppData\Local\Temp\opencode\premig] cargo test -p truck-shapeops --test fillet --locked complex_surface
11:23:18 DONE exit=101 in 270s: cargo test -p truck-shapeops --test fillet --locked complex_surface
11:23:18 START [cwd=C:\Users\stefa\look\loop\slots\2\wt] cargo test -p showcases --test battery_waterslide
11:25:50 DONE exit=101 in 152s: cargo test -p showcases --test battery_waterslide
11:25:50 START [cwd=C:\Users\stefa\look\loop\slots\1\wt] cargo test -p truck-stepio --lib --locked
11:32:43 DONE exit=101 in 412s: cargo test -p truck-stepio --lib --locked
11:32:43 START [cwd=C:\Users\stefa\AppData\Local\Temp\opencode\premig] cargo test -p truck-shapeops --test fillet --locked complex_surface
11:32:45 DONE exit=101 in 2s: cargo test -p truck-shapeops --test fillet --locked complex_surface
11:32:45 START [cwd=C:\Users\stefa\look\loop\slots\2\wt] cargo test -p showcases --test battery_waterslide
11:35:20 DONE exit=101 in 154s: cargo test -p showcases --test battery_waterslide
11:35:20 START [cwd=C:\Users\stefa\look\loop\slots\1\wt] cargo test -p truck-stepio --test output --locked
11:35:25 DONE exit=0 in 5s: cargo test -p truck-stepio --test output --locked
11:35:25 START [cwd=C:\Users\stefa\AppData\Local\Temp\opencode\premig] cargo test -p truck-shapeops --test fillet --locked complex_surface
11:35:31 DONE exit=101 in 6s: cargo test -p truck-shapeops --test fillet --locked complex_surface
11:35:31 START [cwd=C:\Users\stefa\look\loop\slots\1\wt] cargo test -p truck-meshalgo --test tessellation --locked
11:35:32 DONE exit=101 in 1s: cargo test -p truck-meshalgo --test tessellation --locked
11:35:46 START [cwd=C:\Users\stefa\look\loop\slots\3\wt] cargo test -p truck-shapeops --test fillet --locked
11:35:52 DONE exit=101 in 5s: cargo test -p truck-shapeops --test fillet --locked
11:35:52 START [cwd=C:\Users\stefa\look\loop\slots\1\wt] cargo test -p truck-meshalgo --test tessellation --locked
11:35:52 DONE exit=101 in 0s: cargo test -p truck-meshalgo --test tessellation --locked
11:36:00 START [cwd=C:\Users\stefa\look\loop\slots\3\wt] cargo test -p truck-shapeops --test fillet_pp --locked
11:36:06 DONE exit=0 in 6s: cargo test -p truck-shapeops --test fillet_pp --locked
11:36:07 START [cwd=C:\Users\stefa\look\loop\slots\3\wt] cargo test -p truck-shapeops --test chamfer --locked
11:36:11 DONE exit=0 in 3s: cargo test -p truck-shapeops --test chamfer --locked
11:36:11 START [cwd=C:\Users\stefa\look\loop\slots\2\wt] cargo test -p showcases --test battery_waterslide
11:39:12 DONE exit=101 in 181s: cargo test -p showcases --test battery_waterslide
11:39:12 START [cwd=C:\Users\stefa\look\loop\slots\3\wt] cargo test -p truck-shapeops --lib def_fillet_identity_regression --locked
11:41:25 DONE exit=0 in 132s: cargo test -p truck-shapeops --lib def_fillet_identity_regression --locked
11:41:25 START [cwd=C:\Users\stefa\look\loop\slots\2\wt] cargo test -p showcases --test battery_waterslide
11:44:47 DONE exit=101 in 202s: cargo test -p showcases --test battery_waterslide
11:44:47 START [cwd=C:\Users\stefa\look\loop\slots\3\wt] cargo test -p truck-shapeops --lib def_fillet_identity_regression --locked
11:45:00 DONE exit=101 in 12s: cargo test -p truck-shapeops --lib def_fillet_identity_regression --locked
11:45:24 START [cwd=C:\Users\stefa\look\loop\slots\3\wt] cargo test -p truck-shapeops --lib def_fillet_identity_regression --locked
11:45:33 DONE exit=0 in 8s: cargo test -p truck-shapeops --lib def_fillet_identity_regression --locked
11:46:21 START [cwd=C:\Users\stefa\look\loop\slots\2\wt] cargo test -p showcases --test battery_waterslide
11:52:38 DONE exit=101 in 377s: cargo test -p showcases --test battery_waterslide
11:52:38 START [cwd=C:\Users\stefa\look\loop\slots\3\wt] cargo test -p truck-shapeops --lib --locked
11:53:00 DONE exit=101 in 21s: cargo test -p truck-shapeops --lib --locked
11:53:09 START [cwd=C:\Users\stefa\look\loop\slots\3\wt] cargo test -p truck-shapeops --lib healing::tests::step_import --locked
11:53:10 DONE exit=101 in 0s: cargo test -p truck-shapeops --lib healing::tests::step_import --locked
11:53:19 START [cwd=C:\Users\stefa\look\loop\slots\3\wt] cargo fmt -p truck-shapeops -- --check
11:53:23 DONE exit=1 in 4s: cargo fmt -p truck-shapeops -- --check
11:53:31 START [cwd=C:\Users\stefa\look\loop\slots\3\wt] cargo fmt -p truck-shapeops
11:53:32 DONE exit=0 in 0s: cargo fmt -p truck-shapeops
11:53:32 START [cwd=C:\Users\stefa\look\loop\slots\3\wt] cargo fmt -p truck-shapeops -- --check
11:53:33 DONE exit=0 in 1s: cargo fmt -p truck-shapeops -- --check
11:53:39 START [cwd=C:\Users\stefa\look\loop\slots\2\wt] cargo test -p showcases --test battery_waterslide concave_u_chute_refuses_on_the_facet_path -- --exact --nocapture
11:53:56 DONE exit=101 in 16s: cargo test -p showcases --test battery_waterslide concave_u_chute_refuses_on_the_facet_path -- --exact --nocapture
11:53:56 START [cwd=C:\Users\stefa\look\loop\slots\3\wt] cargo test -p truck-shapeops --test fillet --locked
11:54:05 DONE exit=101 in 8s: cargo test -p truck-shapeops --test fillet --locked
11:54:07 START [cwd=C:\Users\stefa\look\loop\slots\2\wt] cargo test -p showcases --test battery_waterslide concave_u_chute_refuses_on_the_facet_path -- --exact --nocapture
11:54:20 DONE exit=101 in 12s: cargo test -p showcases --test battery_waterslide concave_u_chute_refuses_on_the_facet_path -- --exact --nocapture
11:54:20 START [cwd=C:\Users\stefa\look\loop\slots\3\wt] cargo test -p truck-shapeops --test fillet_pp --locked
11:54:22 DONE exit=0 in 2s: cargo test -p truck-shapeops --test fillet_pp --locked
11:54:23 START [cwd=C:\Users\stefa\look\loop\slots\3\wt] cargo test -p truck-shapeops --test chamfer --locked
11:54:26 DONE exit=0 in 2s: cargo test -p truck-shapeops --test chamfer --locked
11:54:27 START [cwd=C:\Users\stefa\look\loop\slots\3\wt] cargo test -p truck-shapeops --lib --locked
11:54:41 DONE exit=101 in 14s: cargo test -p truck-shapeops --lib --locked
11:55:31 START [cwd=C:\Users\stefa\look\loop\slots\3\wt] cargo clippy -p truck-shapeops --tests --locked
11:57:33 DONE exit=101 in 122s: cargo clippy -p truck-shapeops --tests --locked
11:57:33 START [cwd=C:\Users\stefa\look\loop\slots\2\wt] cargo fmt -p truck-geometry
11:57:36 DONE exit=0 in 2s: cargo fmt -p truck-geometry
11:57:40 START [cwd=C:\Users\stefa\look\loop\slots\2\wt] cargo test -p truck-geometry --lib
11:57:47 DONE exit=0 in 6s: cargo test -p truck-geometry --lib
11:57:47 START [cwd=C:\Users\stefa\look\loop\slots\3\wt] cargo clippy -p truck-shapeops --tests --no-deps --locked
11:58:27 DONE exit=101 in 40s: cargo clippy -p truck-shapeops --tests --no-deps --locked
11:58:27 START [cwd=C:\Users\stefa\look\loop\slots\2\wt] cargo test -p truck-geometry --lib
11:58:27 DONE exit=0 in 0s: cargo test -p truck-geometry --lib
11:58:34 START [cwd=C:\Users\stefa\look\loop\slots\3\wt] cargo clippy -p truck-shapeops --tests --no-deps --locked
11:58:37 DONE exit=101 in 3s: cargo clippy -p truck-shapeops --tests --no-deps --locked
11:58:37 START [cwd=C:\Users\stefa\look\loop\slots\2\wt] cargo test -p truck-geometry
11:59:43 DONE exit=101 in 65s: cargo test -p truck-geometry
11:59:43 START [cwd=C:\Users\stefa\look\loop\slots\3\wt] cargo clippy -p truck-shapeops --lib --no-deps --locked
11:59:45 DONE exit=101 in 2s: cargo clippy -p truck-shapeops --lib --no-deps --locked
11:59:50 START [cwd=C:\Users\stefa\look\loop\slots\2\wt] cargo test -p truck-geometry --test constructive_spine_enum general_spine_becomes_certifiedpatch_not_refused_for_promotion -- --exact --nocapture
11:59:50 DONE exit=101 in 0s: cargo test -p truck-geometry --test constructive_spine_enum general_spine_becomes_certifiedpatch_not_refused_for_promotion -- --exact --nocapture
11:59:59 START [cwd=C:\Users\stefa\look\loop\slots\2\wt] cargo test -p truck-geometry --test constructive_spine_enum
12:00:02 DONE exit=101 in 3s: cargo test -p truck-geometry --test constructive_spine_enum
12:00:02 START [cwd=C:\Users\stefa\look\loop\slots\3\wt] cargo clippy -p truck-shapeops --lib --tests --no-deps --locked
12:00:09 DONE exit=0 in 6s: cargo clippy -p truck-shapeops --lib --tests --no-deps --locked
12:00:14 START [cwd=C:\Users\stefa\look\loop\slots\3\wt] cargo clippy -p truck-shapeops --lib --tests --no-deps --locked
12:00:15 DONE exit=0 in 0s: cargo clippy -p truck-shapeops --lib --tests --no-deps --locked
12:00:19 START [cwd=C:\Users\stefa\look\loop\slots\2\wt] cargo test -p showcases --tests
12:02:55 DONE exit=101 in 156s: cargo test -p showcases --tests
12:02:55 START [cwd=C:\Users\stefa\look\loop\slots\3\wt] cargo fmt -p truck-shapeops -- --check
12:02:56 DONE exit=0 in 0s: cargo fmt -p truck-shapeops -- --check
12:02:57 START [cwd=C:\Users\stefa\look\loop\slots\3\wt] cargo test -p truck-shapeops --lib def_fillet_identity_regression --locked
12:03:05 DONE exit=0 in 8s: cargo test -p truck-shapeops --lib def_fillet_identity_regression --locked
12:03:05 START [cwd=C:\Users\stefa\look\loop\slots\2\wt] cargo test -p showcases --test pb_contract
12:04:35 DONE exit=101 in 90s: cargo test -p showcases --test pb_contract
12:05:29 START [cwd=C:\Users\stefa\look\loop\slots\2\wt] cargo fmt -p truck-geometry
12:05:30 DONE exit=0 in 0s: cargo fmt -p truck-geometry
12:05:31 START [cwd=C:\Users\stefa\look\loop\slots\2\wt] cargo clippy -p truck-geometry --all-targets -- -D warnings
12:06:53 DONE exit=101 in 82s: cargo clippy -p truck-geometry --all-targets -- -D warnings
12:08:02 START [cwd=C:\Users\stefa\look\loop\slots\2\wt] cargo fmt -p truck-geometry
12:08:05 DONE exit=0 in 2s: cargo fmt -p truck-geometry
12:08:11 START [cwd=C:\Users\stefa\look\loop\slots\2\wt] cargo clippy -p truck-geometry --all-targets -- -D warnings
12:09:06 DONE exit=101 in 54s: cargo clippy -p truck-geometry --all-targets -- -D warnings
12:09:11 START [cwd=C:\Users\stefa\look\loop\slots\2\wt] cargo clippy -p truck-geometry --all-targets -- -D warnings
12:09:21 DONE exit=0 in 10s: cargo clippy -p truck-geometry --all-targets -- -D warnings
12:09:25 START [cwd=C:\Users\stefa\look\loop\slots\2\wt] cargo clippy -p truck-geometry --all-targets -- -D warnings
12:09:25 DONE exit=0 in 0s: cargo clippy -p truck-geometry --all-targets -- -D warnings
12:09:36 START [cwd=C:\Users\stefa\look\loop\slots\2\wt] cargo clippy -p truck-geometry --all-targets -- -D warnings
12:09:36 DONE exit=0 in 0s: cargo clippy -p truck-geometry --all-targets -- -D warnings
12:09:44 START [cwd=C:\Users\stefa\look\loop\slots\2\wt] cargo clippy -p truck-geometry --all-targets -- -D warnings
12:09:44 DONE exit=0 in 0s: cargo clippy -p truck-geometry --all-targets -- -D warnings
12:09:54 START [cwd=C:\Users\stefa\look\loop\slots\2\wt] cargo fmt -p truck-geometry -- --check
12:09:54 DONE exit=0 in 0s: cargo fmt -p truck-geometry -- --check
12:09:55 START [cwd=C:\Users\stefa\look\loop\slots\2\wt] cargo test -p truck-geometry --lib
12:09:59 DONE exit=0 in 4s: cargo test -p truck-geometry --lib
12:10:03 START [cwd=C:\Users\stefa\look\loop\slots\2\wt] cargo test -p truck-geometry --lib grazing
12:10:04 DONE exit=0 in 0s: cargo test -p truck-geometry --lib grazing
12:10:04 START [cwd=C:\Users\stefa\look\loop\slots\2\wt] cargo test -p truck-geometry --lib rescues_witness
12:10:04 DONE exit=0 in 0s: cargo test -p truck-geometry --lib rescues_witness
12:10:31 START [cwd=C:\Users\stefa\look\loop\slots\4\wt] cargo test --test geometry_fingerprint
12:20:04 DONE exit=101 in 573s: cargo test --test geometry_fingerprint
12:20:04 START [cwd=C:\Users\stefa\look\loop\slots\2\wt] cargo fmt -p truck-geometry -- --check
12:20:05 DONE exit=0 in 0s: cargo fmt -p truck-geometry -- --check
12:20:05 START [cwd=C:\Users\stefa\look\loop\slots\0\wt] cargo test -p truck-certified --test kernel_tracer --no-fail-fast
12:21:58 DONE exit=101 in 113s: cargo test -p truck-certified --test kernel_tracer --no-fail-fast
12:21:58 START [cwd=C:\Users\stefa\look\loop\slots\2\wt] cargo check -p truck-geometry --locked --all-targets
12:22:06 DONE exit=0 in 8s: cargo check -p truck-geometry --locked --all-targets
12:22:06 START [cwd=C:\Users\stefa\look\loop\slots\4\wt] cargo test --test geometry_fingerprint tmp_diag_bracket_fidelity -- --nocapture
12:22:10 DONE exit=101 in 4s: cargo test --test geometry_fingerprint tmp_diag_bracket_fidelity -- --nocapture
12:22:10 START [cwd=C:\Users\stefa\look\loop\slots\0\wt] cargo test -p truck-certified --test kernel_tracer --no-fail-fast
12:22:11 DONE exit=101 in 0s: cargo test -p truck-certified --test kernel_tracer --no-fail-fast
12:22:11 START [cwd=C:\Users\stefa\look\loop\slots\2\wt] cargo test -p truck-geometry --lib
12:22:14 DONE exit=0 in 3s: cargo test -p truck-geometry --lib
12:22:14 START [cwd=C:\Users\stefa\look\loop\slots\0\wt] cargo test -p truck-certified --test kernel_tracer --no-fail-fast -- --nocapture
12:22:14 DONE exit=101 in 0s: cargo test -p truck-certified --test kernel_tracer --no-fail-fast -- --nocapture
12:22:15 START [cwd=C:\Users\stefa\look\loop\slots\2\wt] cargo clippy -p truck-geometry --all-targets -- -D warnings
12:22:20 DONE exit=0 in 4s: cargo clippy -p truck-geometry --all-targets -- -D warnings
12:22:55 START [cwd=C:\Users\stefa\look\loop\slots\4\wt] cargo test --test geometry_fingerprint tmp_diag_washer_fidelity -- --nocapture
12:28:16 DONE exit=4294967295 in 320s: cargo test --test geometry_fingerprint tmp_diag_washer_fidelity -- --nocapture
12:28:16 START [cwd=C:\Users\stefa\look\loop\slots\0\wt] cargo test -p truck-certified --test kernel_tracer escalation_routes_isolated_r2_to_the_contact_future -- --exact --nocapture --test-threads=1
12:28:21 DONE exit=101 in 5s: cargo test -p truck-certified --test kernel_tracer escalation_routes_isolated_r2_to_the_contact_future -- --exact --nocapture --test-threads=1
12:28:57 START [cwd=C:\Users\stefa\look\loop\slots\0\wt] cargo test -p truck-certified --test kernel_tracer escalation_routes_isolated_r2_to_the_contact_future -- --exact --nocapture --test-threads=1
12:29:01 DONE exit=101 in 3s: cargo test -p truck-certified --test kernel_tracer escalation_routes_isolated_r2_to_the_contact_future -- --exact --nocapture --test-threads=1
12:29:47 START [cwd=C:\Users\stefa\look\loop\slots\0\wt] cargo test -p truck-certified --test kernel_tracer escalation_routes_isolated_r2_to_the_contact_future -- --exact --nocapture --test-threads=1
12:29:51 DONE exit=101 in 4s: cargo test -p truck-certified --test kernel_tracer escalation_routes_isolated_r2_to_the_contact_future -- --exact --nocapture --test-threads=1
12:30:12 START [cwd=C:\Users\stefa\look\loop\slots\0\wt] cargo test -p truck-certified --test kernel_tracer escalation_routes_isolated_r2_to_the_contact_future -- --exact --nocapture --test-threads=1
12:30:16 DONE exit=101 in 3s: cargo test -p truck-certified --test kernel_tracer escalation_routes_isolated_r2_to_the_contact_future -- --exact --nocapture --test-threads=1
12:30:29 START [cwd=C:\Users\stefa\look\loop\slots\4\wt] cargo test --test geometry_fingerprint tmp_diag_bracket_fidelity -- --nocapture
12:30:32 DONE exit=101 in 2s: cargo test --test geometry_fingerprint tmp_diag_bracket_fidelity -- --nocapture
12:30:51 START [cwd=C:\Users\stefa\look\loop\slots\4\wt] cargo test --test geometry_fingerprint tmp_diag_bracket_fidelity -- --nocapture
12:30:54 DONE exit=101 in 2s: cargo test --test geometry_fingerprint tmp_diag_bracket_fidelity -- --nocapture
12:31:10 START [cwd=C:\Users\stefa\look\loop\slots\4\wt] cargo test --test geometry_fingerprint tmp_diag_bracket_fidelity -- --nocapture
12:31:12 DONE exit=101 in 2s: cargo test --test geometry_fingerprint tmp_diag_bracket_fidelity -- --nocapture
12:31:15 START [cwd=C:\Users\stefa\look\loop\slots\0\wt] cargo test -p truck-certified --test kernel_tracer escalation_routes_isolated_r2_to_the_contact_future -- --exact --nocapture --test-threads=1
12:31:19 DONE exit=101 in 3s: cargo test -p truck-certified --test kernel_tracer escalation_routes_isolated_r2_to_the_contact_future -- --exact --nocapture --test-threads=1
12:31:37 START [cwd=C:\Users\stefa\look\loop\slots\0\wt] cargo test -p truck-certified --test kernel_tracer escalation_routes_isolated_r2_to_the_contact_future -- --exact --nocapture --test-threads=1
12:31:39 DONE exit=101 in 1s: cargo test -p truck-certified --test kernel_tracer escalation_routes_isolated_r2_to_the_contact_future -- --exact --nocapture --test-threads=1
12:31:43 START [cwd=C:\Users\stefa\look\loop\slots\0\wt] cargo test -p truck-certified --test kernel_tracer escalation_routes_isolated_r2_to_the_contact_future -- --exact --nocapture --test-threads=1
12:31:44 DONE exit=101 in 1s: cargo test -p truck-certified --test kernel_tracer escalation_routes_isolated_r2_to_the_contact_future -- --exact --nocapture --test-threads=1
12:31:47 START [cwd=C:\Users\stefa\look\loop\slots\0\wt] cargo test -p truck-certified --test kernel_tracer escalation_routes_isolated_r2_to_the_contact_future -- --exact --nocapture --test-threads=1
12:31:49 DONE exit=101 in 1s: cargo test -p truck-certified --test kernel_tracer escalation_routes_isolated_r2_to_the_contact_future -- --exact --nocapture --test-threads=1
12:31:56 START [cwd=C:\Users\stefa\look\loop\slots\0\wt] cargo test -p truck-certified --test kernel_tracer escalation_routes_isolated_r2_to_the_contact_future -- --exact --nocapture --test-threads=1
12:32:01 DONE exit=101 in 5s: cargo test -p truck-certified --test kernel_tracer escalation_routes_isolated_r2_to_the_contact_future -- --exact --nocapture --test-threads=1
12:32:01 START [cwd=C:\Users\stefa\look\loop\slots\4\wt] cargo test --test geometry_fingerprint tmp_diag_bracket_fidelity -- --nocapture
12:32:04 DONE exit=101 in 2s: cargo test --test geometry_fingerprint tmp_diag_bracket_fidelity -- --nocapture
12:32:42 START [cwd=C:\Users\stefa\look\loop\slots\0\wt] cargo test -p truck-certified --test kernel_tracer escalation_routes_isolated_r2_to_the_contact_future -- --exact --nocapture --test-threads=1
12:32:44 DONE exit=101 in 1s: cargo test -p truck-certified --test kernel_tracer escalation_routes_isolated_r2_to_the_contact_future -- --exact --nocapture --test-threads=1
12:32:46 START [cwd=C:\Users\stefa\look\loop\slots\4\wt] cargo test --test geometry_fingerprint tmp_diag_bracket_fidelity -- --nocapture
12:32:48 DONE exit=101 in 2s: cargo test --test geometry_fingerprint tmp_diag_bracket_fidelity -- --nocapture
12:32:48 START [cwd=C:\Users\stefa\look\loop\slots\0\wt] cargo test -p truck-certified --test kernel_tracer escalation_routes_isolated_r2_to_the_contact_future -- --exact --nocapture --test-threads=1
12:32:50 DONE exit=101 in 1s: cargo test -p truck-certified --test kernel_tracer escalation_routes_isolated_r2_to_the_contact_future -- --exact --nocapture --test-threads=1
12:32:56 START [cwd=C:\Users\stefa\look\loop\slots\0\wt] cargo test -p truck-certified --test kernel_tracer escalation_routes_isolated_r2_to_the_contact_future -- --exact --nocapture --test-threads=1
12:33:00 DONE exit=101 in 3s: cargo test -p truck-certified --test kernel_tracer escalation_routes_isolated_r2_to_the_contact_future -- --exact --nocapture --test-threads=1
12:33:28 START [cwd=C:\Users\stefa\look\loop\slots\0\wt] cargo test -p truck-certified --test kernel_tracer escalation_routes_isolated_r2_to_the_contact_future -- --exact --nocapture --test-threads=1
12:33:32 DONE exit=101 in 3s: cargo test -p truck-certified --test kernel_tracer escalation_routes_isolated_r2_to_the_contact_future -- --exact --nocapture --test-threads=1
12:33:36 START [cwd=C:\Users\stefa\look\loop\slots\0\wt] cargo test -p truck-certified --test kernel_tracer escalation_routes_isolated_r2_to_the_contact_future -- --exact --nocapture --test-threads=1
12:33:36 DONE exit=101 in 0s: cargo test -p truck-certified --test kernel_tracer escalation_routes_isolated_r2_to_the_contact_future -- --exact --nocapture --test-threads=1
12:33:39 START [cwd=C:\Users\stefa\look\loop\slots\0\wt] cargo test -p truck-certified --test kernel_tracer escalation_routes_isolated_r2_to_the_contact_future -- --exact --nocapture --test-threads=1
12:33:40 DONE exit=101 in 0s: cargo test -p truck-certified --test kernel_tracer escalation_routes_isolated_r2_to_the_contact_future -- --exact --nocapture --test-threads=1
12:33:57 START [cwd=C:\Users\stefa\look\loop\slots\0\wt] cargo test -p truck-certified --test kernel_tracer escalation_routes_isolated_r2_to_the_contact_future -- --exact --nocapture --test-threads=1
12:34:00 DONE exit=101 in 3s: cargo test -p truck-certified --test kernel_tracer escalation_routes_isolated_r2_to_the_contact_future -- --exact --nocapture --test-threads=1
12:34:04 START [cwd=C:\Users\stefa\look\loop\slots\0\wt] cargo test -p truck-certified --test kernel_tracer escalation_routes_isolated_r2_to_the_contact_future -- --exact --nocapture --test-threads=1
12:34:04 DONE exit=101 in 0s: cargo test -p truck-certified --test kernel_tracer escalation_routes_isolated_r2_to_the_contact_future -- --exact --nocapture --test-threads=1
12:34:07 START [cwd=C:\Users\stefa\look\loop\slots\0\wt] cargo test -p truck-certified --test kernel_tracer escalation_routes_isolated_r2_to_the_contact_future -- --exact --nocapture --test-threads=1
12:34:07 DONE exit=101 in 0s: cargo test -p truck-certified --test kernel_tracer escalation_routes_isolated_r2_to_the_contact_future -- --exact --nocapture --test-threads=1
12:34:12 START [cwd=C:\Users\stefa\AppData\Local\Temp\opencode\wt-ba2b7be] cargo test --test geometry_fingerprint tmp_diag_bracket_fidelity -- --nocapture
12:41:18 DONE exit=101 in 425s: cargo test --test geometry_fingerprint tmp_diag_bracket_fidelity -- --nocapture
12:41:18 START [cwd=C:\Users\stefa\look\loop\slots\0\wt] cargo test -p truck-certified --test kernel_tracer dtau_grows_on_success_and_halves_on_failure -- --exact --nocapture --test-threads=1
12:41:19 DONE exit=101 in 0s: cargo test -p truck-certified --test kernel_tracer dtau_grows_on_success_and_halves_on_failure -- --exact --nocapture --test-threads=1
12:41:23 START [cwd=C:\Users\stefa\look\loop\slots\0\wt] cargo test -p truck-certified --test kernel_tracer dtau_grows_on_success_and_halves_on_failure -- --exact --nocapture --test-threads=1
12:41:23 DONE exit=101 in 0s: cargo test -p truck-certified --test kernel_tracer dtau_grows_on_success_and_halves_on_failure -- --exact --nocapture --test-threads=1
12:41:40 START [cwd=C:\Users\stefa\AppData\Local\Temp\opencode\wt-fd65c24] cargo test --test geometry_fingerprint tmp_diag_bracket_fidelity -- --nocapture
12:49:20 DONE exit=101 in 460s: cargo test --test geometry_fingerprint tmp_diag_bracket_fidelity -- --nocapture
12:49:20 START [cwd=C:\Users\stefa\look\loop\slots\0\wt] cargo test -p truck-certified --test kernel_tracer dtau_grows_on_success_and_halves_on_failure -- --exact --nocapture --test-threads=1
12:49:23 DONE exit=101 in 3s: cargo test -p truck-certified --test kernel_tracer dtau_grows_on_success_and_halves_on_failure -- --exact --nocapture --test-threads=1
12:49:23 START [cwd=C:\Users\stefa\AppData\Local\Temp\opencode\wt-fd65c24] cargo test --test geometry_fingerprint tmp_diag_bracket_fidelity -- --nocapture
12:49:24 DONE exit=101 in 0s: cargo test --test geometry_fingerprint tmp_diag_bracket_fidelity -- --nocapture
12:49:35 START [cwd=C:\Users\stefa\AppData\Local\Temp\opencode\wt-2bf7025p] cargo test --test geometry_fingerprint tmp_diag_bracket_fidelity -- --nocapture
12:57:50 DONE exit=101 in 494s: cargo test --test geometry_fingerprint tmp_diag_bracket_fidelity -- --nocapture
12:57:50 START [cwd=C:\Users\stefa\look\loop\slots\0\wt] cargo test -p truck-certified --test kernel_tracer dtau_grows_on_success_and_halves_on_failure -- --exact --nocapture --test-threads=1
12:57:54 DONE exit=101 in 3s: cargo test -p truck-certified --test kernel_tracer dtau_grows_on_success_and_halves_on_failure -- --exact --nocapture --test-threads=1
12:57:59 START [cwd=C:\Users\stefa\AppData\Local\Temp\opencode\wt-2bf7025] cargo test --test geometry_fingerprint tmp_diag_bracket_fidelity -- --nocapture
13:06:15 DONE exit=101 in 496s: cargo test --test geometry_fingerprint tmp_diag_bracket_fidelity -- --nocapture
13:06:15 START [cwd=C:\Users\stefa\look\loop\slots\0\wt] cargo test -p truck-certified --test kernel_tracer dtau_grows_on_success_and_halves_on_failure -- --exact --nocapture --test-threads=1
13:06:19 DONE exit=101 in 4s: cargo test -p truck-certified --test kernel_tracer dtau_grows_on_success_and_halves_on_failure -- --exact --nocapture --test-threads=1
13:06:37 START [cwd=C:\Users\stefa\look\loop\slots\4\wt] cargo test --test geometry_fingerprint
13:15:48 DONE exit=0 in 551s: cargo test --test geometry_fingerprint
13:15:48 START [cwd=C:\Users\stefa\look\loop\slots\0\wt] cargo check -p truck-certified --lib
13:16:18 DONE exit=0 in 29s: cargo check -p truck-certified --lib
13:16:18 START [cwd=C:\Users\stefa\look\loop\slots\4\wt] cargo fmt --all -- --check
13:16:34 DONE exit=1 in 16s: cargo fmt --all -- --check
13:16:34 START [cwd=C:\Users\stefa\look\loop\slots\0\wt] cargo test -p truck-certified --test kernel_tracer --no-fail-fast
13:16:51 DONE exit=101 in 16s: cargo test -p truck-certified --test kernel_tracer --no-fail-fast
13:16:51 START [cwd=C:\Users\stefa\look\loop\slots\4\wt] cargo fmt --all -- --check
13:16:54 DONE exit=1 in 3s: cargo fmt --all -- --check
13:17:03 START [cwd=C:\Users\stefa\look\loop\slots\4\wt] cargo fmt --all -- --check
13:18:01 DONE exit=1 in 58s: cargo fmt --all -- --check
13:18:01 START [cwd=C:\Users\stefa\look\loop\slots\0\wt] cargo test -p truck-certified --test kernel_tracer escalation_routes_isolated_r2_to_the_contact_future -- --exact --nocapture --test-threads=1
13:18:43 DONE exit=0 in 42s: cargo test -p truck-certified --test kernel_tracer escalation_routes_isolated_r2_to_the_contact_future -- --exact --nocapture --test-threads=1
13:18:43 START [cwd=C:\Users\stefa\look\loop\slots\4\wt] cargo test --test geometry_fingerprint
13:21:01 DONE exit=0 in 137s: cargo test --test geometry_fingerprint
13:21:01 START [cwd=C:\Users\stefa\look\loop\slots\0\wt] cargo test -p truck-certified --test kernel_tracer high_order_singularity_refuses -- --exact --nocapture --test-threads=1
13:21:01 DONE exit=0 in 0s: cargo test -p truck-certified --test kernel_tracer high_order_singularity_refuses -- --exact --nocapture --test-threads=1
13:21:01 START [cwd=C:\Users\stefa\look\loop\slots\0\wt] cargo test -p truck-certified --test kernel_tracer escalation_routes_rank2_zero_set_to_tangential_refusal -- --exact --nocapture --test-threads=1
13:21:01 DONE exit=0 in 0s: cargo test -p truck-certified --test kernel_tracer escalation_routes_rank2_zero_set_to_tangential_refusal -- --exact --nocapture --test-threads=1
13:22:35 START [cwd=C:\Users\stefa\look\loop\slots\0\wt] cargo check -p truck-certified --lib
13:22:38 DONE exit=0 in 3s: cargo check -p truck-certified --lib
13:22:42 START [cwd=C:\Users\stefa\look\loop\slots\0\wt] cargo test -p truck-certified --test kernel_tracer --no-fail-fast
13:22:53 DONE exit=101 in 11s: cargo test -p truck-certified --test kernel_tracer --no-fail-fast
13:22:57 START [cwd=C:\Users\stefa\look\loop\slots\0\wt] cargo test -p truck-certified --test kernel_tracer dtau_grows_on_success_and_halves_on_failure -- --exact --nocapture --test-threads=1
13:22:58 DONE exit=101 in 0s: cargo test -p truck-certified --test kernel_tracer dtau_grows_on_success_and_halves_on_failure -- --exact --nocapture --test-threads=1
13:23:23 START [cwd=C:\Users\stefa\look\loop\slots\0\wt] cargo test -p truck-certified --test kernel_tracer --no-fail-fast
13:23:24 DONE exit=0 in 1s: cargo test -p truck-certified --test kernel_tracer --no-fail-fast
13:23:55 START [cwd=C:\Users\stefa\look\loop\slots\0\wt] cargo fmt --all
13:24:24 DONE exit=0 in 28s: cargo fmt --all
13:25:16 START [cwd=C:\Users\stefa\look\loop\slots\0\wt] cargo test -p truck-certified --test kernel_tracer --no-fail-fast
13:25:19 DONE exit=0 in 3s: cargo test -p truck-certified --test kernel_tracer --no-fail-fast
13:25:20 START [cwd=C:\Users\stefa\look\loop\slots\0\wt] cargo test -p truck-certified --test kernel_engine --no-fail-fast
13:25:22 DONE exit=0 in 1s: cargo test -p truck-certified --test kernel_engine --no-fail-fast
13:25:25 START [cwd=C:\Users\stefa\look\loop\slots\0\wt] cargo test -p truck-certified --lib --no-fail-fast
13:26:48 DONE exit=0 in 83s: cargo test -p truck-certified --lib --no-fail-fast
13:26:51 START [cwd=C:\Users\stefa\look\loop\slots\0\wt] cargo test -p truck-certified --no-fail-fast
13:27:35 DONE exit=0 in 44s: cargo test -p truck-certified --no-fail-fast
13:27:40 START [cwd=C:\Users\stefa\look\loop\slots\0\wt] cargo test -p truck-certified --no-fail-fast
13:27:53 DONE exit=0 in 13s: cargo test -p truck-certified --no-fail-fast
13:27:58 START [cwd=C:\Users\stefa\look\loop\slots\0\wt] cargo clippy -p truck-certified --lib
13:28:43 DONE exit=101 in 44s: cargo clippy -p truck-certified --lib
13:28:48 START [cwd=C:\Users\stefa\look\loop\slots\0\wt] cargo clippy -p truck-certified --lib --message-format short
13:29:22 DONE exit=101 in 33s: cargo clippy -p truck-certified --lib --message-format short
13:29:44 START [cwd=C:\Users\stefa\look\loop\slots\0\wt] cargo clippy -p truck-certified --lib --message-format short
13:30:19 DONE exit=101 in 34s: cargo clippy -p truck-certified --lib --message-format short
13:30:22 START [cwd=C:\Users\stefa\look\loop\slots\0\wt] cargo test -p truck-certified --test kernel_tracer --test kernel_engine --no-fail-fast
13:30:27 DONE exit=0 in 4s: cargo test -p truck-certified --test kernel_tracer --test kernel_engine --no-fail-fast
13:30:41 START [cwd=C:\Users\stefa\look\loop\slots\0\wt] cargo check --locked -p truck-certified --all-targets
13:31:18 DONE exit=0 in 36s: cargo check --locked -p truck-certified --all-targets
13:31:22 START [cwd=C:\Users\stefa\look\loop\slots\0\wt] cargo test --locked -p truck-certified --all-targets --no-fail-fast
13:32:00 DONE exit=0 in 38s: cargo test --locked -p truck-certified --all-targets --no-fail-fast
13:32:05 START [cwd=C:\Users\stefa\look\loop\slots\0\wt] cargo check --locked --workspace --all-targets
13:37:18 DONE exit=0 in 312s: cargo check --locked --workspace --all-targets
13:37:56 START [cwd=C:\Users\stefa\look\loop\slots\0\wt] cargo test -p truck-certified --test kernel_tracer --test kernel_engine --no-fail-fast
13:37:56 DONE exit=0 in 0s: cargo test -p truck-certified --test kernel_tracer --test kernel_engine --no-fail-fast
13:37:56 START [cwd=C:\Users\stefa\look\loop\slots\0\wt] cargo test -p truck-certified --lib
13:37:59 DONE exit=0 in 2s: cargo test -p truck-certified --lib
13:44:12 START [cwd=C:\Users\stefa\look\loop\slots\1\wt] cargo test -p showcases --test battery_waterslide concave_u_chute --locked
13:49:01 DONE exit=101 in 289s: cargo test -p showcases --test battery_waterslide concave_u_chute --locked
13:49:05 START [cwd=C:\Users\stefa\look\loop\slots\1\wt] cargo test -p showcases --test battery_waterslide concave_u_chute --locked
13:49:07 DONE exit=101 in 1s: cargo test -p showcases --test battery_waterslide concave_u_chute --locked
13:49:10 START [cwd=C:\Users\stefa\look\loop\slots\1\wt] cargo test -p truck-geometry --test constructive_spine_enum --locked
13:49:46 DONE exit=101 in 35s: cargo test -p truck-geometry --test constructive_spine_enum --locked
13:52:11 START [cwd=C:\Users\stefa\look\loop\slots\1\wt] cargo test -p truck-geometry --test constructive_spine_enum --locked
13:52:11 DONE exit=0 in 0s: cargo test -p truck-geometry --test constructive_spine_enum --locked
13:52:14 START [cwd=C:\Users\stefa\look\loop\slots\1\wt] cargo test -p showcases --test battery_waterslide concave_u_chute --locked
13:52:15 DONE exit=101 in 0s: cargo test -p showcases --test battery_waterslide concave_u_chute --locked
13:52:30 START [cwd=C:\Users\stefa\look\loop\slots\1\wt] cargo test -p showcases --test battery_waterslide concave_u_chute --locked
13:52:32 DONE exit=0 in 2s: cargo test -p showcases --test battery_waterslide concave_u_chute --locked
13:52:36 START [cwd=C:\Users\stefa\look\loop\slots\1\wt] cargo test -p showcases --test battery_waterslide --locked
13:54:05 DONE exit=101 in 88s: cargo test -p showcases --test battery_waterslide --locked
13:54:25 START [cwd=C:\Users\stefa\look\loop\slots\1\wt] cargo test -p showcases --test battery_waterslide frame_laws_enclose --locked
13:55:02 DONE exit=101 in 37s: cargo test -p showcases --test battery_waterslide frame_laws_enclose --locked
13:55:14 START [cwd=C:\Users\stefa\look\loop\slots\1\wt] cargo test -p truck-geometry --test constructive_spine_enum --locked
13:55:15 DONE exit=0 in 0s: cargo test -p truck-geometry --test constructive_spine_enum --locked
13:55:15 START [cwd=C:\Users\stefa\look\loop\slots\1\wt] cargo test -p showcases --test battery_waterslide concave_u_chute --locked
13:55:17 DONE exit=0 in 2s: cargo test -p showcases --test battery_waterslide concave_u_chute --locked
13:55:20 START [cwd=C:\Users\stefa\look\loop\slots\1\wt] cargo fmt --all -- --check
13:55:29 DONE exit=1 in 8s: cargo fmt --all -- --check
13:55:32 START [cwd=C:\Users\stefa\look\loop\slots\1\wt] cargo fmt --all
13:55:36 DONE exit=0 in 3s: cargo fmt --all
13:56:39 START [cwd=C:\Users\stefa\look\loop\slots\1\wt] cargo test -p showcases --test battery_waterslide concave_u_chute --locked
13:56:48 DONE exit=0 in 9s: cargo test -p showcases --test battery_waterslide concave_u_chute --locked
13:56:48 START [cwd=C:\Users\stefa\look\loop\slots\4\wt] cargo check -p truck-shapeops --lib
13:58:11 DONE exit=101 in 83s: cargo check -p truck-shapeops --lib
13:58:11 START [cwd=C:\Users\stefa\look\loop\slots\1\wt] cargo test -p truck-geometry --test constructive_spine_enum --locked
13:58:12 DONE exit=0 in 0s: cargo test -p truck-geometry --test constructive_spine_enum --locked
13:58:22 START [cwd=C:\Users\stefa\look\loop\slots\4\wt] cargo check -p truck-shapeops --lib
13:58:24 DONE exit=0 in 1s: cargo check -p truck-shapeops --lib
13:58:31 START [cwd=C:\Users\stefa\look\loop\slots\4\wt] cargo test -p truck-shapeops --lib boolean::ray_cert
14:01:03 DONE exit=101 in 152s: cargo test -p truck-shapeops --lib boolean::ray_cert
14:01:03 START [cwd=C:\Users\stefa\look\loop\slots\1\wt] cargo test -p showcases --test battery_waterslide concave_u_chute --locked
14:01:05 DONE exit=0 in 2s: cargo test -p showcases --test battery_waterslide concave_u_chute --locked
14:01:05 START [cwd=C:\Users\stefa\look\loop\slots\3\wt] cargo test -p truck-shapeops --test seedray_avoidance_probe --no-run --locked
14:06:42 DONE exit=0 in 336s: cargo test -p truck-shapeops --test seedray_avoidance_probe --no-run --locked
14:06:42 START [cwd=C:\Users\stefa\look\loop\slots\4\wt] cargo test -p truck-shapeops --lib boolean::ray_cert
14:06:49 DONE exit=101 in 7s: cargo test -p truck-shapeops --lib boolean::ray_cert
14:06:57 START [cwd=C:\Users\stefa\look\loop\slots\4\wt] cargo test -p truck-shapeops --lib boolean::ray_cert
14:09:40 DONE exit=101 in 162s: cargo test -p truck-shapeops --lib boolean::ray_cert
14:09:40 START [cwd=C:\Users\stefa\look\loop\slots\3\wt] cargo test -p truck-shapeops --test seedray_avoidance_probe --no-run --locked
14:09:42 DONE exit=0 in 1s: cargo test -p truck-shapeops --test seedray_avoidance_probe --no-run --locked
14:09:48 START [cwd=C:\Users\stefa\look\loop\slots\3\wt] cargo test -p truck-shapeops --test seedray_avoidance_probe -- --ignored --nocapture --test-threads=1
14:09:50 DONE exit=0 in 2s: cargo test -p truck-shapeops --test seedray_avoidance_probe -- --ignored --nocapture --test-threads=1
14:10:01 START [cwd=C:\Users\stefa\look\loop\slots\4\wt] cargo test -p truck-shapeops --lib boolean::ray_cert
14:10:07 DONE exit=0 in 6s: cargo test -p truck-shapeops --lib boolean::ray_cert
14:10:18 START [cwd=C:\Users\stefa\look\loop\slots\4\wt] cargo fmt -p truck-shapeops
14:10:19 DONE exit=0 in 0s: cargo fmt -p truck-shapeops
14:10:24 START [cwd=C:\Users\stefa\look\loop\slots\4\wt] cargo fmt -p truck-shapeops -- --check
14:10:24 DONE exit=0 in 0s: cargo fmt -p truck-shapeops -- --check
14:10:28 START [cwd=C:\Users\stefa\look\loop\slots\3\wt] cargo test -p truck-shapeops --test seedray_avoidance_probe probe_debug_circle -- --ignored --nocapture
14:10:29 DONE exit=0 in 1s: cargo test -p truck-shapeops --test seedray_avoidance_probe probe_debug_circle -- --ignored --nocapture
14:10:29 START [cwd=C:\Users\stefa\look\loop\slots\4\wt] cargo test -p truck-shapeops --lib
14:10:36 DONE exit=101 in 6s: cargo test -p truck-shapeops --lib
14:10:41 START [cwd=C:\Users\stefa\look\loop\slots\4\wt] cargo test -p truck-shapeops --lib healing::tests::step_import
14:10:41 DONE exit=101 in 0s: cargo test -p truck-shapeops --lib healing::tests::step_import
14:10:45 START [cwd=C:\Users\stefa\look\loop\slots\4\wt] cargo test -p truck-shapeops --lib healing::tests::step_import
14:10:45 DONE exit=101 in 0s: cargo test -p truck-shapeops --lib healing::tests::step_import
14:11:30 START [cwd=C:\Users\stefa\look\loop\slots\4\wt] cargo fmt --all -- --check
14:11:56 DONE exit=1 in 25s: cargo fmt --all -- --check
14:12:01 START [cwd=C:\Users\stefa\look\loop\slots\4\wt] cargo fmt --all -- --check
14:12:06 DONE exit=1 in 5s: cargo fmt --all -- --check
14:12:20 START [cwd=C:\Users\stefa\look\loop\slots\3\wt] cargo test -p truck-shapeops --test seedray_avoidance_probe probe_debug_circle -- --ignored --nocapture
14:12:22 DONE exit=0 in 2s: cargo test -p truck-shapeops --test seedray_avoidance_probe probe_debug_circle -- --ignored --nocapture
14:12:31 START [cwd=C:\Users\stefa\look\loop\slots\3\wt] cargo test -p truck-shapeops --test seedray_avoidance_probe -- --ignored --nocapture --test-threads=1
14:12:33 DONE exit=0 in 2s: cargo test -p truck-shapeops --test seedray_avoidance_probe -- --ignored --nocapture --test-threads=1
14:13:30 START [cwd=C:\Users\stefa\look\loop\slots\3\wt] cargo test -p truck-shapeops --test seedray_avoidance_probe -- --ignored --nocapture --test-threads=1
14:13:34 DONE exit=0 in 3s: cargo test -p truck-shapeops --test seedray_avoidance_probe -- --ignored --nocapture --test-threads=1
14:15:01 START [cwd=C:\Users\stefa\look\loop\slots\3\wt] cargo test -p truck-shapeops --test seedray_avoidance_probe probe_runtime_overhead -- --ignored --nocapture
14:15:01 DONE exit=0 in 0s: cargo test -p truck-shapeops --test seedray_avoidance_probe probe_runtime_overhead -- --ignored --nocapture
14:15:02 START [cwd=C:\Users\stefa\look\loop\slots\3\wt] cargo test -p truck-shapeops --test seedray_avoidance_probe probe_runtime_overhead -- --ignored --nocapture
14:15:02 DONE exit=0 in 0s: cargo test -p truck-shapeops --test seedray_avoidance_probe probe_runtime_overhead -- --ignored --nocapture
14:15:02 START [cwd=C:\Users\stefa\look\loop\slots\3\wt] cargo test -p truck-shapeops --test seedray_avoidance_probe probe_runtime_overhead -- --ignored --nocapture
14:15:03 DONE exit=0 in 0s: cargo test -p truck-shapeops --test seedray_avoidance_probe probe_runtime_overhead -- --ignored --nocapture
14:16:44 START [cwd=C:\Users\stefa\look\loop\slots\3\wt] cargo test -p truck-shapeops --test seedray_avoidance_probe -- --ignored --nocapture --test-threads=1
14:16:44 DONE exit=0 in 0s: cargo test -p truck-shapeops --test seedray_avoidance_probe -- --ignored --nocapture --test-threads=1
14:16:49 START [cwd=C:\Users\stefa\look\loop\slots\3\wt] cargo test -p truck-shapeops --test seedray_avoidance_probe probe_criterion_b_refuse_rate -- --ignored --nocapture
14:16:49 DONE exit=0 in 0s: cargo test -p truck-shapeops --test seedray_avoidance_probe probe_criterion_b_refuse_rate -- --ignored --nocapture
14:16:57 START [cwd=C:\Users\stefa\look\loop\slots\3\wt] cargo fmt --all -- --check
14:17:36 DONE exit=1 in 38s: cargo fmt --all -- --check
14:17:41 START [cwd=C:\Users\stefa\look\loop\slots\3\wt] cargo fmt --all -- --check
14:17:45 DONE exit=1 in 4s: cargo fmt --all -- --check
14:17:49 START [cwd=C:\Users\stefa\look\loop\slots\3\wt] cargo fmt --all -- --check
14:17:53 DONE exit=1 in 3s: cargo fmt --all -- --check
14:17:59 START [cwd=C:\Users\stefa\look\loop\slots\3\wt] cargo check --locked -p truck-shapeops --tests
14:19:03 DONE exit=0 in 64s: cargo check --locked -p truck-shapeops --tests
15:16:47 SERVER START port=8231 cargo=C:\Users\stefa\.cargo\bin\cargo.exe
16:28:30 START [cwd=C:\Users\stefa\look\loop\slots\0\wt] cargo test -p truck-meshalgo --test tessellation -- --list
16:32:06 DONE exit=0 in 215s: cargo test -p truck-meshalgo --test tessellation -- --list
16:32:11 START [cwd=C:\Users\stefa\look\loop\slots\0\wt] cargo test -p truck-meshalgo --test tessellation
16:32:13 DONE exit=101 in 1s: cargo test -p truck-meshalgo --test tessellation
16:37:47 START [cwd=C:\Users\stefa\look\loop\slots\0\wt] cargo test -p truck-meshalgo --lib seam_dump
16:38:03 DONE exit=101 in 15s: cargo test -p truck-meshalgo --lib seam_dump
16:38:10 START [cwd=C:\Users\stefa\look\loop\slots\0\wt] cargo test -p truck-meshalgo --lib seam_dump
16:38:15 DONE exit=101 in 4s: cargo test -p truck-meshalgo --lib seam_dump
16:38:18 START [cwd=C:\Users\stefa\look\loop\slots\0\wt] cargo test -p truck-meshalgo --lib seam_dump
16:38:22 DONE exit=101 in 4s: cargo test -p truck-meshalgo --lib seam_dump
16:38:40 START [cwd=C:\Users\stefa\look\loop\slots\0\wt] cargo test -p truck-meshalgo --lib seam_dump
16:39:36 DONE exit=0 in 56s: cargo test -p truck-meshalgo --lib seam_dump
16:39:39 START [cwd=C:\Users\stefa\look\loop\slots\0\wt] cargo test -p truck-meshalgo --lib seam_dump -- --nocapture
16:39:41 DONE exit=0 in 1s: cargo test -p truck-meshalgo --lib seam_dump -- --nocapture
16:39:49 START [cwd=C:\Users\stefa\look\loop\slots\0\wt] cargo test -p truck-meshalgo --lib seam_dump -- --nocapture --test-threads=1
16:39:51 DONE exit=0 in 1s: cargo test -p truck-meshalgo --lib seam_dump -- --nocapture --test-threads=1
16:41:59 START [cwd=C:\Users\stefa\look\loop\slots\0\wt] cargo test -p truck-meshalgo --lib seam_dump -- --nocapture --test-threads=1
16:42:18 DONE exit=0 in 19s: cargo test -p truck-meshalgo --lib seam_dump -- --nocapture --test-threads=1
16:42:53 START [cwd=C:\Users\stefa\look\loop\slots\0\wt] cargo test -p truck-meshalgo --lib seam_dump_special_cylinder -- --nocapture
16:43:00 DONE exit=0 in 7s: cargo test -p truck-meshalgo --lib seam_dump_special_cylinder -- --nocapture
16:44:42 START [cwd=C:\Users\stefa\look\loop\slots\0\wt] cargo test -p truck-meshalgo --lib seam_dump_special_cylinder -- --nocapture
16:44:50 DONE exit=0 in 7s: cargo test -p truck-meshalgo --lib seam_dump_special_cylinder -- --nocapture
16:45:25 START [cwd=C:\Users\stefa\look\loop\slots\0\wt] cargo test -p truck-meshalgo --lib seam_dump_special_cylinder -- --nocapture
16:45:29 DONE exit=0 in 4s: cargo test -p truck-meshalgo --lib seam_dump_special_cylinder -- --nocapture
16:46:34 START [cwd=C:\Users\stefa\look\loop\slots\0\wt] cargo test -p truck-meshalgo --lib seam_dump_special_cylinder -- --nocapture
16:46:38 DONE exit=0 in 4s: cargo test -p truck-meshalgo --lib seam_dump_special_cylinder -- --nocapture
16:47:15 START [cwd=C:\Users\stefa\look\loop\slots\0\wt] cargo test -p truck-meshalgo --lib seam_dump_special_cylinder -- --nocapture
16:47:17 DONE exit=101 in 1s: cargo test -p truck-meshalgo --lib seam_dump_special_cylinder -- --nocapture
16:47:25 START [cwd=C:\Users\stefa\look\loop\slots\0\wt] cargo test -p truck-meshalgo --lib seam_dump_special_cylinder -- --nocapture
16:47:29 DONE exit=0 in 3s: cargo test -p truck-meshalgo --lib seam_dump_special_cylinder -- --nocapture
16:49:23 START [cwd=C:\Users\stefa\look\loop\slots\0\wt] cargo test -p truck-meshalgo --lib seam_dump_special_cylinder -- --nocapture
16:49:27 DONE exit=0 in 4s: cargo test -p truck-meshalgo --lib seam_dump_special_cylinder -- --nocapture
16:50:29 START [cwd=C:\Users\stefa\look\loop\slots\0\wt] cargo test -p truck-meshalgo --lib seam_dump_json_fixtures -- --nocapture
16:50:36 DONE exit=0 in 7s: cargo test -p truck-meshalgo --lib seam_dump_json_fixtures -- --nocapture
16:50:36 START [cwd=C:\Users\stefa\look\loop\slots\1\wt] cargo --version
16:50:36 DONE exit=0 in 0s: cargo --version
16:50:41 START [cwd=C:\Users\stefa\look\loop\slots\1\wt] cargo --version
16:50:41 DONE exit=0 in 0s: cargo --version
16:50:48 START [cwd=C:\Users\stefa\look\loop\slots\1\wt] cargo fmt --check -p truck123d
16:50:49 DONE exit=1 in 0s: cargo fmt --check -p truck123d
16:50:54 START [cwd=C:\Users\stefa\look\loop\slots\1\wt] cargo fmt -p truck123d
16:50:55 DONE exit=0 in 0s: cargo fmt -p truck123d
16:50:58 START [cwd=C:\Users\stefa\look\loop\slots\1\wt] cargo fmt --check -p truck123d
16:50:58 DONE exit=0 in 0s: cargo fmt --check -p truck123d
16:51:02 START [cwd=C:\Users\stefa\look\loop\slots\1\wt] cargo clippy -p truck123d -p truck-evidence --all-targets -- -D warnings
16:51:49 DONE exit=101 in 47s: cargo clippy -p truck123d -p truck-evidence --all-targets -- -D warnings
16:51:57 START [cwd=C:\Users\stefa\look\loop\slots\1\wt] cargo clippy -p truck123d --all-targets -- -D warnings
16:52:07 DONE exit=0 in 9s: cargo clippy -p truck123d --all-targets -- -D warnings
16:52:07 START [cwd=C:\Users\stefa\look\loop\slots\0\wt] cargo test -p truck-meshalgo --lib seam_dump_json_fixtures -- --nocapture
16:52:12 DONE exit=0 in 5s: cargo test -p truck-meshalgo --lib seam_dump_json_fixtures -- --nocapture
16:52:12 START [cwd=C:\Users\stefa\look\loop\slots\1\wt] cargo test -p truck123d
17:09:50 DONE exit=4294967295 in 1058s: cargo test -p truck123d
17:09:50 START [cwd=C:\Users\stefa\look\loop\slots\0\wt] cargo test -p truck-meshalgo --lib seam_dump_special_cylinder -- --nocapture --test-threads=1
17:09:51 DONE exit=0 in 0s: cargo test -p truck-meshalgo --lib seam_dump_special_cylinder -- --nocapture --test-threads=1
17:11:34 START [cwd=C:\Users\stefa\look\loop\slots\0\wt] cargo test -p truck-meshalgo --lib seam_dump_special_cylinder -- --nocapture --test-threads=1
17:11:41 DONE exit=0 in 7s: cargo test -p truck-meshalgo --lib seam_dump_special_cylinder -- --nocapture --test-threads=1
17:11:54 START [cwd=C:\Users\stefa\look\loop\slots\1\wt] cargo test -p truck123d
18:41:54 TIMEOUT after 5400s: cargo test -p truck123d
18:41:54 START [cwd=C:\Users\stefa\look\loop\slots\1\wt] cargo test -p truck123d --test pb_parity swept_carrier_booleans_route_to_certified_entry
18:42:16 DONE exit=0 in 22s: cargo test -p truck123d --test pb_parity swept_carrier_booleans_route_to_certified_entry
18:57:21 START [cwd=C:\Users\stefa\look\loop\slots\1\wt] cargo fmt -p truck123d
18:57:26 DONE exit=0 in 5s: cargo fmt -p truck123d
19:01:52 START [cwd=C:\Users\stefa\look\loop\slots\1\wt] cargo fmt --check -p truck123d
19:01:53 DONE exit=0 in 0s: cargo fmt --check -p truck123d
19:01:58 START [cwd=C:\Users\stefa\look\loop\slots\1\wt] cargo check -p truck123d --tests --locked
19:02:17 DONE exit=0 in 18s: cargo check -p truck123d --tests --locked
19:02:23 START [cwd=C:\Users\stefa\look\loop\slots\1\wt] cargo clippy -p truck123d -p truck-evidence --all-targets --locked -- -D warnings
19:02:30 DONE exit=101 in 7s: cargo clippy -p truck123d -p truck-evidence --all-targets --locked -- -D warnings
19:02:40 START [cwd=C:\Users\stefa\look\loop\slots\1\wt] cargo clippy -p truck123d --all-targets --locked -- -D warnings
19:02:42 DONE exit=101 in 1s: cargo clippy -p truck123d --all-targets --locked -- -D warnings
19:02:52 START [cwd=C:\Users\stefa\look\loop\slots\1\wt] cargo clippy -p truck123d --all-targets --locked -- -D warnings
19:02:53 DONE exit=0 in 0s: cargo clippy -p truck123d --all-targets --locked -- -D warnings
19:04:48 START [cwd=C:\Users\stefa\look\loop\slots\1\wt] cargo test -p truck123d --test pb_parity --locked
19:06:38 DONE exit=101 in 110s: cargo test -p truck123d --test pb_parity --locked
19:07:19 START [cwd=C:\Users\stefa\look\loop\slots\1\wt] cargo test -p truck123d --test pb_parity monocoque_row_lifts_green --locked -- --exact --nocapture
19:09:56 SERVER START port=8231 cargo=C:\Users\stefa\.cargo\bin\cargo.exe
19:11:19 DONE exit=101 in 240s: cargo test -p truck123d --test pb_parity monocoque_row_lifts_green --locked -- --exact --nocapture
19:17:56 START [cwd=C:\Users\stefa\look\loop\slots\1\wt] cargo test -p truck123d --test pb_parity monocoque_row_lifts_green --locked -- --exact
19:23:35 DONE exit=0 in 339s: cargo test -p truck123d --test pb_parity monocoque_row_lifts_green --locked -- --exact
19:23:52 START [cwd=C:\Users\stefa\look\loop\slots\1\wt] cargo test -p truck123d --test pb_parity --locked -- --test-threads=1
19:36:14 DONE exit=0 in 741s: cargo test -p truck123d --test pb_parity --locked -- --test-threads=1
19:37:00 START [cwd=C:\Users\stefa\look\loop\slots\1\wt] cargo fmt --check -p truck123d
19:37:01 DONE exit=0 in 1s: cargo fmt --check -p truck123d
19:37:01 START [cwd=C:\Users\stefa\look\loop\slots\0\wt] cargo check -p truck123d
19:37:34 DONE exit=101 in 32s: cargo check -p truck123d
19:37:38 START [cwd=C:\Users\stefa\look\loop\slots\0\wt] cargo check -p truck123d
19:37:40 DONE exit=101 in 1s: cargo check -p truck123d
19:37:43 START [cwd=C:\Users\stefa\look\loop\slots\0\wt] cargo check -p truck123d
19:37:44 DONE exit=101 in 1s: cargo check -p truck123d
19:38:07 START [cwd=C:\Users\stefa\look\loop\slots\1\wt] cargo test -p truck123d --locked
20:18:07 TIMEOUT after 2400s: cargo test -p truck123d --locked
20:18:07 START [cwd=C:\Users\stefa\look\loop\slots\0\wt] cargo check -p truck123d
20:18:12 DONE exit=0 in 5s: cargo check -p truck123d
20:18:12 START [cwd=C:\Users\stefa\look\loop\slots\0\wt] cargo check -p truck123d
20:18:12 DONE exit=0 in 0s: cargo check -p truck123d
20:18:12 START [cwd=C:\Users\stefa\look\loop\slots\0\wt] cargo check -p truck123d
20:18:12 DONE exit=0 in 0s: cargo check -p truck123d
20:18:53 START [cwd=C:\Users\stefa\look\loop\slots\1\wt] cargo test -p truck123d --locked
20:20:34 DONE exit=3221225781 in 100s: cargo test -p truck123d --locked
20:20:45 START [cwd=C:\Users\stefa\look\loop\slots\1\wt] cargo test -p truck123d --lib --locked
20:20:48 DONE exit=3221225781 in 3s: cargo test -p truck123d --lib --locked
20:20:49 START [cwd=C:\Users\stefa\look\loop\slots\0\wt] cargo test -p truck123d --lib bd_bridge
20:21:53 DONE exit=3221225781 in 64s: cargo test -p truck123d --lib bd_bridge
20:21:53 START [cwd=C:\Users\stefa\look\loop\slots\1\wt] cargo test -p truck123d --lib --locked
20:21:54 DONE exit=3221225781 in 1s: cargo test -p truck123d --lib --locked
20:22:32 START [cwd=C:\Users\stefa\look\loop\slots\0\wt] cargo test -p truck123d --lib bd_bridge
20:22:35 DONE exit=3221225781 in 2s: cargo test -p truck123d --lib bd_bridge
20:22:58 START [cwd=C:\Users\stefa\look\loop\slots\1\wt] cargo test -p truck123d --lib --locked
20:22:59 DONE exit=3221225781 in 1s: cargo test -p truck123d --lib --locked
20:23:58 START [cwd=C:\Users\stefa\look\loop\slots\1\wt] cargo test -p truck123d --lib --locked
20:24:00 DONE exit=3221225781 in 1s: cargo test -p truck123d --lib --locked
